"Id","OwnerId","IsDeleted","Name","CreatedDate","CreatedById","LastModifiedDate","LastModifiedById","SystemModstamp","LastActivityDate","When__c","Doctor_Visit_Date__c","Doctor__c","Medicine__c"
"a0X0H00000iNRMXUA4","005i0000001YLcMAAW","0","Oct 2016","2017-06-17 23:27:30","005i0000001YLcMAAW","2017-08-03 03:30:55","005i0000001YLcMAAW","2017-08-04 10:32:19","","2016-10-10 00:00:00","2016-10-14 00:00:00","Julie hawkins",""
"a0X0H00000iNa8qUAC","005i0000001YLcMAAW","0","Rhinitis","2017-08-03 03:28:58","005i0000001YLcMAAW","2017-08-03 03:28:58","005i0000001YLcMAAW","2017-08-04 10:32:19","","2017-08-01 00:00:00","2017-08-02 00:00:00","Julie Hawkins","Allergy shot. No prescription.  $130 - Have to contact insurance."
"a0X0H00000l2Ur4UAE","005i0000001YLcMAAW","0","Mild allergies in October 2017","2017-10-12 14:54:42","005i0000001YLcMAAW","2017-10-12 14:54:42","005i0000001YLcMAAW","2017-10-13 10:32:29","","2017-10-12 00:00:00","","","Having mild allergies, even though, took a shot in August. That is just two months ago."
"a0Xi000000kNA8yEAG","005i0000001YLcMAAW","0","Seasonal - April 2017","2017-05-02 16:40:33","005i0000001YLcMAAW","2017-05-15 01:54:54","005i0000001YLcMAAW","2017-08-04 10:32:19","","2017-04-28 00:00:00","2017-04-29 00:00:00","Village Medical Spring Creek","AMOX-CLAV 875-125 MG TABLET (20) units / quantity  Prednisone"
