"Id","OwnerId","IsDeleted","Name","CreatedDate","CreatedById","LastModifiedDate","LastModifiedById","SystemModstamp","Year__c","Author__c","Notes__c","Description__c","Read__c"
"a0O0H00000b0l7pUAA","005i0000001YLcMAAW","0","Narrative of the life of Frederick Douglass","2017-09-27 01:57:34","005i0000001YLcMAAW","2017-09-27 01:58:21","005i0000001YLcMAAW","2017-09-28 10:32:39","1845","Frederick Douglass","Script adaptation worthy. American slave.","Published in 1845. Read in September 2017.","1"
"a0O0H00000b0nuYUAQ","005i0000001YLcMAAW","0","How to Fail at Almost Everything and Still Win Big","2017-10-10 01:10:05","005i0000001YLcMAAW","2017-10-10 01:10:05","005i0000001YLcMAAW","2017-10-11 10:32:46","2013","Scott Adams","Reading in Sept/Oct 2017","","0"
"a0O0H00000gZXu5UAG","005i0000001YLcMAAW","0","The 5 Love Languages : The secret to love that lasts.","2018-02-26 16:27:47","005i0000001YLcMAAW","2018-02-26 16:27:47","005i0000001YLcMAAW","2018-02-27 11:32:39","2014","Gary Chapman","Read in 2017 during turbulent times!","","1"
"a0O0H00000gZXuFUAW","005i0000001YLcMAAW","0","Born a Crime: Stories from a South African Childhood","2018-02-26 16:29:46","005i0000001YLcMAAW","2018-02-26 16:36:26","005i0000001YLcMAAW","2018-02-27 11:32:39","2016","Trevor Noah","Read in January 2018! Simply amazing! Felt like you've lived in South Africa.","Publication Date: November 15, 2016","1"
"a0O0H00000gZXuPUAW","005i0000001YLcMAAW","0","10% Happier: How I Tamed the Voice in My Head, Reduced Stress Without Losing My","2018-02-26 16:32:52","005i0000001YLcMAAW","2018-02-26 16:32:52","005i0000001YLcMAAW","2018-02-27 11:32:39","2014","Dan Harris","Read in January 2018! Dan Harris taught me to meditate.","Publication Date: March 11, 2014","1"
"a0Oi000000U6SP3EAN","005i0000001YLcMAAW","0","A Time to Kill: A Novel (Jake Brigance Book 1)","2016-09-07 16:30:19","005i0000001YLcMAAW","2016-09-07 16:33:06","005i0000001YLcMAAW","2016-09-09 01:27:29","1989","John Grisham","","","1"
"a0Oi000000U6SP4EAN","005i0000001YLcMAAW","0","Sycamore Row: A Novel (Jake Brigance Book 2)","2016-09-07 16:30:19","005i0000001YLcMAAW","2016-09-07 16:33:16","005i0000001YLcMAAW","2016-09-09 01:27:29","2013","John Grisham","","","1"
"a0Oi000000U6SP5EAN","005i0000001YLcMAAW","0","Rogue Lawyer","2016-09-07 16:30:19","005i0000001YLcMAAW","2016-09-13 00:42:51","005i0000001YLcMAAW","2016-09-15 05:48:25","2015","John Grisham","","","1"
"a0Oi000000U6SP6EAN","005i0000001YLcMAAW","0","I Know Why the Caged Bird Sings","2016-09-07 16:30:19","005i0000001YLcMAAW","2016-09-07 16:32:38","005i0000001YLcMAAW","2016-09-09 01:27:29","1969","Maya Angelou","","","1"
"a0Oi000000U6SP7EAN","005i0000001YLcMAAW","0","The Catcher in the Rye","2016-09-07 16:30:19","005i0000001YLcMAAW","2016-09-07 16:32:32","005i0000001YLcMAAW","2016-09-09 01:27:29","1951","J. D. Salinger","","","1"
"a0Oi000000U6SP8EAN","005i0000001YLcMAAW","0","The Shining","2016-09-07 16:30:19","005i0000001YLcMAAW","2016-09-07 16:32:48","005i0000001YLcMAAW","2016-09-09 01:27:29","1977","Stephen King","","","1"
"a0Oi000000U6SP9EAN","005i0000001YLcMAAW","0","The Liar","2016-09-07 16:30:19","005i0000001YLcMAAW","2016-09-07 16:33:26","005i0000001YLcMAAW","2016-09-09 01:27:29","2015","Nora Roberts","","","1"
"a0Oi000000U6SPAEA3","005i0000001YLcMAAW","0","Total Recall","2016-09-07 16:30:19","005i0000001YLcMAAW","2016-11-03 20:43:16","005i0000001YLcMAAW","2016-11-05 14:10:59","2012","Arnold Schwarzenegger","Read in 2016","","1"
"a0Oi000000U6Z0nEAF","005i0000001YLcMAAW","0","Mr. Mercedes","2016-09-13 00:43:17","005i0000001YLcMAAW","2016-11-02 14:55:22","005i0000001YLcMAAW","2016-11-04 07:43:59","2014","Stephen King","","Read in September/October 2016","1"
"a0Oi000000U6a3AEAR","005i0000001YLcMAAW","0","The Adventures of Huckleberry Finn","2016-09-13 21:42:06","005i0000001YLcMAAW","2016-09-14 13:51:09","005i0000001YLcMAAW","2016-09-16 01:16:29","1884","Mark Twain","","","0"
"a0Oi000000YFNhjEAH","005i0000001YLcMAAW","0","Is Everyone Hanging Out Without Me?","2016-09-27 16:39:00","005i0000001YLcMAAW","2016-11-02 14:56:47","005i0000001YLcMAAW","2016-11-04 07:43:59","2011","Mindy Kaling","Read in 2014","","1"
"a0Oi000000YFNiSEAX","005i0000001YLcMAAW","0","Why not me?","2016-09-27 16:47:40","005i0000001YLcMAAW","2016-11-02 14:57:20","005i0000001YLcMAAW","2016-11-04 07:43:59","2015","Mindy Kaling","Read in 2015.","","1"
"a0Oi000000YFWdCEAX","005i0000001YLcMAAW","0","In Cold Blood","2016-10-04 00:36:57","005i0000001YLcMAAW","2016-10-04 00:36:57","005i0000001YLcMAAW","2016-10-06 01:37:21","1960","Truman Capote","","","1"
"a0Oi000000YFzWWEA1","005i0000001YLcMAAW","0","Hillbilly Eligy: A Memoir of a Family","2016-10-22 21:22:22","005i0000001YLcMAAW","2016-11-02 14:54:47","005i0000001YLcMAAW","2016-11-04 07:43:59","2016","J. D. Vance","","","1"
"a0Oi000000YFzWlEAL","005i0000001YLcMAAW","0","Revival","2016-10-22 21:26:32","005i0000001YLcMAAW","2016-12-05 15:53:13","005i0000001YLcMAAW","2016-12-07 01:27:10","2015","Stephen King","Read in September 2016.","A dark and electrifying novel about addiction, fanaticism, and what might exist on the other side of life.","1"
"a0Oi000000YGDjgEAH","005i0000001YLcMAAW","0","Fifty Shades of Grey","2016-11-02 14:54:24","005i0000001YLcMAAW","2016-11-02 14:54:24","005i0000001YLcMAAW","2016-11-04 07:43:59","2011","E L James","","Read in 2015","1"
"a0Oi000000YGFvnEAH","005i0000001YLcMAAW","0","The Alchemist","2016-11-03 20:41:28","005i0000001YLcMAAW","2016-11-03 20:42:10","005i0000001YLcMAAW","2016-11-05 14:10:59","1988","Paulo Coelho","Read in maybe 2014. Genres: Quest, Adventure fiction, Fantasy literature","","1"
"a0Oi000000YGfYbEAL","005i0000001YLcMAAW","0","11/22/63","2016-11-30 03:27:17","005i0000001YLcMAAW","2016-11-30 03:27:17","005i0000001YLcMAAW","2016-12-07 01:27:10","","Stephen King","","","0"
"a0Oi000000YGfYgEAL","005i0000001YLcMAAW","0","City baker's guide to country living","2016-11-30 03:27:59","005i0000001YLcMAAW","2016-12-05 15:53:05","005i0000001YLcMAAW","2016-12-07 01:27:10","2016","Louise Miller","Reading in December 2016","A full-hearted novel about a big-city baker who discovers the true meaning of home?and that sometimes the best things are found when you didn?t even know you were looking.","0"
"a0Oi000000YGjQuEAL","005i0000001YLcMAAW","0","The Kite Runner","2016-12-05 15:42:37","005i0000001YLcMAAW","2017-02-01 03:38:28","005i0000001YLcMAAW","2017-02-03 02:39:56","2003","Khaled Hosseini","Started reading in December 2016. Finished in Dec16, I guess. Amazing story. Cant believe it was author's first.","it tells the story of Amir, a young boy from the Wazir Akbar Khan district of Kabul, whose closest friend is Hassan, his father's young Hazara servant. The story is set against a backdrop of tumultuous events, from the fall of Afghanistan's monarchy through the Soviet military intervention, the exodus of refugees to Pakistan and the United States, and the rise of the Taliban regime.","1"
"a0Oi000000al7SMEAY","005i0000001YLcMAAW","0","Finders Keepers","2017-01-24 04:17:16","005i0000001YLcMAAW","2017-02-01 03:36:57","005i0000001YLcMAAW","2017-02-03 02:39:56","2015","Stephen King","Read in January 2017. Thought it would be similar to first book. But, different and nice. Morris character was good.","Hodges triology 2","1"
"a0Oi000000alPprEAE","005i0000001YLcMAAW","0","Size matters","2017-02-13 02:26:46","005i0000001YLcMAAW","2017-03-20 21:28:39","005i0000001YLcMAAW","2017-03-22 07:04:25","2016","","Reading in January/February 2017. Finished in March2017. Pretty good romcom concept. Should be adapted as a movie.","","1"
