"Id","OwnerId","IsDeleted","Name","CreatedDate","CreatedById","LastModifiedDate","LastModifiedById","SystemModstamp","Email__c","Mobile_Phone__c","Phone__c","Picture__c","Title__c"
"a0Pi000000gG6LwEAK","005i0000001YLcMAAW","0","Caroline Kingsley","2016-09-28 20:42:42","005i0000001YLcMAAW","2016-09-28 20:42:42","005i0000001YLcMAAW","2016-09-28 20:42:42","caroline@dreamhouse.demo","617-244-3672","617-244-3672","https://s3-us-west-1.amazonaws.com/sfdc-demo/people/caroline_kingsley.jpg","Senior Broker"
"a0Pi000000gG6LxEAK","005i0000001YLcMAAW","0","Michael Jones","2016-09-28 20:42:43","005i0000001YLcMAAW","2016-09-28 20:42:43","005i0000001YLcMAAW","2016-09-28 20:42:43","michael@dreamhouse.demo","617-244-3672","617-244-3672","https://s3-us-west-1.amazonaws.com/sfdc-demo/people/michael_jones.jpg","Senior Broker"
"a0Pi000000gG6LyEAK","005i0000001YLcMAAW","0","Jonathan Bradley","2016-09-28 20:42:43","005i0000001YLcMAAW","2016-09-28 20:42:43","005i0000001YLcMAAW","2016-09-28 20:42:43","jonathan@dreamhouse.demo","617-244-3672","617-244-3672","https://s3-us-west-1.amazonaws.com/sfdc-demo/people/jonathan_bradley.jpg","Senior Broker"
"a0Pi000000gG6LzEAK","005i0000001YLcMAAW","0","Jennifer Wu","2016-09-28 20:42:43","005i0000001YLcMAAW","2016-09-28 20:42:43","005i0000001YLcMAAW","2016-09-28 20:42:43","jen@dreamhouse.demo","617-244-3672","617-244-3672","https://s3-us-west-1.amazonaws.com/sfdc-demo/people/jennifer_wu.jpg","Senior Broker"
"a0Pi000000gG6M0EAK","005i0000001YLcMAAW","0","Olivia Green","2016-09-28 20:42:43","005i0000001YLcMAAW","2016-09-28 20:42:43","005i0000001YLcMAAW","2016-09-28 20:42:43","olivia@dreamhouse.demo","617-244-3672","617-244-3672","https://s3-us-west-1.amazonaws.com/sfdc-demo/people/olivia_green.jpg","Senior Broker"
"a0Pi000000gG6M1EAK","005i0000001YLcMAAW","0","Miriam Aupont","2016-09-28 20:42:43","005i0000001YLcMAAW","2016-09-28 20:42:43","005i0000001YLcMAAW","2016-09-28 20:42:43","miriam@dreamhouse.demo","617-244-3672","617-244-3672","https://s3-us-west-1.amazonaws.com/sfdc-demo/people/miriam_aupont.jpg","Senior Broker"
"a0Pi000000gG6M2EAK","005i0000001YLcMAAW","0","Michelle Lambert","2016-09-28 20:42:43","005i0000001YLcMAAW","2016-09-28 20:42:43","005i0000001YLcMAAW","2016-09-28 20:42:43","michelle@dreamhouse.demo","617-244-3672","617-244-3672","https://s3-us-west-1.amazonaws.com/sfdc-demo/people/michelle_lambert.jpg","Senior Broker"
"a0Pi000000gG6M3EAK","005i0000001YLcMAAW","0","Victor Ochoa","2016-09-28 20:42:43","005i0000001YLcMAAW","2016-09-28 20:42:43","005i0000001YLcMAAW","2016-09-28 20:42:43","victor@dreamhouse.demo","617-244-3672","617-244-3672","https://s3-us-west-1.amazonaws.com/sfdc-demo/people/victor_ochoa.jpg","Senior Broker"
