"Id","IsDeleted","Name","ParentId","Type","Status","StartDate","EndDate","ExpectedRevenue","BudgetedCost","ActualCost","ExpectedResponse","NumberSent","IsActive","Description","CampaignImageId","NumberOfLeads","NumberOfConvertedLeads","NumberOfContacts","NumberOfResponses","NumberOfOpportunities","NumberOfWonOpportunities","AmountAllOpportunities","AmountWonOpportunities","HierarchyNumberOfLeads","HierarchyNumberOfConvertedLeads","HierarchyNumberOfContacts","HierarchyNumberOfResponses","HierarchyNumberOfOpportunities","HierarchyNumberOfWonOpportunities","HierarchyAmountAllOpportunities","HierarchyAmountWonOpportunities","HierarchyNumberSent","HierarchyExpectedRevenue","HierarchyBudgetedCost","HierarchyActualCost","OwnerId","CreatedDate","CreatedById","LastModifiedDate","LastModifiedById","SystemModstamp","LastActivityDate","CampaignMemberRecordTypeId"
"701i0000000cJb0AAE","0","GC Product Webinar - Jan 7, 2002","","Webinar","Completed","2007-04-13 00:00:00","2007-04-13 00:00:00","3000000","10000","11400","10","5000","1","","","0","0","0","0","0","0","0","0","0","0","0","0","0","0","0","0","5000","3000000","10000","11400","005i0000001YLcMAAW","2013-10-30 14:31:12","005i0000001YLcMAAW","2013-10-30 14:31:12","005i0000001YLcMAAW","2013-10-30 14:31:12","",""
"701i0000000cJb1AAE","0","User Conference - Jun 17-19, 2002","","Conference","Planned","2007-09-21 00:00:00","2007-09-23 00:00:00","5500000","100000","","15","40000","1","","","0","0","0","0","0","0","0","0","0","0","0","0","0","0","0","0","40000","5500000","100000","","005i0000001YLcMAAW","2013-10-30 14:31:12","005i0000001YLcMAAW","2013-10-30 14:31:12","005i0000001YLcMAAW","2013-10-30 14:31:12","",""
"701i0000000cJb2AAE","0","DM Campaign to Top Customers - Nov 12-23, 2001","","Direct Mail","Completed","2007-02-16 00:00:00","2007-02-27 00:00:00","2500000","25000","23500","7","15000","1","","","0","0","0","0","0","0","0","0","0","0","0","0","0","0","0","0","15000","2500000","25000","23500","005i0000001YLcMAAW","2013-10-30 14:31:12","005i0000001YLcMAAW","2013-10-30 14:31:12","005i0000001YLcMAAW","2013-10-30 14:31:12","",""
"701i0000000cJb3AAE","0","International Electrical Engineers Association Trade Show - Mar 4-5, 2002","","Trade Show","Planned","2007-06-08 00:00:00","2007-06-09 00:00:00","8500000","50000","","0","0","1","","","0","0","0","0","0","0","0","0","0","0","0","0","0","0","0","0","0","8500000","50000","","005i0000001YLcMAAW","2013-10-30 14:31:12","005i0000001YLcMAAW","2013-10-30 14:31:12","005i0000001YLcMAAW","2013-10-30 14:31:12","",""
"701i00000011AnIAAU","0","Z N D U Balm","000000000000000AAA","Conference","Planned","2017-05-09 00:00:00","2019-05-16 00:00:00","1000","900","999","1","0","1","Pidahaari balm.","","0","0","0","0","1","0","10000","0","0","0","0","0","1","0","10000","0","0","1000","900","999","005i0000001YLcMAAW","2017-05-17 03:50:06","005i0000001YLcMAAW","2017-05-17 03:50:48","005i0000001YLcMAAW","2017-05-20 05:19:10","",""
