"Id","OwnerId","IsDeleted","Name","CreatedDate","CreatedById","LastModifiedDate","LastModifiedById","SystemModstamp","LastActivityDate","First_Name__c","Last_Name__c","Phone__c","Email__c","Street__c","City__c","State_Province__c","Zip__c","Country__c","Current_Employer__c","Year_of_Experience__c","SSN__c","Education__c","Currently_Employed__c","US_Citizen__c","Visa_Required__c","Mobile__c","Fax__c"
"a02i000000eie9eAAA","005i0000001YLcMAAW","0","C-00002","2015-11-30 20:12:25","005i0000001YLcMAAW","2015-11-30 20:12:25","005i0000001YLcMAAW","2015-11-30 20:12:25","","Ethan","Hunt","(214) 585-7889","ehunt@mi.com","","","","","","","","11111111","","1","1","0","",""
"a02i000000eifK3AAI","005i0000001YLcMAAW","0","C-00003","2015-11-30 22:08:28","005i0000001YLcMAAW","2015-11-30 22:08:28","005i0000001YLcMAAW","2015-11-30 22:08:29","","Alonzo","Harris","","aharris@lapd.com","5015 Pico Blvd","Los Angeles","CA","","","","","","","1","1","0","",""
"a02i000000eifKLAAY","005i0000001YLcMAAW","0","C-00004","2015-11-30 22:09:01","005i0000001YLcMAAW","2015-11-30 22:09:01","005i0000001YLcMAAW","2015-11-30 22:09:01","","Jack","Torrance","","jack@marine.com","","Philadelphia","PA","","","","","","","1","1","0","",""
"a02i000000eifKpAAI","005i0000001YLcMAAW","0","C-00005","2015-11-30 22:09:40","005i0000001YLcMAAW","2015-11-30 22:09:40","005i0000001YLcMAAW","2015-11-30 22:09:40","","Nick","Hornett","","hornett@highfidelity.com","","Pittsburgh","PA","","","","","","","1","1","0","",""
"a02i000000elyIlAAI","005i0000001YLcMAAW","0","C-00006","2015-12-22 19:55:16","005i0000001YLcMAAW","2015-12-22 19:55:16","005i0000001YLcMAAW","2015-12-22 19:55:16","","Paul","Revere","(510) 333-3333","paul@revere.com","111 Montclair St","Boston","MA","21111","USA","City of Boston","6.0","123456789","HS Diploma","1","0","1","(510) 555-5555","(510) 555-5555"
"a02i000000elyImAAI","005i0000001YLcMAAW","0","C-00007","2015-12-22 19:55:16","005i0000001YLcMAAW","2015-12-22 19:55:16","005i0000001YLcMAAW","2015-12-22 19:55:16","","George","Schnell","(619) 555-5555","george@schnell.com","1 Herald Plaza","Miami","FL","33132-1693","USA","Seaworld","3.0","987654321","Ph.D.","1","0","1","(510) 555-5555","(510) 555-5555"
"a02i000000elyInAAI","005i0000001YLcMAAW","0","C-00008","2015-12-22 19:55:16","005i0000001YLcMAAW","2015-12-22 19:55:16","005i0000001YLcMAAW","2015-12-22 19:55:16","","Mary","Jane","(510) 333-3333","mary@jane.com","1530 Main St.","Boise","Idaho","11111","USA","City of Boise","3.0","111222333","BA/BS","1","0","1","(510) 555-5555","(510) 555-5555"
"a02i000000elyIoAAI","005i0000001YLcMAAW","0","C-00009","2015-12-22 19:55:16","005i0000001YLcMAAW","2015-12-22 19:55:16","005i0000001YLcMAAW","2015-12-22 19:55:16","","Bill","George","(510) 333-3333","bill@george.com","235 Montgomery St","Princeton","NJ","11111","USA","Princeton University","4.0","444555666","HS Diploma","0","0","1","(510) 555-5555","(510) 555-5555"
"a02i000000elyIpAAI","005i0000001YLcMAAW","0","C-00010","2015-12-22 19:55:16","005i0000001YLcMAAW","2015-12-22 19:55:16","005i0000001YLcMAAW","2015-12-22 19:55:16","","Amy","Johnson","(619) 555-5555","amy@johnson.com","4450 Main St.","Chula Vista","CA","91911","USA","Seaworld","3.0","777888999","BA/BS","1","1","0","(510) 555-5555","(510) 555-5555"
"a02i000000elyIqAAI","005i0000001YLcMAAW","0","C-00011","2015-12-22 19:55:16","005i0000001YLcMAAW","2015-12-22 19:55:16","005i0000001YLcMAAW","2015-12-22 19:55:16","","Dave","Carroll","(650) 650-6506","dcarroll@merce.com","136 Brecon Court","Redwood City","CA","94062","USA","Oracle","7.0","999888777","Post Doc","1","1","0","(510) 555-5555","(510) 555-5555"
"a02i000000elyIrAAI","005i0000001YLcMAAW","0","C-00012","2015-12-22 19:55:16","005i0000001YLcMAAW","2015-12-22 19:55:16","005i0000001YLcMAAW","2015-12-22 19:55:16","","Nick","Tran","(650) 650-6506","ntran@ntran.com","1280 Lexington","New York","NY","10028","USA","Salesforce.com","8.0","666555444","BA/BS","1","1","0","(510) 555-5555","(510) 555-5555"
"a02i000000elyIsAAI","005i0000001YLcMAAW","0","C-00013","2015-12-22 19:55:16","005i0000001YLcMAAW","2015-12-22 19:55:16","005i0000001YLcMAAW","2015-12-22 19:55:16","","Bonnie","Rutherford","(510) 555-5555","bonnie@existnet.com","7559 University Ave","La Mesa","CA","91941","USA","Balance US","15.0","333222111","MA/MS/MBA","1","1","0","(510) 555-5555","(510) 555-5555"
"a02i000000elyItAAI","005i0000001YLcMAAW","0","C-00014","2015-12-22 19:55:16","005i0000001YLcMAAW","2015-12-22 19:55:16","005i0000001YLcMAAW","2015-12-22 19:55:16","","Ethan","Tran","(510) 555-5555","ethan@tran.com","2000 Hearst Ave","Berkeley","CA","94709","USA","IBM","10.0","555555555","BA/BS","1","1","0","(510) 555-5555","(510) 555-5555"
"a02i000000elyIuAAI","005i0000001YLcMAAW","0","C-00015","2015-12-22 19:55:16","005i0000001YLcMAAW","2015-12-22 19:55:16","005i0000001YLcMAAW","2015-12-22 19:55:16","","Anne","Gerard","(510) 555-5555","agerard@mailnow.com","3168 Broadway #245","Buffalo","NY","89666","USA","Gateway","5.0","333333333","Ph.D.","1","1","0","(510) 555-5555","(510) 555-5555"
"a02i000000elyIvAAI","005i0000001YLcMAAW","0","C-00016","2015-12-22 19:55:16","005i0000001YLcMAAW","2015-12-22 19:55:16","005i0000001YLcMAAW","2015-12-22 19:55:16","","Claudia","Hawthorne","(510) 555-5555","claudie@remark.com","4123 Lincoln Ave.","Huntington Woods","MI","48091","USA","EDS","12.0","111111111","BA/BS","1","1","0","(510) 555-5555","(510) 555-5555"
