"Id","ContentDocumentId","IsLatest","ContentUrl","ContentBodyId","VersionNumber","Title","Description","ReasonForChange","SharingOption","SharingPrivacy","PathOnClient","RatingCount","IsDeleted","ContentModifiedDate","ContentModifiedById","PositiveRatingCount","NegativeRatingCount","FeaturedContentBoost","FeaturedContentDate","OwnerId","CreatedById","CreatedDate","LastModifiedById","LastModifiedDate","SystemModstamp","FileType","PublishStatus","ContentSize","FirstPublishLocationId","Origin","NetworkId","ContentLocation","TextPreview","ExternalDocumentInfo1","ExternalDocumentInfo2","ExternalDataSourceId","IsMajorVersion"
"0680H000003dmTTQAY","0690H000003pabHQAQ","1","","05T0H000009OE9fUAG","1","logo scilab-512 px","","","A","N","logo scilab-512 px.png","0","0","2017-11-30 18:21:59","005i0000001YLcMAAW","0","0","","","005i0000001YLcMAAW","005i0000001YLcMAAW","2017-11-30 18:21:57","005i0000001YLcMAAW","2017-11-30 18:21:59","2017-11-30 18:22:12","PNG","P","66510","005i0000001YLcMAAW","H","000000000000000AAA","S","","","","000000000000000AAA","1"
"0680H000003e1JxQAI","0690H000003ppPVQAY","1","","05T0H000009OU71UAG","1","Visualforce_Report_2017-12-11_06-31_PM.pdf","Visualforce_Report_2017-12-11_06-31_PM.pdf","","A","N","Visualforce_Report_2017-12-11_06-31_PM.pdf","0","0","2017-12-11 18:31:27","005i0000001YLcMAAW","0","0","","","005i0000001YLcMAAW","005i0000001YLcMAAW","2017-12-11 18:31:27","005i0000001YLcMAAW","2017-12-11 18:31:27","2017-12-11 18:31:33","PDF","R","285748","005i0000001YLcMAAW","C","000000000000000AAA","S","","","","000000000000000AAA","1"
"0680H000003fRkPQAU","0690H000003akQxQAI","1","","05T0H000008Ils3UAC","1","trailhead_superbadge_data_integration.png","Data Integration Specialist","","A","N","trailhead_superbadge_data_integration.png","0","0","2017-07-07 17:09:46","005i0000001YLcMAAW","0","0","","","005i0000001YLcMAAW","005i0000001YLcMAAW","2017-07-07 17:09:46","005i0000001YLcMAAW","2017-07-07 17:09:48","2017-07-10 14:09:02","PNG","P","17642","058i0000000PdGcAAK","H","000000000000000AAA","S","","","","000000000000000AAA","1"
"0680H000003fai3QAA","0690H000003atDOQAY","1","","05T0H000008JB5lUAG","1","invest_logo4","","","A","N","invest_logo4.png","0","0","2017-07-25 19:43:49","005i0000001YLcMAAW","0","0","","","005i0000001YLcMAAW","005i0000001YLcMAAW","2017-07-25 19:43:49","005i0000001YLcMAAW","2017-07-25 19:43:52","2017-07-25 19:43:52","PNG","P","1075","005i0000001YLcMAAW","H","000000000000000AAA","S","","","","000000000000000AAA","1"
"0680H000003fiDWQAY","0690H000003b0bXQAQ","1","","05T0H000008JVN6UAO","1","Penguins","","","A","N","Penguins.jpg","0","0","2017-08-08 20:58:38","005i0000001YLcMAAW","0","0","","","005i0000001YLcMAAW","005i0000001YLcMAAW","2017-08-08 20:58:38","005i0000001YLcMAAW","2017-08-08 20:58:40","2017-08-08 20:58:40","JPG","P","777835","005i0000001YLcMAAW","H","0DBi0000000TOVzGAO","S","","","","000000000000000AAA","1"
"0680H000003fim7QAA","0690H000003b1A3QAI","1","","05T0H000008JVtMUAW","1","Hilltop-Logo","","","A","N","Hilltop-Logo.png","0","0","2017-08-09 13:21:43","005i0000001YLcMAAW","0","0","","","005i0000001YLcMAAW","005i0000001YLcMAAW","2017-08-09 13:21:43","005i0000001YLcMAAW","2017-08-09 13:21:44","2017-08-09 13:21:44","PNG","P","7345","005i0000001YLcMAAW","H","0DBi0000000TOVzGAO","S","","","","000000000000000AAA","1"
"0680H000003fsd8QAA","0690H000003bAuFQAU","1","","05T0H000008JidvUAC","1","test header","","","A","N","test header.png","0","0","2017-08-18 14:07:46","005i0000001YLcMAAW","0","0","","","005i0000001YLcMAAW","005i0000001YLcMAAW","2017-08-18 14:07:46","005i0000001YLcMAAW","2017-08-18 14:07:48","2017-08-18 14:07:48","PNG","P","492100","005i0000001YLcMAAW","H","0DBi0000000TOVzGAO","S","","","","000000000000000AAA","1"
"0680H0000048Xl8QAE","0690H000003qypUQAQ","1","","05T0H00000A5gqOUAR","1","trailhead_superbadge_lightning_component_framework_specialist.png","Lightning Component Framework Specialist","","A","N","trailhead_superbadge_lightning_component_framework_specialist.png","0","0","2018-02-04 05:24:19","005i0000001YLcMAAW","0","0","","","005i0000001YLcMAAW","005i0000001YLcMAAW","2018-02-04 05:24:19","005i0000001YLcMAAW","2018-02-04 05:24:19","2018-02-04 05:24:21","PNG","P","15477","058i0000000PdGcAAK","H","000000000000000AAA","S","","","","000000000000000AAA","1"
"068i0000001wBQQAA2","069i0000001vgSyAAI","1","","05Ti0000004zKtYEAU","1","**Import WorkGoal IdsV2**","","","A","N","/tmp/map2518007328224912237.json","0","0","2015-08-22 03:25:53","005i0000002B8LLAA0","0","0","","","005i0000002B8LLAA0","005i0000002B8LLAA0","2015-08-22 03:25:53","005i0000002B8LLAA0","2015-08-22 03:25:53","2015-08-22 03:25:53","UNKNOWN","R","2","005i0000002B8LLAA0","H","000000000000000AAA","S","","","","000000000000000AAA","1"
