"Id","IsDeleted","MasterRecordId","AccountId","Salutation","FirstName","LastName","OtherStreet","OtherCity","OtherState","OtherPostalCode","OtherCountry","OtherLatitude","OtherLongitude","OtherGeocodeAccuracy","MailingStreet","MailingCity","MailingState","MailingPostalCode","MailingCountry","MailingLatitude","MailingLongitude","MailingGeocodeAccuracy","Phone","Fax","MobilePhone","HomePhone","OtherPhone","AssistantPhone","ReportsToId","Email","Title","Department","AssistantName","LeadSource","Birthdate","Description","OwnerId","HasOptedOutOfEmail","HasOptedOutOfFax","DoNotCall","CanAllowPortalSelfReg","CreatedDate","CreatedById","LastModifiedDate","LastModifiedById","SystemModstamp","LastActivityDate","LastCURequestDate","LastCUUpdateDate","EmailBouncedReason","EmailBouncedDate","Jigsaw","JigsawContactId","Level__c","Languages__c","JB_externalId__c","Role__c","Manager__c","Active_Community_User__c"
"0030H00004iLoPWQA0","0","","0010H00002Ee3IgQAJ","Ms","Patricia","Feager","","","","","","","","","","","NC","","USA","","","","(336) 777-1970","","","","","","","patricia_feager@is.com","CEO","","","Partner Referral","","","005i0000001YLcMAAW","0","0","0","0","2017-05-23 17:56:39","005i0000001YLcMAAW","2017-08-24 21:11:29","005i0000001YLcMAAW","2017-08-24 21:11:29","","","","","","","","","","","","",""
"0030H00004lJeRTQA0","0","","0010H00002GTg8IQAT","","Bruce","Wayne","","","","","","","","","1101 Connect City Dr","Gotham","MD","20142","USA","","","","","","","","","","","","","","","","","","005i0000001YLcMAAW","0","0","0","0","2017-07-19 20:50:39","005i0000001YLcMAAW","2017-08-24 21:11:29","005i0000001YLcMAAW","2017-09-11 10:30:56","","","","","","","","","","","","",""
"0030H00004m6oLMQAY","0","","0010H00002CAoSYQA1","","","Bruce Wayne Test","","","","","","","","","","","","","","","","","","","","","","","","","","","","","","","005i0000001YLcMAAW","0","0","0","0","2017-08-24 18:10:55","005i0000001YLcMAAW","2017-08-29 13:50:23","005i0000001YLcMAAW","2017-08-30 10:32:36","","","","","","","","","","","","",""
"0030H00004m6oNQQAY","0","","001i000000SmtjkAAB","","","Babara Levy Test","","","","","","","","","","","","","","","","","","","","","","","","","","","","","","","005i0000001YLcMAAW","0","0","0","0","2017-08-24 18:14:44","005i0000001YLcMAAW","2017-08-24 21:11:29","005i0000001YLcMAAW","2017-08-26 10:32:16","","","","","","","","","","","","",""
"0030H00004m6oQjQAI","0","","001i000000SmtjkAAB","","","Babara Levy Test","","","","","","","","","","","","","","","","","","","","","","","","","","","","","","","005i0000001YLcMAAW","0","0","0","0","2017-08-24 18:25:57","005i0000001YLcMAAW","2017-08-24 21:11:29","005i0000001YLcMAAW","2017-08-26 10:32:16","","","","","","","","","","","","",""
"0030H00004m6oQkQAI","0","","001i000000SmtjkAAB","","","Babara Levy Test Test","","","","","","","","","","","","","","","","","","","","","","","","","","","","","","","005i0000001YLcMAAW","0","0","0","0","2017-08-24 18:25:57","005i0000001YLcMAAW","2017-08-24 21:11:29","005i0000001YLcMAAW","2017-08-25 00:32:06","","","","","","","","","","","","",""
"0030H00004qGZnSQAW","0","","0010H00002MCMVoQAP","","Hola","Mundo","","","","","","","","","","","GA","","USA","","","","(770) 395-2370","","","","","","","violetm@emersontransport.com","VP, Finance","","","Phone Inquiry","","","005i0000001YLcMAAW","0","0","0","0","2017-10-30 20:01:23","005i0000001YLcMAAW","2017-10-30 20:01:23","005i0000001YLcMAAW","2017-10-31 00:08:08","","","","","","","","","","","","","0"
"003i000000PUSBMAA5","0","","001i000000SmtjkAAB","Ms.","Rose","Gonzalez","","","","","","","","","312 Constitution Place Austin, TX 78767 USA","","","","","","","","(512) 757-6000","(512) 757-9000","(512) 757-9340","","","","","rose@edge.com","SVP, Procurement","Procurement","","Trade Show","1961-10-12 00:00:00","","005i0000001YLcMAAW","0","0","0","0","2013-10-30 14:31:12","005i0000001YLcMAAW","2017-08-24 21:11:29","005i0000001YLcMAAW","2017-08-24 21:11:29","","","","","","","","Primary","English","","","",""
"003i000000PUSBNAA5","0","","001i000000SmtjkAAB","Mr.","Sean","Forbes","","","","","","","","","312 Constitution Place Austin, TX 78767 USA","Dallas","TX","","","","","","(512) 757-6000","(512) 757-9000","(512) 757-4561","","","","","sean@edge.com","CFO","Finance","","Trade Show","1940-07-10 00:00:00","","005i0000001YLcMAAW","0","0","0","0","2013-10-30 14:31:12","005i0000001YLcMAAW","2017-08-24 21:11:29","005i0000001YLcMAAW","2017-08-26 10:32:16","","","","","","","","Secondary","English","","Executive","",""
"003i000000PUSBOAA5","0","","001i000000SmtjlAAB","Mr.","Jack","Rogers","","","","","","","","","525 S. Lexington Ave","Burlington","NC","","USA","","","","(336) 222-7000","(336) 222-8000","","","","","003i000000PUSBNAA5","jrogers@burlington.com","Vice Prez, Facilities","","","Web","","","005i0000007VZkZAAW","0","0","0","0","2013-10-30 14:31:12","005i0000001YLcMAAW","2017-08-24 21:14:41","005i0000001YLcMAAW","2017-08-30 10:32:36","","","","","","","","","","","Manager","003i000000PUSBNAA5",""
"003i000000PUSBPAA5","0","","001i000000SmtjmAAB","Ms.","Pat","Stumuller","2 Place Jussieu","Paris","","75251","France","","","","2 Place Jussieu","Paris","","75251","France","","","","(014) 427-4427","(014) 427-4428","(014) 454-6364","","","(014) 427-4465","","pat@pyramid.net","SVP, Administration and Finance","Finance","Jean Marie","","","","005i0000001YLcMAAW","0","0","0","0","2013-10-30 14:31:12","005i0000001YLcMAAW","2017-08-24 21:11:29","005i0000001YLcMAAW","2017-08-24 21:11:29","","","","","","","","Primary","French, English","","","",""
"003i000000PUSBQAA5","0","","001i000000SmtjnAAB","Mr","Andy","Young","1301 Hoch Drive","Lawrence","KS","66045","USA","","","","1301 Hoch Drive","Lawrence","KS","66045","USA","","","","(785) 241-6200","","(785) 265-5350","","","","003i000000PUSBOAA5","a_young@dickenson.com","SVP, Operations","Internal Operations","","Purchased List","","","005i0000001YLcMAAW","0","0","0","0","2013-10-30 14:31:12","005i0000001YLcMAAW","2017-08-24 21:11:29","005i0000001YLcMAAW","2017-08-26 10:32:16","","","","","","","","Primary","English","","Agent","003i000000PUSBOAA5",""
"003i000000PUSBRAA5","0","","001i000000SmtjoAAB","Mr.","Tim","Barr","","","","","","","","","2335 N. Michigan Avenue, Suite 1500 Chicago, IL 60601, USA","Chicago","IL","","","","","","(312) 596-1000","(312) 596-1500","(312) 596-1230","","","","003i000000PUSBOAA5","barr_tim@grandhotels.com","SVP, Administration and Finance","Finance","","External Referral","1947-06-08 00:00:00","","005i0000001YLcMAAW","0","0","0","0","2013-10-30 14:31:12","005i0000001YLcMAAW","2017-08-24 21:11:29","005i0000001YLcMAAW","2017-08-24 21:11:29","","","","","","","","Secondary","English","","Agent","003i000000PUSBOAA5",""
"003i000000PUSBSAA5","0","","001i000000SmtjoAAB","Mr.","John","Bond","","","","","","","","","2334 N. Michigan Avenue, Suite 1500 Chicago, IL 60601, USA","Buffalo","NY","","","","","","(312) 596-1000","(312) 596-1500","(312) 596-1563","","","","003i000000PUSBOAA5","bond_john@grandhotels.com","VP, Facilities","Facilities","","External Referral","1949-08-19 00:00:00","","005i0000001YLcMAAW","0","0","0","0","2013-10-30 14:31:12","005i0000001YLcMAAW","2017-08-24 21:11:29","005i0000001YLcMAAW","2017-08-25 10:32:25","2017-08-24 00:00:00","","","","","","","Primary","English","","Agent","003i000000PUSBOAA5",""
"003i000000PUSBTAA5","0","","001i000000SmtjrAAB","Ms.","Stella","Pavlova","","","","","","","","","1303 Avenue of the Americas  New York, NY 10019 USA","","","","","","","","(212) 842-5500","(212) 842-5501","(212) 842-5501","","(212) 842-5543","(212) 842-5589","","spavlova@uog.com","SVP, Production","Production","Audrey Haynes","Public Relations","1937-02-02 00:00:00","","005i0000001YLcMAAW","0","0","0","0","2013-10-30 14:31:12","005i0000001YLcMAAW","2017-08-24 21:11:29","005i0000001YLcMAAW","2017-08-24 21:11:29","","","","","","","","Tertiary","English","","","",""
"003i000000PUSBUAA5","0","","001i000000SmtjrAAB","Ms.","Lauren","Boyle","","","","","","","","","1304 Avenue of the Americas  New York, NY 10019 USA","","","","","","","","(212) 842-5500","(212) 842-5501","(212) 842-5611","","","","","lboyle@uog.com","SVP, Technology","Technology","","Public Relations","1954-03-18 00:00:00","","005i0000001YLcMAAW","0","0","0","0","2013-10-30 14:31:12","005i0000001YLcMAAW","2017-08-24 21:11:29","005i0000001YLcMAAW","2017-08-24 21:11:29","","","","","","","","Secondary","English","","","",""
"003i000000PUSBVAA5","0","","001i000000SmtjkAAB","Ms.","Babara","Levy","","","","","","","","","620 SW 5th Avenue Suite 400 Portland, Oregon 97204 United States","","","","","","","","(503) 421-7800","(503) 421-7801","(503) 421-5451","","","(503) 421-6782","","b.levy@expressl&t.net","SVP, Operations","Operations","Ron Sage","Word of mouth","1930-09-19 00:00:00","","005i0000001YLcMAAW","0","0","0","0","2013-10-30 14:31:12","005i0000001YLcMAAW","2017-08-24 21:11:29","005i0000001YLcMAAW","2017-08-26 10:32:16","","","","","","","","Primary","English","","","",""
"003i000000PUSBWAA5","0","","001i000000SmtjpAAB","Mr.","Josh","Davis","","","","","","","","","621 SW 5th Avenue Suite 400 Portland, Oregon 97204 United States","","","","","","","","(503) 421-7800","(503) 421-7801","(503) 421-4387","","","","","j.davis@expressl&t.net","Director, Warehouse Mgmt","Warehouse Mgmt","","Word of mouth","1942-01-13 00:00:00","","005i0000001YLcMAAW","0","0","0","0","2013-10-30 14:31:12","005i0000001YLcMAAW","2017-08-24 21:11:29","005i0000001YLcMAAW","2018-01-24 17:48:15","","","","","","","","Secondary","English","","","",""
"003i000000PUSBXAA5","0","","001i000000SmtjqAAB","Ms.","Jane","Grey","","","","","","","","","888 N Euclid  Hallis Center, Room 501 Tucson, AZ 85721 United States","","","","","","","","(520) 773-9050","(520) 773-9060","(520) 773-4539","","","","","jane_gray@uoa.edu","Dean of Administration","Administration","","Word of mouth","1937-11-30 00:00:00","","005i0000001YLcMAAW","0","0","0","0","2013-10-30 14:31:12","005i0000001YLcMAAW","2017-08-24 21:11:29","005i0000001YLcMAAW","2017-08-24 21:11:29","","","","","","","","Primary","English","","","",""
"003i000000PUSBYAA5","0","","001i000000SmtjrAAB","Mr.","Arthur","Song","","","","","","","","","1301 Avenue of the Americas  New York, NY 10019 USA","","","","","","","","(212) 842-5500","(212) 842-5501","(212) 842-4535","","","(212) 842-5464","","asong@uog.com","CEO","Executive Team","Pat Feinstein","Public Relations","1945-05-31 00:00:00","","005i0000001YLcMAAW","0","0","0","0","2013-10-30 14:31:12","005i0000001YLcMAAW","2017-08-24 21:11:29","005i0000001YLcMAAW","2017-08-24 21:11:29","","","","","","","","Secondary","English","","","",""
"003i000000PUSBZAA5","0","","001i000000SmtjiAAB","Ms.","Ashley","James","","","","","","","","","Kings Park, 17th Avenue, Team Valley Trading Estate, Gateshead, Tyne and Wear NE26 3HS United Kingdom","","","","","","","","+44 191 4956203","+44 191 4956620","+44 191 3456234","","","","","ajames@uog.com","VP, Finance","Finance","","Public Relations","1940-02-08 00:00:00","","005i0000007VZkZAAW","0","0","0","0","2013-10-30 14:31:12","005i0000001YLcMAAW","2017-08-24 21:11:29","005i0000001YLcMAAW","2018-01-24 17:49:00","","","","","","","","Primary","English","","","",""
"003i000000PUSBaAAP","0","","001i000000SmtjjAAB","Mr.","Tom","Ripley","","","","","","","","","9 Tagore Lane Singapore, Singapore 787472 Singapore","","","","","","","","(650) 450-8810","(650) 450-8820","(650) 345-7636","","","","","tripley@uog.com","Regional General Manager","Executive Team","","Public Relations","1944-04-06 00:00:00","","005i0000001YLcMAAW","0","0","0","0","2013-10-30 14:31:12","005i0000001YLcMAAW","2017-08-24 21:11:29","005i0000001YLcMAAW","2017-08-24 21:11:29","","","","","","","","Primary","English","","","",""
"003i000000PUSBbAAP","0","","001i000000SmtjjAAB","Ms.","Liz","D'Cruz","","","","","","","","","10 Tagore Lane Singapore, Singapore 787472 Singapore","Birmingham","AL","","","","","","(650) 450-8810","(650) 450-8820","(650) 345-6637","","","","","ldcruz@uog.com","VP, Production","Production","","Public Relations","1955-07-18 00:00:00","","005i0000001YLcMAAW","0","0","0","0","2013-10-30 14:31:12","005i0000001YLcMAAW","2017-08-24 21:11:29","005i0000001YLcMAAW","2017-08-24 21:11:29","","","","","","","","Secondary","English","","Executive","",""
"003i000000PUSBcAAP","0","","001i000000SmtjhAAB","Ms.","Edna","Frank","","","","","","","","","345 Shoreline Park Mountain View, CA 94043 USA","Mobil","AL","","","","","","(650) 867-3450","(650) 867-9895","(650) 867-7686","","","","003i000000PUSBbAAP","efrank@genepoint.com","VP, Technology","Technology","","Partner","1935-12-23 00:00:00","","005i0000001YLcMAAW","0","0","0","0","2013-10-30 14:31:12","005i0000001YLcMAAW","2017-08-24 21:11:29","005i0000001YLcMAAW","2017-08-30 10:32:36","","","","","","","","Primary","English","","Manager","003i000000PUSBbAAP",""
"003i000000PUSBdAAP","0","","001i000000SmtjrAAB","Mr.","Avi","Green","","","","","","","","","1302 Avenue of the Americas  New York, NY 10019 USA","Miami","FL","","","","","","(212) 842-5500","(212) 842-5501","(212) 842-2383","","","(212) 842-5428","003i000000PUSBcAAP","agreen@uog.com","CFO","Finance","Chris Nobel","Public Relations","1927-05-12 00:00:00","","005i0000001YLcMAAW","0","0","0","0","2013-10-30 14:31:12","005i0000001YLcMAAW","2017-08-24 21:11:29","005i0000001YLcMAAW","2017-08-24 21:11:29","","","","","","","","Primary","English","","Agent","003i000000PUSBcAAP",""
"003i000000PUSBeAAP","0","","001i000000SmtjsAAB","Ms.","Siddartha","Nedaerk","","","","","","","","","The Landmark @ One Market","San Francisco","CA","94087","US","","","","","","","","","","","","","","","","","","005i0000001YLcMAAW","0","0","0","0","2013-10-30 14:31:12","005i0000001YLcMAAW","2013-10-30 14:31:12","005i0000001YLcMAAW","2013-10-30 14:31:12","","","","","","","","","","","","",""
"003i000000PUSBfAAP","0","","001i000000SmtjsAAB","Mr.","Jake","Llorrac","","","","","","","","","","Fresno","CA","","","","","","","","","","","","003i000000PUSBcAAP","","","","","","","","005i0000001YLcMAAW","0","0","0","0","2013-10-30 14:31:12","005i0000001YLcMAAW","2017-08-24 21:11:29","005i0000001YLcMAAW","2017-08-24 21:11:29","","","","","","","","","","","Agent","003i000000PUSBcAAP",""
"003i000003QNtr6AAD","0","","000000000000000AAA","Mr.","John","Dodge","","","","","","","","","","","","","","","","","","","(555) 888-8888","","","","","jdodge@example.com","SVP of Sales","","","","","","005i0000001YLcMAAW","0","0","0","0","2016-01-07 18:19:52","005i0000001YLcMAAW","2017-08-24 21:11:29","005i0000001YLcMAAW","2017-08-24 21:11:29","","","","","","","","","","","","",""
"003i000003QNtr7AAD","0","","000000000000000AAA","Ms.","Sarah","Smith","","","","","","","","","","","","","","","","","","","(555) 999-8888","","","","","ssnith@example.com","Senior Sales Rep","","","","","","005i0000001YLcMAAW","0","0","0","0","2016-01-07 18:19:52","005i0000001YLcMAAW","2017-08-24 21:11:29","005i0000001YLcMAAW","2017-08-24 21:11:29","","","","","","","","","","","","",""
"003i000003QNtr8AAD","0","","000000000000000AAA","Dr.","George","Dapper","","","","","","","","","","","","","","","","","","","(555) 999-0000","","","","","gdapper@example.com","Director of Healthcare","","","","","","005i0000001YLcMAAW","0","0","0","0","2016-01-07 18:19:52","005i0000001YLcMAAW","2017-08-24 21:11:29","005i0000001YLcMAAW","2017-08-24 21:11:29","","","","","","","","","","","","",""
"003i000003QNtr9AAD","0","","000000000000000AAA","Mr.","Jack","Dodge","","","","","","","","","","","","","","","","","","","(555) 888-8888","","","","","jdodge2@example.com","EVP of Sales","","","","","","005i0000001YLcMAAW","0","0","0","0","2016-01-07 18:19:52","005i0000001YLcMAAW","2017-08-24 21:11:29","005i0000001YLcMAAW","2017-08-24 21:11:29","","","","","","","","","","","","",""
"003i000003QNtrAAAT","0","","0010H00002Ee3IgQAJ","Mrs.","Jessica","Jones","","","","","","","","","","","NC","","USA","","","","","","(555) 999-8888","","","","","jjones@example.com","Senior Sales Rep","","","","","","005i0000001YLcMAAW","0","0","0","0","2016-01-07 18:19:52","005i0000001YLcMAAW","2017-08-29 13:49:59","005i0000001YLcMAAW","2017-08-30 10:32:36","","","","","","","","","","","","",""
"003i000003QNtrBAAT","0","","000000000000000AAA","Dr.","Dragon","Davich","","","","","","","","","","","","","","","","","","","(555) 999-0000","","","","","dragonr@example.com","Senior Member of Medical Staff","","","","","","005i0000001YLcMAAW","0","0","0","0","2016-01-07 18:19:52","005i0000001YLcMAAW","2017-08-24 21:11:29","005i0000001YLcMAAW","2017-08-24 21:11:29","","","","","","","","","","","","",""
"003i000003QNtrCAAT","0","","000000000000000AAA","Mr.","Steve","Curio","","","","","","","","","","","","","","","","","","","(555) 555-5454","","","","","curious@example.com","Janitor","","","","","","005i0000001YLcMAAW","0","0","0","0","2016-01-07 18:19:52","005i0000001YLcMAAW","2017-08-24 21:11:29","005i0000001YLcMAAW","2017-08-24 21:11:29","","","","","","","","","","","","",""
"003i000003QNtrDAAT","0","","000000000000000AAA","Ms.","Laura","Black","","","","","","","","","","","","","","","","","","","(555) 555-3434","","","","","black@example.com","Sales Rep","","","","","","005i0000001YLcMAAW","0","0","0","0","2016-01-07 18:19:52","005i0000001YLcMAAW","2017-08-24 21:11:29","005i0000001YLcMAAW","2017-08-24 21:11:29","","","","","","","","","","","","",""
"003i000003QNtrEAAT","0","","000000000000000AAA","Mr.","Wilhelm","Blake","","","","","","","","","","","","","","","","","","","(555) 555-5543","","","","","wblake@example.com","CEO","","","","","","005i0000001YLcMAAW","0","0","0","0","2016-01-07 18:19:52","005i0000001YLcMAAW","2017-08-24 21:11:29","005i0000001YLcMAAW","2017-08-24 21:11:29","","","","","","","","","","","","",""
"003i000003QNtrFAAT","0","","000000000000000AAA","Mr.","Winter","Drake","","","","","","","","","","","","","","","","","","","(555) 555-5554","","","","","dragon2@example.com","CFO","","","","","","005i0000001YLcMAAW","0","0","0","0","2016-01-07 18:19:52","005i0000001YLcMAAW","2017-08-24 21:11:29","005i0000001YLcMAAW","2017-08-24 21:11:29","","","","","","","","","","","","",""
"003i000003QNtrGAAT","0","","000000000000000AAA","Mr.","Sal","Sands","","","","","","","","","","","","","","","","","","","(555) 555-5553","","","","","sandssquared@example.com","CTO","","","","","","005i0000001YLcMAAW","0","0","0","0","2016-01-07 18:19:52","005i0000001YLcMAAW","2017-08-24 21:11:29","005i0000001YLcMAAW","2017-08-24 21:11:29","","","","","","","","","","","","",""
"003i000003QNtrHAAT","0","","000000000000000AAA","Ms.","Julia","Wilds","","","","","","","","","","","","","","","","","","","(555) 555-9988","","","","","jwilds@example.com","CMO","","","","","","005i0000001YLcMAAW","0","0","0","0","2016-01-07 18:19:52","005i0000001YLcMAAW","2017-08-24 21:11:29","005i0000001YLcMAAW","2017-08-24 21:11:29","","","","","","","","","","","","",""
"003i000003QNtrIAAT","0","","000000000000000AAA","Mrs.","Juniper","Birsch","","","","","","","","","","","","","","","","","","","(555) 555-5432","","","","","woodsy@example.com","Director of Engineering","","","","","","005i0000001YLcMAAW","0","0","0","0","2016-01-07 18:19:52","005i0000001YLcMAAW","2017-08-24 21:11:29","005i0000001YLcMAAW","2017-08-24 21:11:29","","","","","","","","","","","","",""
"003i000003QNtrJAAT","0","","000000000000000AAA","Ms.","Valerie","Duncan","","","","","","","","","","","","","","","","","","","(555) 555-3433","","","","","vduncan@example.com","Senior Member, Technical Staff","","","","","","005i0000001YLcMAAW","0","0","0","0","2016-01-07 18:19:52","005i0000001YLcMAAW","2017-08-24 21:11:29","005i0000001YLcMAAW","2017-08-24 21:11:29","","","","","","","","","","","","",""
"003i000003QNtrLAAT","0","","000000000000000AAA","Mr.","Justin","Short","","","","","","","","","","","","","","","","","","","(555) 445-3343","","","","","jshort@example.com","Actor","","","","","","005i0000001YLcMAAW","0","0","0","0","2016-01-07 18:19:52","005i0000001YLcMAAW","2017-08-24 21:11:29","005i0000001YLcMAAW","2017-08-24 21:11:29","","","","","","","","","","","","",""
"003i000003QNtrMAAT","0","","000000000000000AAA","Mr.","John","Downes","","","","","","","","","","","","","","","","","","","(555) 444-0117","","","","","bungie@example.com","Master Chief","","","","","","005i0000001YLcMAAW","0","0","0","0","2016-01-07 18:19:52","005i0000001YLcMAAW","2017-08-24 21:11:29","005i0000001YLcMAAW","2017-08-24 21:11:29","","","","","","","","","","","","",""
"003i000003QNtrNAAT","0","","000000000000000AAA","Mr.","Xavier","Birch","","","","","","","","","","","","","","","","","","","(555) 000-0333","","","","","xjb@example.com","Chair of Genealogy","","","","","","005i0000001YLcMAAW","0","0","0","0","2016-01-07 18:19:52","005i0000001YLcMAAW","2017-08-24 21:11:29","005i0000001YLcMAAW","2017-08-24 21:11:29","","","","","","","","","","","","",""
"003i000003QNtrOAAT","0","","000000000000000AAA","Chairman","Basil","Wenceslas","","","","","","","","","","","","","","","","","","","(555) 666-3433","","","","","hansa@example.com","Chairman","","","","","","005i0000001YLcMAAW","0","0","0","0","2016-01-07 18:19:52","005i0000001YLcMAAW","2017-08-24 21:11:29","005i0000001YLcMAAW","2017-08-24 21:11:29","","","","","","","","","","","","",""
"003i000003QNtrPAAT","0","","000000000000000AAA","Ms.","Alice","Black","","","","","","","","","","","","","","","","","","","(555) 555-5555","","","","","blackalice@example.com","Botanist","","","","","","005i0000001YLcMAAW","0","0","0","0","2016-01-07 18:19:52","005i0000001YLcMAAW","2017-08-24 21:11:29","005i0000001YLcMAAW","2017-08-24 21:11:29","2016-12-20 00:00:00","","","","","","","","","","","",""
"003i000003Rn7euAAB","0","","001i000001kirfdAAA","","Ritu","Chaudhary","","","","","","","","","Lokhandwala","Mumbai","MH","","India","","","","(214) 215-4321","","666555444","","","","","rc@publicdemand.com","","","","","","","005i0000001YLcMAAW","0","0","0","0","2016-01-13 20:45:09","005i0000001YLcMAAW","2017-08-24 21:11:29","005i0000001YLcMAAW","2017-08-24 21:11:29","","","","","","","","","","","","",""
"003i000003TuXARAA3","0","","000000000000000AAA","","Josh","Kaplan","","","","","","","","","","Corona","CA","","","","","","","","","","","","003i000000PUSBcAAP","","","Finance","","","","Josh's record has been updated by the upsert operation.","005i0000001YLcMAAW","0","0","0","0","2016-01-20 22:03:27","005i0000001YLcMAAW","2017-08-24 21:11:29","005i0000001YLcMAAW","2017-08-24 21:11:29","","","","","","","","","","","Agent","003i000000PUSBcAAP",""
"003i000003TuXASAA3","0","","000000000000000AAA","","Kathy","White","","","","","","","","","","","TX","75845","","","","","","","","","","","","","","Technology","","","","","005i0000001YLcMAAW","0","0","0","0","2016-01-20 22:03:27","005i0000001YLcMAAW","2017-08-24 21:11:29","005i0000001YLcMAAW","2017-08-24 21:11:29","","","","","","","","","","","","",""
"003i000003TuYjNAAV","0","","000000000000000AAA","","Jane","Smith","","","","","","","","","","","","","","","","","","","","","","","","jane.smith@example.com","","","","","","Prefers to be contacted by email.","005i0000001YLcMAAW","0","0","0","0","2016-01-20 22:05:52","005i0000001YLcMAAW","2017-08-24 21:11:29","005i0000001YLcMAAW","2017-08-24 21:11:29","","","","","","","","","","","","",""
"003i000003TudG1AAJ","0","","000000000000000AAA","","Joe","Smith","","","","","","","","","","","","","","","","","","","","","","","","","","Finance","","","","","005i0000001YLcMAAW","0","0","0","0","2016-01-20 22:18:46","005i0000001YLcMAAW","2017-08-24 21:11:29","005i0000001YLcMAAW","2017-08-24 21:11:29","","","","","","","","","","","","",""
"003i000003TudG2AAJ","0","","000000000000000AAA","","Kathy","Smith","","","","","","","","","","","","","","","","","","","","","","","","","","Technology","","","","","005i0000001YLcMAAW","0","0","0","0","2016-01-20 22:18:46","005i0000001YLcMAAW","2017-08-24 21:11:29","005i0000001YLcMAAW","2017-08-24 21:11:29","","","","","","","","","","","","",""
"003i000003TudG3AAJ","0","","000000000000000AAA","","Caroline","Roth","","","","","","","","","","Paris","TX","75036","","","","","","","","","","","","","","Finance","","","","","005i0000001YLcMAAW","0","0","0","0","2016-01-20 22:18:46","005i0000001YLcMAAW","2017-08-24 21:11:29","005i0000001YLcMAAW","2017-08-24 21:11:29","","","","","","","","","","","","",""
"003i000003TugD1AAJ","0","","001i000001kjbanAAA","","Marion","Ruizo","","","","","","","","","","","","","","","","","(415)555-1213","","","","","","","mruiz@tacorepublic.com","","","","","","","005i0000001YLcMAAW","0","0","0","0","2016-01-20 22:21:39","005i0000001YLcMAAW","2017-08-24 21:11:29","005i0000001YLcMAAW","2017-08-30 10:32:36","","","","","","","","","","","","",""
"003i000003UFZQFAA5","0","","001i000001kjhiIAAQ","","Carol","Ruiz","","","","","","","","","","","","","","","","","(415)555-1212","","","","","","","","","Wingo","","","","","005i0000001YLcMAAW","0","0","0","0","2016-01-21 20:16:00","005i0000001YLcMAAW","2017-08-24 21:11:29","005i0000001YLcMAAW","2017-08-24 21:11:29","","","","","","","","","","","","",""
"003i000003UOcA8AAL","0","","000000000000000AAA","","Jane","Smith","","","","","","","","","","Patna","Bihar","","","","","","","","","","","","","","","","","","","","005i0000001YLcMAAW","0","0","0","0","2016-01-21 21:42:37","005i0000001YLcMAAW","2017-08-24 21:11:29","005i0000001YLcMAAW","2017-08-24 21:11:29","","","","","","","","","","","","",""
"003i0000047SCLXAA4","0","","001i000001xogjqAAA","Ms","Kathy","Snyder","","","","","","","","","","","CT","","USA","","","","(860) 273-0123","","","","","","","ksynder@tnr.net","Regional General Manager","","","Purchased List","","","005i0000001YLcMAAW","0","0","0","0","2016-09-29 16:25:56","005i0000001YLcMAAW","2017-08-24 21:11:29","005i0000001YLcMAAW","2018-01-24 20:59:24","","","","","","","","","","","","",""
