"Id","FolderId","IsDeleted","Name","ContentType","Type","IsPublic","BodyLength","BodyLengthCompressed","Url","Description","Keywords","IsInternalUseOnly","AuthorId","CreatedDate","CreatedById","LastModifiedDate","LastModifiedById","SystemModstamp"
"0150H00000FOMKPQA5","00l0H000001uZg0QAE","0","Company Logo","image/jpeg","jpg","1","1929","1765","","","","0","005i0000001YLcMAAW","2017-06-17 19:45:44","005i0000001YLcMAAW","2017-06-17 19:45:44","005i0000001YLcMAAW","2017-06-17 19:45:53"
"0150H00000FWUKxQAP","00l0H0000019qXEQAY","0","Release Manager Logo","image/png","png","1","5577","5588","","Release Manager App logo for display in the banner.","","0","005i0000001YLcMAAW","2017-11-30 18:21:56","005i0000001YLcMAAW","2017-11-30 18:21:56","005i0000001YLcMAAW","2017-11-30 18:22:10"
"0150H00000FWUKyQAP","00l0H0000019qXEQAY","0","Release Manager Release Notes","application/octet-stream","URL","0","0","0","http://scionics.force.com/docs/relmanrn","Provides a summary of the changes made in each release of the Release Manager app.","","0","005i0000001YLcMAAW","2017-11-30 18:21:56","005i0000001YLcMAAW","2017-11-30 18:21:56","005i0000001YLcMAAW","2017-11-30 18:22:10"
"0150H00000FWUKzQAP","00l0H0000019qXEQAY","0","Release Manager Starter Data","application/octet-stream","URL","0","0","0","http://scionics.force.com/docs/relmandat","Initial Salesforce release notes data to get you started.","","1","005i0000001YLcMAAW","2017-11-30 18:21:56","005i0000001YLcMAAW","2017-11-30 18:21:56","005i0000001YLcMAAW","2017-11-30 18:22:10"
"0150H00000FWUL0QAP","00l0H0000019qXEQAY","0","Release Manager Tab Logo","image/png","png","1","2210","2221","","The logo for custom Release Manager tabs.","","0","005i0000001YLcMAAW","2017-11-30 18:21:56","005i0000001YLcMAAW","2017-11-30 18:21:56","005i0000001YLcMAAW","2017-11-30 18:22:10"
"0150H00000FWUL1QAP","00l0H0000019qXEQAY","0","Release Manager User Guide","application/octet-stream","URL","0","0","0","http://scionics.force.com/docs/relmanug","A brief description of Release Manager and how to use it.","","1","005i0000001YLcMAAW","2017-11-30 18:21:56","005i0000001YLcMAAW","2017-11-30 18:21:56","005i0000001YLcMAAW","2017-11-30 18:22:10"
"015i000000CJFU1AAP","00li00000019mjBAAQ","0","godfather.jpg","image/jpeg","jpg","0","5915","5813","","","","0","005i0000001YLcMAAW","2016-08-12 19:18:14","005i0000001YLcMAAW","2016-08-12 19:18:14","005i0000001YLcMAAW","2016-08-13 12:03:57"
"015i000000CJFUQAA5","00li00000019mjBAAQ","0","oneflew.jpg","image/jpeg","jpg","0","9071","9031","","","","0","005i0000001YLcMAAW","2016-08-12 19:19:23","005i0000001YLcMAAW","2016-08-12 19:19:23","005i0000001YLcMAAW","2016-08-13 12:03:57"
"015i000000CJpTDAA1","00li00000019mqMAAQ","0","wrestler.jpg","image/jpeg","jpg","1","3969","3934","","","","0","005i0000001YLcMAAW","2016-08-18 17:18:05","005i0000001YLcMAAW","2016-08-18 17:18:05","005i0000001YLcMAAW","2016-10-10 10:36:09"
"015i000000CJpU1AAL","00li00000019mqMAAQ","0","monkey.png","image/png","png","1","33415","33390","","","","0","005i0000001YLcMAAW","2016-08-18 17:20:39","005i0000001YLcMAAW","2016-08-18 17:20:39","005i0000001YLcMAAW","2017-08-25 23:36:02"
"015i000000Cs8LHAAZ","00li00000023rjlAAA","0","DreamHouzz Logo","image/png","png","1","4918","4799","","","","0","005i0000001YLcMAAW","2016-09-07 16:38:15","005i0000001YLcMAAW","2016-09-07 16:38:15","005i0000001YLcMAAW","2016-10-10 10:36:09"
"015i000000DA8viAAD","00li00000023rjlAAA","0","FadeIn","image/jpeg","jpg","1","1804","1655","","","","0","005i0000001YLcMAAW","2016-10-19 19:39:08","005i0000001YLcMAAW","2016-10-19 20:35:41","005i0000001YLcMAAW","2016-10-21 03:33:42"
"015i000000DA9CUAA1","00li00000023rjlAAA","0","sc","image/png","png","1","7325","7336","","","","0","005i0000001YLcMAAW","2016-10-19 20:32:58","005i0000001YLcMAAW","2016-10-19 20:34:39","005i0000001YLcMAAW","2016-10-21 03:33:42"
