"Id","IsDeleted","ParentId","ParentSobjectType","CreatedById","CreatedDate","FieldName","DataType","OldvalString","NewvalString","OldvalFirstName","NewvalFirstName","OldvalLastName","NewvalLastName","OldvalNumber","NewvalNumber","OldvalDate","NewvalDate","ConnectionId"
"0170H0000bfjwNyQAI","0","500i0000004C8tmAAC","Case","005i0000001YLcMAAW","2017-06-30 16:07:58","Subject","S","Seeking guidance on electrical wiring installation for GC5060","Updated from postman","","","","","","","","","000000000000000AAA"
"0170H0000bfjwNzQAI","0","500i0000004C8tmAAC","Case","005i0000001YLcMAAW","2017-06-30 16:07:58","RecordType","7","","Inquiry","","","","","","","","","000000000000000AAA"
"0170H0000bfjwO0QAI","0","500i0000004C8tmAAC","Case","005i0000001YLcMAAW","2017-06-30 16:07:58","RecordType","Y","","012i0000000tw2j","","","","","","","","","000000000000000AAA"
"0170H0000bfjwR1QAI","0","500i0000004C8tmAAC","Case","005i0000001YLcMAAW","2017-06-30 16:07:58","owner_field_assign","S","","","Sanket","","V","Call Center Inquiry Queue","","","","","000000000000000AAA"
"0170H0000bfjwR2QAI","0","500i0000004C8tmAAC","Case","005i0000001YLcMAAW","2017-06-30 16:07:58","owner_field_assign","Y","005i0000001YLcM","00Gi0000005BfGJ","","","","","","","","","000000000000000AAA"
"0170H0000bfjxOVQAY","0","500i0000004C8tmAAC","Case","005i0000001YLcMAAW","2017-06-30 16:17:04","Subject","S","Updated from postman","Updated from postman 2..!!","","","","","","","","","000000000000000AAA"
"0170H0000blL9NeQAK","0","0690H000003akQxQAI","ContentDocument","005i0000001YLcMAAW","2017-07-07 17:09:47","createText","S","","","","","","","","","","","000000000000000AAA"
"0170H0000blL9NfQAK","0","0680H000003fRkPQAU","ContentVersion","005i0000001YLcMAAW","2017-07-07 17:09:47","createText","S","","","","","","","","","","","000000000000000AAA"
"0170H0000bmhQmOQAU","0","0680H000003fRkPQAU","ContentVersion","005i0000001YLcMAAW","2017-07-10 14:09:02","content_version_downloaded","S","","","","","","","","","","","000000000000000AAA"
"0170H0000bo66x5QAA","0","500i0000004C8tmAAC","Case","005i0000001YLcMAAW","2017-07-12 14:55:53","Subject","S","Updated from postman 2..!!","Updated from postman","","","","","","","","","000000000000000AAA"
"0170H0000bo66yUQAQ","0","500i0000004C8tmAAC","Case","005i0000001YLcMAAW","2017-07-12 14:56:36","Subject","S","Updated from postman","Updated from postman On July 12th 2017","","","","","","","","","000000000000000AAA"
"0170H0000bpd9L0QAI","0","5000H00000xQvM1QAK","Case","005i0000001YLcMAAW","2017-07-13 19:12:59","createText","S","","","","","","","","","","","000000000000000AAA"
"0170H0000bpd9L1QAI","0","5000H00000xQvM1QAK","Case","005i0000001YLcMAAW","2017-07-13 19:12:59","owner_field_assign","S","","","Sanket","","V","Call Center Inquiry Queue","","","","","000000000000000AAA"
"0170H0000bpd9L2QAI","0","5000H00000xQvM1QAK","Case","005i0000001YLcMAAW","2017-07-13 19:12:59","owner_field_assign","Y","005i0000001YLcM","00Gi0000005BfGJ","","","","","","","","","000000000000000AAA"
"0170H0000bpdAFCQA2","0","5000H00000xQvMfQAK","Case","005i0000001YLcMAAW","2017-07-13 19:14:08","createText","S","","","","","","","","","","","000000000000000AAA"
"0170H0000bpdAFDQA2","0","5000H00000xQvMfQAK","Case","005i0000001YLcMAAW","2017-07-13 19:14:08","owner_field_assign","S","","","Sanket","","V","Call Center Inquiry Queue","","","","","000000000000000AAA"
"0170H0000bpdAFEQA2","0","5000H00000xQvMfQAK","Case","005i0000001YLcMAAW","2017-07-13 19:14:08","owner_field_assign","Y","005i0000001YLcM","00Gi0000005BfGJ","","","","","","","","","000000000000000AAA"
"0170H0000bpdANJQA2","0","5000H00000xQvNTQA0","Case","005i0000001YLcMAAW","2017-07-13 19:15:35","createText","S","","","","","","","","","","","000000000000000AAA"
"0170H0000bpdANKQA2","0","5000H00000xQvNTQA0","Case","005i0000001YLcMAAW","2017-07-13 19:15:35","owner_field_assign","S","","","Sanket","","V","Call Center Inquiry Queue","","","","","000000000000000AAA"
"0170H0000bpdANLQA2","0","5000H00000xQvNTQA0","Case","005i0000001YLcMAAW","2017-07-13 19:15:35","owner_field_assign","Y","005i0000001YLcM","00Gi0000005BfGJ","","","","","","","","","000000000000000AAA"
"0170H0000bpdBYHQA2","0","500i000000qlb3CAAQ","Case","005i0000001YLcMAAW","2017-07-13 19:35:03","Description","J","","","","","","","","","","","000000000000000AAA"
"0170H0000bpdBimQAE","0","500i000000qlb3CAAQ","Case","005i0000001YLcMAAW","2017-07-13 19:36:15","Description","J","","","","","","","","","","","000000000000000AAA"
"0170H0000bpdCEUQA2","0","5000H00000xQvNTQA0","Case","005i0000001YLcMAAW","2017-07-13 19:40:16","Description","J","","","","","","","","","","","000000000000000AAA"
"0170H0000bpdCSYQA2","0","5000H00000xQvM1QAK","Case","005i0000001YLcMAAW","2017-07-13 19:42:58","Description","J","","","","","","","","","","","000000000000000AAA"
"0170H0000bpdCr5QAE","0","500i000000wHXZGAA4","Case","005i0000001YLcMAAW","2017-07-13 19:48:18","Description","J","","","","","","","","","","","000000000000000AAA"
"0170H0000bpdCsmQAE","0","500i000000qlb3CAAQ","Case","005i0000001YLcMAAW","2017-07-13 19:51:13","Description","J","","","","","","","","","","","000000000000000AAA"
"0170H0000bpdCuEQAU","0","500i000000wHXZGAA4","Case","005i0000001YLcMAAW","2017-07-13 19:49:13","Description","J","","","","","","","","","","","000000000000000AAA"
"0170H0000bpdCz9QAE","0","5000H00000xQvM1QAK","Case","005i0000001YLcMAAW","2017-07-13 19:50:00","Description","J","","","","","","","","","","","000000000000000AAA"
"0170H0000bpdD5GQAU","0","5000H00000xQvMfQAK","Case","005i0000001YLcMAAW","2017-07-13 19:51:34","Description","J","","","","","","","","","","","000000000000000AAA"
"0170H0000bpdD7ZQAU","0","5000H00000xQvMfQAK","Case","005i0000001YLcMAAW","2017-07-13 19:52:11","Description","J","","","","","","","","","","","000000000000000AAA"
"0170H0000c04RSUQA2","0","0680H000003fai3QAA","ContentVersion","005i0000001YLcMAAW","2017-07-25 19:43:49","content_version_updated","S","","","","","","","","","","","000000000000000AAA"
"0170H0000c04RSVQA2","0","0680H000003fai3QAA","ContentVersion","005i0000001YLcMAAW","2017-07-25 19:43:51","createText","S","","","","","","","","","","","000000000000000AAA"
"0170H0000c04RfmQAE","0","0690H000003atDOQAY","ContentDocument","005i0000001YLcMAAW","2017-07-25 19:43:51","createText","S","","","","","","","","","","","000000000000000AAA"
"0170H0000cB9ajiQAB","0","0690H000003b0bXQAQ","ContentDocument","005i0000001YLcMAAW","2017-08-08 20:58:39","content_doc_published","S","","","","","","","","","","","000000000000000AAA"
"0170H0000cB9akKQAR","0","0690H000003b0bXQAQ","ContentDocument","005i0000001YLcMAAW","2017-08-08 20:58:39","createText","S","","","","","","","","","","","000000000000000AAA"
"0170H0000cB9akLQAR","0","0680H000003fiDWQAY","ContentVersion","005i0000001YLcMAAW","2017-08-08 20:58:39","createText","S","","","","","","","","","","","000000000000000AAA"
"0170H0000cCHxDlQAL","0","0690H000003b1A3QAI","ContentDocument","005i0000001YLcMAAW","2017-08-09 13:21:43","createText","S","","","","","","","","","","","000000000000000AAA"
"0170H0000cCHxDmQAL","0","0680H000003fim7QAA","ContentVersion","005i0000001YLcMAAW","2017-08-09 13:21:43","createText","S","","","","","","","","","","","000000000000000AAA"
"0170H0000cCHxDqQAL","0","0690H000003b1A3QAI","ContentDocument","005i0000001YLcMAAW","2017-08-09 13:21:43","content_doc_published","S","","","","","","","","","","","000000000000000AAA"
"0170H0000cHtCsDQAV","0","5000H00000zAZ7oQAG","Case","005i0000001YLcMAAW","2017-08-15 20:09:29","createText","S","","","","","","","","","","","000000000000000AAA"
"0170H0000cHtD2GQAV","0","5000H00000zAZ7oQAG","Case","005i0000001YLcMAAW","2017-08-15 20:09:59","IsClosed","S","","","","","","","","","","","000000000000000AAA"
"0170H0000cHtD2HQAV","0","5000H00000zAZ7oQAG","Case","005i0000001YLcMAAW","2017-08-15 20:09:59","Status","L","Escalated","Closed","","","","","","","","","000000000000000AAA"
"0170H0000cHtD2IQAV","0","5000H00000zAZ7oQAG","Case","005i0000001YLcMAAW","2017-08-15 20:09:59","Reason","L","","Installation","","","","","","","","","000000000000000AAA"
"0170H0000cHtE5eQAF","0","5000H00000zAZFOQA4","Case","005i0000001YLcMAAW","2017-08-15 20:22:01","createText","S","","","","","","","","","","","000000000000000AAA"
"0170H0000cHtE5fQAF","0","5000H00000zAZFOQA4","Case","005i0000001YLcMAAW","2017-08-15 20:22:01","RecordType","7","Create New Account","Inquiry","","","","","","","","","000000000000000AAA"
"0170H0000cHtE5gQAF","0","5000H00000zAZFOQA4","Case","005i0000001YLcMAAW","2017-08-15 20:22:01","RecordType","Y","0120H000001QSao","012i0000000tw2j","","","","","","","","","000000000000000AAA"
"0170H0000cJBdqGQAT","0","5000H00000zAoKiQAK","Case","005i0000001YLcMAAW","2017-08-17 18:54:10","createText","S","","","","","","","","","","","000000000000000AAA"
"0170H0000cJDhDpQAL","0","500i0000004C8u0AAC","Case","005i0000001YLcMAAW","2017-08-18 13:58:45","Description","J","","","","","","","","","","","000000000000000AAA"
"0170H0000cJDhDqQAL","0","500i0000004C8u0AAC","Case","005i0000001YLcMAAW","2017-08-18 13:58:45","RecordType","7","","Inquiry","","","","","","","","","000000000000000AAA"
"0170H0000cJDhDrQAL","0","500i0000004C8u0AAC","Case","005i0000001YLcMAAW","2017-08-18 13:58:45","RecordType","Y","","012i0000000tw2j","","","","","","","","","000000000000000AAA"
"0170H0000cJDi7hQAD","0","0690H000003bAuFQAU","ContentDocument","005i0000001YLcMAAW","2017-08-18 14:07:47","content_doc_published","S","","","","","","","","","","","000000000000000AAA"
"0170H0000cJDi9YQAT","0","0690H000003bAuFQAU","ContentDocument","005i0000001YLcMAAW","2017-08-18 14:07:47","createText","S","","","","","","","","","","","000000000000000AAA"
"0170H0000cJDi9ZQAT","0","0680H000003fsd8QAA","ContentVersion","005i0000001YLcMAAW","2017-08-18 14:07:47","createText","S","","","","","","","","","","","000000000000000AAA"
"0170H0000cM1jdDQAR","0","500i0000004C8u0AAC","Case","005i0000001YLcMAAW","2017-08-21 15:35:13","Owner","S","","","Sanket","Edna","V","Frank","","","","","000000000000000AAA"
"0170H0000cM1jdEQAR","0","500i0000004C8u0AAC","Case","005i0000001YLcMAAW","2017-08-21 15:35:13","Owner","Y","005i0000001YLcM","005i0000008s57y","","","","","","","","","000000000000000AAA"
"0170H0000cM1kLtQAJ","0","500i0000004C8tkAAC","Case","005i0000001YLcMAAW","2017-08-21 17:00:04","Owner","S","","","Sanket","Jose","V","Hernandez","","","","","000000000000000AAA"
"0170H0000cM1kLuQAJ","0","500i0000004C8tkAAC","Case","005i0000001YLcMAAW","2017-08-21 17:00:04","Owner","Y","005i0000001YLcM","005i0000007VZkZ","","","","","","","","","000000000000000AAA"
"0170H0000cM1kLvQAJ","0","500i0000004C8tkAAC","Case","005i0000001YLcMAAW","2017-08-21 17:02:22","Owner","S","","","Jose","Sanket","Hernandez","V","","","","","000000000000000AAA"
"0170H0000cM1kLwQAJ","0","500i0000004C8tkAAC","Case","005i0000001YLcMAAW","2017-08-21 17:02:22","Owner","Y","005i0000007VZkZ","005i0000001YLcM","","","","","","","","","000000000000000AAA"
"0170H0000cM1rUlQAJ","0","500i0000004C8tkAAC","Case","005i0000001YLcMAAW","2017-08-21 17:02:14","Owner","S","","","Sanket","Jose","V","Hernandez","","","","","000000000000000AAA"
"0170H0000cM1rUmQAJ","0","500i0000004C8tkAAC","Case","005i0000001YLcMAAW","2017-08-21 17:02:14","Owner","Y","005i0000001YLcM","005i0000007VZkZ","","","","","","","","","000000000000000AAA"
"0170H0000cM1rlXQAR","0","500i0000004C8tmAAC","Case","005i0000001YLcMAAW","2017-08-21 17:29:45","Owner","S","","","Sanket","Edna","V","Frank","","","","","000000000000000AAA"
"0170H0000cM1s1aQAB","0","500i0000004C8tkAAC","Case","005i0000001YLcMAAW","2017-08-21 16:58:33","Owner","S","","","Edna","Sanket","Frank","V","","","","","000000000000000AAA"
"0170H0000cM1sJJQAZ","0","500i0000004C8tkAAC","Case","005i0000001YLcMAAW","2017-08-21 16:57:46","Owner","S","","","Sanket","Edna","V","Frank","","","","","000000000000000AAA"
"0170H0000cM1sJKQAZ","0","500i0000004C8tkAAC","Case","005i0000001YLcMAAW","2017-08-21 16:57:46","Owner","Y","005i0000001YLcM","005i0000008s57y","","","","","","","","","000000000000000AAA"
"0170H0000cM1sJLQAZ","0","500i0000004C8tkAAC","Case","005i0000001YLcMAAW","2017-08-21 16:57:46","Contact","S","","","Rose","Edna","Gonzalez","Frank","","","","","000000000000000AAA"
"0170H0000cM1sJMQAZ","0","500i0000004C8tkAAC","Case","005i0000001YLcMAAW","2017-08-21 16:57:46","Contact","Y","003i000000PUSBM","003i000000PUSBc","","","","","","","","","000000000000000AAA"
"0170H0000cM1sN5QAJ","0","500i0000004C8tkAAC","Case","005i0000001YLcMAAW","2017-08-21 16:58:33","Owner","Y","005i0000008s57y","005i0000001YLcM","","","","","","","","","000000000000000AAA"
"0170H0000cM1sTPQAZ","0","500i0000004C8tkAAC","Case","005i0000001YLcMAAW","2017-08-21 17:00:12","Owner","S","","","Jose","Sanket","Hernandez","V","","","","","000000000000000AAA"
"0170H0000cM1sTQQAZ","0","500i0000004C8tkAAC","Case","005i0000001YLcMAAW","2017-08-21 17:00:12","Owner","Y","005i0000007VZkZ","005i0000001YLcM","","","","","","","","","000000000000000AAA"
"0170H0000cM1shgQAB","0","500i0000004C8tkAAC","Case","005i0000001YLcMAAW","2017-08-21 17:03:19","Owner","S","","","Sanket","Edna","V","Frank","","","","","000000000000000AAA"
"0170H0000cM1shhQAB","0","500i0000004C8tkAAC","Case","005i0000001YLcMAAW","2017-08-21 17:03:19","Owner","Y","005i0000001YLcM","005i0000008s57y","","","","","","","","","000000000000000AAA"
"0170H0000cM1sjcQAB","0","500i0000004C8tkAAC","Case","005i0000001YLcMAAW","2017-08-21 17:03:27","Owner","S","","","Edna","Sanket","Frank","V","","","","","000000000000000AAA"
"0170H0000cM1sjdQAB","0","500i0000004C8tkAAC","Case","005i0000001YLcMAAW","2017-08-21 17:03:27","Owner","Y","005i0000008s57y","005i0000001YLcM","","","","","","","","","000000000000000AAA"
"0170H0000cM1u2mQAB","0","500i0000004C8tkAAC","Case","005i0000001YLcMAAW","2017-08-21 17:23:31","Owner","S","","","Sanket","Edna","V","Frank","","","","","000000000000000AAA"
"0170H0000cM1u2nQAB","0","500i0000004C8tkAAC","Case","005i0000001YLcMAAW","2017-08-21 17:23:31","Owner","Y","005i0000001YLcM","005i0000008s57y","","","","","","","","","000000000000000AAA"
"0170H0000cM1u2oQAB","0","500i0000004C8tmAAC","Case","005i0000001YLcMAAW","2017-08-21 17:30:34","Owner","S","","","Edna","Sanket","Frank","V","","","","","000000000000000AAA"
"0170H0000cM1u2pQAB","0","500i0000004C8tmAAC","Case","005i0000001YLcMAAW","2017-08-21 17:30:34","Owner","Y","005i0000008s57y","005i0000001YLcM","","","","","","","","","000000000000000AAA"
"0170H0000cM1u5OQAR","0","500i0000004C8tkAAC","Case","005i0000001YLcMAAW","2017-08-21 17:24:12","Owner","S","","","Edna","Jose","Frank","Hernandez","","","","","000000000000000AAA"
"0170H0000cM1u5PQAR","0","500i0000004C8tkAAC","Case","005i0000001YLcMAAW","2017-08-21 17:24:12","Owner","Y","005i0000008s57y","005i0000007VZkZ","","","","","","","","","000000000000000AAA"
"0170H0000cM1u5QQAR","0","500i0000004C8tmAAC","Case","005i0000001YLcMAAW","2017-08-21 17:26:41","Owner","S","","","","Sanket","Call Center Inquiry Queue","V","","","","","000000000000000AAA"
"0170H0000cM1u5RQAR","0","500i0000004C8tmAAC","Case","005i0000001YLcMAAW","2017-08-21 17:26:41","Owner","Y","00Gi0000005BfGJ","005i0000001YLcM","","","","","","","","","000000000000000AAA"
"0170H0000cM1uQNQAZ","0","500i0000004C8tmAAC","Case","005i0000001YLcMAAW","2017-08-21 17:29:45","Owner","Y","005i0000001YLcM","005i0000008s57y","","","","","","","","","000000000000000AAA"
"0170H0000cM1uQOQAZ","0","500i0000004C8tmAAC","Case","005i0000001YLcMAAW","2017-08-21 17:29:45","Contact","S","","","Stella","Edna","Pavlova","Frank","","","","","000000000000000AAA"
"0170H0000cM1uQPQAZ","0","500i0000004C8tmAAC","Case","005i0000001YLcMAAW","2017-08-21 17:29:45","Contact","Y","003i000000PUSBT","003i000000PUSBc","","","","","","","","","000000000000000AAA"
"0170H0000cM1uQQQAZ","0","5000H00000zAZFOQA4","Case","005i0000001YLcMAAW","2017-08-21 17:36:47","Owner","S","","","Sanket","Edna","V","Frank","","","","","000000000000000AAA"
"0170H0000cM1uQRQAZ","0","5000H00000zAZFOQA4","Case","005i0000001YLcMAAW","2017-08-21 17:36:47","Owner","Y","005i0000001YLcM","005i0000008s57y","","","","","","","","","000000000000000AAA"
"0170H0000cM1ux7QAB","0","5000H00000zAZFOQA4","Case","005i0000001YLcMAAW","2017-08-21 17:36:47","Contact","S","","","","Edna","","Frank","","","","","000000000000000AAA"
"0170H0000cM1ux8QAB","0","5000H00000zAZFOQA4","Case","005i0000001YLcMAAW","2017-08-21 17:36:47","Contact","Y","","003i000000PUSBc","","","","","","","","","000000000000000AAA"
"0170H0000cM1yIVQAZ","0","5000H00000zAZFOQA4","Case","005i0000001YLcMAAW","2017-08-21 18:19:57","Owner","S","","","Edna","Sanket","Frank","V","","","","","000000000000000AAA"
"0170H0000cM1yIWQAZ","0","5000H00000zAZFOQA4","Case","005i0000001YLcMAAW","2017-08-21 18:19:57","Owner","Y","005i0000008s57y","005i0000001YLcM","","","","","","","","","000000000000000AAA"
"0170H0000cNIlxZQAT","0","5000H00000zBBy9QAG","Case","005i0000001YLcMAAW","2017-08-22 17:22:30","createText","S","","","","","","","","","","","000000000000000AAA"
"0170H0000cP88FvQAJ","0","5000H00000zdp2wQAA","Case","0050H000008z2NNQAY","2017-08-24 21:20:46","createText","S","","","","","","","","","","","000000000000000AAA"
"0170H0000cP88jWQAR","0","5000H00000zdp2rQAA","Case","0050H000008z2NNQAY","2017-08-24 21:20:20","createText","S","","","","","","","","","","","000000000000000AAA"
"0170H0000cccBvuQAE","0","a0R0H00000NHAaLUAX","Property","005i0000001YLcMAAW","2017-09-13 18:37:32","createText","S","","","","","","","","","","","000000000000000AAA"
"0170H0000cccBvvQAE","0","5000H00000zfECnQAM","Case","005i0000001YLcMAAW","2017-09-13 18:37:32","createText","S","","","","","","","","","","","000000000000000AAA"
"0170H0000cccC05QAE","0","a0R0H00000NHAaQUAX","Property","005i0000001YLcMAAW","2017-09-13 18:38:36","createText","S","","","","","","","","","","","000000000000000AAA"
"0170H0000cccC06QAE","0","5000H00000zfED2QAM","Case","005i0000001YLcMAAW","2017-09-13 18:38:36","createText","S","","","","","","","","","","","000000000000000AAA"
"0170H0000cccCIHQA2","0","a0R0H00000NHAaQUAX","Property","005i0000001YLcMAAW","2017-09-13 18:42:43","00Ni000000HWWNB","C","","000","","","","","","10020","","","000000000000000AAA"
"0170H0000cccD2MQAU","0","5000H00000zfED2QAM","Case","005i0000001YLcMAAW","2017-09-13 19:01:56","Owner","S","","","Sanket","Jose","V","Hernandez","","","","","000000000000000AAA"
"0170H0000cccD2NQAU","0","5000H00000zfED2QAM","Case","005i0000001YLcMAAW","2017-09-13 19:01:56","Owner","Y","005i0000001YLcM","005i0000007VZkZ","","","","","","","","","000000000000000AAA"
"0170H0000dmbyL8QAI","0","a0Y0H00000IlyrQUAR","Change_Control","005i0000001YLcMAAW","2017-11-30 18:08:51","createText","S","","","","","","","","","","","000000000000000AAA"
"0170H0000dmbzdZQAQ","0","0680H000003dmTTQAY","ContentVersion","005i0000001YLcMAAW","2017-11-30 18:21:59","content_version_updated","S","","","","","","","","","","","000000000000000AAA"
"0170H0000dmbzdaQAA","0","0680H000003dmTTQAY","ContentVersion","005i0000001YLcMAAW","2017-11-30 18:21:57","createText","S","","","","","","","","","","","000000000000000AAA"
"0170H0000dmbzhRQAQ","0","0690H000003pabHQAQ","ContentDocument","005i0000001YLcMAAW","2017-11-30 18:22:10","createText","S","","","","","","","","","","","000000000000000AAA"
"0170H0000dwPCeZQAW","0","0680H000003e1JxQAI","ContentVersion","005i0000001YLcMAAW","2017-12-11 18:31:27","createText","S","","","","","","","","","","","000000000000000AAA"
"0170H0000dwPCeaQAG","0","0690H000003ppPVQAY","ContentDocument","005i0000001YLcMAAW","2017-12-11 18:31:27","createText","S","","","","","","","","","","","000000000000000AAA"
"0170H0000eembcpQAA","0","0690H000003qypUQAQ","ContentDocument","005i0000001YLcMAAW","2018-02-04 05:24:20","createText","S","","","","","","","","","","","000000000000000AAA"
"0170H0000eembcqQAA","0","0680H0000048Xl8QAE","ContentVersion","005i0000001YLcMAAW","2018-02-04 05:24:19","createText","S","","","","","","","","","","","000000000000000AAA"
"0170H0000f7afbwQAA","0","5000H000014hLNbQAM","Case","005i0000001YLcMAAW","2018-03-12 17:06:08","createText","S","","","","","","","","","","","000000000000000AAA"
"0170H0000f7akycQAA","0","5000H000014hLMdQAM","Case","005i0000001YLcMAAW","2018-03-12 17:04:18","createText","S","","","","","","","","","","","000000000000000AAA"
"0170H0000f7al1aQAA","0","5000H000014hLOZQA2","Case","005i0000001YLcMAAW","2018-03-12 17:07:55","createText","S","","","","","","","","","","","000000000000000AAA"
"0170H0000f7alEXQAY","0","5000H000014hLNwQAM","Case","005i0000001YLcMAAW","2018-03-12 17:08:01","createText","S","","","","","","","","","","","000000000000000AAA"
"0170H0000f7az4qQAA","0","5000H000014hM9pQAE","Case","005i0000001YLcMAAW","2018-03-12 18:52:02","createText","S","","","","","","","","","","","000000000000000AAA"
"0170H0000f9Ej4YQAS","0","5000H000014hYPQQA2","Case","005i0000001YLcMAAW","2018-03-14 21:17:20","createText","S","","","","","","","","","","","000000000000000AAA"
"0170H0000f9Ej8FQAS","0","5000H000014hYQ9QAM","Case","005i0000001YLcMAAW","2018-03-14 21:19:05","createText","S","","","","","","","","","","","000000000000000AAA"
"0170H0000fAocCnQAJ","0","5000H000014hbM2QAI","Case","005i0000001YLcMAAW","2018-03-15 16:07:13","createText","S","","","","","","","","","","","000000000000000AAA"
"017i00000IThOB8AQN","0","069i0000001vgSyAAI","ContentDocument","005i0000002B8LLAA0","2015-08-22 03:25:53","createText","S","","","","","","","","","","","000000000000000AAA"
"017i00000IThOB9AQN","0","068i0000001wBQQAA2","ContentVersion","005i0000002B8LLAA0","2015-08-22 03:25:53","createText","S","","","","","","","","","","","000000000000000AAA"
"017i00000KImDztAQF","0","a01i000000cJ3C7AAK","Position","005i0000001YLcMAAW","2015-11-06 05:18:46","createText","S","","","","","","","","","","","000000000000000AAA"
"017i00000KbPFy1AQG","0","a01i000000dKxDlAAK","Position","005i0000001YLcMAAW","2015-11-18 18:56:30","createText","S","","","","","","","","","","","000000000000000AAA"
"017i00000KdmetoAQA","0","a01i000000dL5X7AAK","Position","005i0000001YLcMAAW","2015-11-19 18:23:54","createText","S","","","","","","","","","","","000000000000000AAA"
"017i00000KsOat5AQC","0","a02i000000eie9eAAA","Candidate","005i0000001YLcMAAW","2015-11-30 20:12:25","createText","S","","","","","","","","","","","000000000000000AAA"
"017i00000KswVwuAQE","0","a03i000000PetVBAAZ","Job_Application","005i0000001YLcMAAW","2015-11-30 21:00:26","createText","S","","","","","","","","","","","000000000000000AAA"
"017i00000Ksx1RsAQI","0","a03i000000Pett9AAB","Job_Application","005i0000001YLcMAAW","2015-11-30 22:02:44","createText","S","","","","","","","","","","","000000000000000AAA"
"017i00000Ksx5aYAQQ","0","a02i000000eifK3AAI","Candidate","005i0000001YLcMAAW","2015-11-30 22:08:29","createText","S","","","","","","","","","","","000000000000000AAA"
"017i00000Ksx5kVAQQ","0","a02i000000eifKLAAY","Candidate","005i0000001YLcMAAW","2015-11-30 22:09:01","createText","S","","","","","","","","","","","000000000000000AAA"
"017i00000Ksx5yNAQQ","0","a02i000000eifKpAAI","Candidate","005i0000001YLcMAAW","2015-11-30 22:09:40","createText","S","","","","","","","","","","","000000000000000AAA"
"017i00000KsxXSVAQ2","0","a03i000000Peu9cAAB","Job_Application","005i0000001YLcMAAW","2015-11-30 22:59:03","createText","S","","","","","","","","","","","000000000000000AAA"
"017i00000KsxXw1AQE","0","a04i000000k78XKAAY","Review","005i0000001YLcMAAW","2015-11-30 23:00:19","createText","S","","","","","","","","","","","000000000000000AAA"
"017i00000LRw2uTAQR","0","a00i000000hDKqXAAW","Employment_Website","005i0000001YLcMAAW","2015-12-22 19:17:40","createText","S","","","","","","","","","","","000000000000000AAA"
"017i00000LRw3EvAQJ","0","a00i000000hDKqcAAG","Employment_Website","005i0000001YLcMAAW","2015-12-22 19:17:57","createText","S","","","","","","","","","","","000000000000000AAA"
"017i00000LRw3xUAQR","0","a05i000000hBIrCAAW","Job_Posting","005i0000001YLcMAAW","2015-12-22 19:18:54","createText","S","","","","","","","","","","","000000000000000AAA"
"017i00000LRw45OAQR","0","a05i000000hBIrHAAW","Job_Posting","005i0000001YLcMAAW","2015-12-22 19:19:00","createText","S","","","","","","","","","","","000000000000000AAA"
"017i00000LRwVzqAQF","0","a02i000000elyIlAAI","Candidate","005i0000001YLcMAAW","2015-12-22 19:55:16","createText","S","","","","","","","","","","","000000000000000AAA"
"017i00000LRwVzrAQF","0","a02i000000elyImAAI","Candidate","005i0000001YLcMAAW","2015-12-22 19:55:16","createText","S","","","","","","","","","","","000000000000000AAA"
"017i00000LRwVzsAQF","0","a02i000000elyInAAI","Candidate","005i0000001YLcMAAW","2015-12-22 19:55:16","createText","S","","","","","","","","","","","000000000000000AAA"
"017i00000LRwVztAQF","0","a02i000000elyIoAAI","Candidate","005i0000001YLcMAAW","2015-12-22 19:55:16","createText","S","","","","","","","","","","","000000000000000AAA"
"017i00000LRwVzuAQF","0","a02i000000elyIpAAI","Candidate","005i0000001YLcMAAW","2015-12-22 19:55:16","createText","S","","","","","","","","","","","000000000000000AAA"
"017i00000LRwVzvAQF","0","a02i000000elyIqAAI","Candidate","005i0000001YLcMAAW","2015-12-22 19:55:16","createText","S","","","","","","","","","","","000000000000000AAA"
"017i00000LRwVzwAQF","0","a02i000000elyIrAAI","Candidate","005i0000001YLcMAAW","2015-12-22 19:55:16","createText","S","","","","","","","","","","","000000000000000AAA"
"017i00000LRwVzxAQF","0","a02i000000elyIsAAI","Candidate","005i0000001YLcMAAW","2015-12-22 19:55:16","createText","S","","","","","","","","","","","000000000000000AAA"
"017i00000LRwVzyAQF","0","a02i000000elyItAAI","Candidate","005i0000001YLcMAAW","2015-12-22 19:55:16","createText","S","","","","","","","","","","","000000000000000AAA"
"017i00000LRwVzzAQF","0","a02i000000elyIuAAI","Candidate","005i0000001YLcMAAW","2015-12-22 19:55:16","createText","S","","","","","","","","","","","000000000000000AAA"
"017i00000LRwW00AQF","0","a02i000000elyIvAAI","Candidate","005i0000001YLcMAAW","2015-12-22 19:55:16","createText","S","","","","","","","","","","","000000000000000AAA"
"017i00000NHFgjYAQT","0","a04i000000nM7WSAA0","Review","005i0000001YLcMAAW","2016-02-22 16:32:05","createText","S","","","","","","","","","","","000000000000000AAA"
"017i00000NHFgtqAQD","0","a04i000000nM7ZRAA0","Review","005i0000001YLcMAAW","2016-02-22 16:32:32","createText","S","","","","","","","","","","","000000000000000AAA"
"017i00000UN2nA4AQJ","0","500i000000miPN9AAM","Case","005i0000001YLcMAAW","2016-09-07 16:41:28","createText","S","","","","","","","","","","","000000000000000AAA"
"017i00000UN2nA6AQJ","0","500i000000miPNAAA2","Case","005i0000001YLcMAAW","2016-09-07 16:41:28","createText","S","","","","","","","","","","","000000000000000AAA"
"017i00000UN2nAVAQZ","0","500i000000miPNBAA2","Case","005i0000001YLcMAAW","2016-09-07 16:41:29","createText","S","","","","","","","","","","","000000000000000AAA"
"017i00000UN2nAXAQZ","0","500i000000miPNCAA2","Case","005i0000001YLcMAAW","2016-09-07 16:41:29","createText","S","","","","","","","","","","","000000000000000AAA"
"017i00000UN2nAZAQZ","0","500i000000miPNDAA2","Case","005i0000001YLcMAAW","2016-09-07 16:41:29","createText","S","","","","","","","","","","","000000000000000AAA"
"017i00000UN2nB4AQJ","0","500i000000miPNJAA2","Case","005i0000001YLcMAAW","2016-09-07 16:41:30","createText","S","","","","","","","","","","","000000000000000AAA"
"017i00000UN2nB6AQJ","0","500i000000miPNKAA2","Case","005i0000001YLcMAAW","2016-09-07 16:41:30","createText","S","","","","","","","","","","","000000000000000AAA"
"017i00000UN2nBTAQZ","0","500i000000miPNLAA2","Case","005i0000001YLcMAAW","2016-09-07 16:41:31","createText","S","","","","","","","","","","","000000000000000AAA"
"017i00000UN2nBVAQZ","0","500i000000miPNMAA2","Case","005i0000001YLcMAAW","2016-09-07 16:41:31","createText","S","","","","","","","","","","","000000000000000AAA"
"017i00000UN2nBXAQZ","0","500i000000miPNNAA2","Case","005i0000001YLcMAAW","2016-09-07 16:41:31","createText","S","","","","","","","","","","","000000000000000AAA"
"017i00000UN2nC8AQJ","0","500i000000miPNOAA2","Case","005i0000001YLcMAAW","2016-09-07 16:41:32","createText","S","","","","","","","","","","","000000000000000AAA"
"017i00000UN2nCAAQZ","0","500i000000miPNPAA2","Case","005i0000001YLcMAAW","2016-09-07 16:41:32","createText","S","","","","","","","","","","","000000000000000AAA"
"017i00000UN2sxHAQR","0","500i000000miPRkAAM","Case","005i0000001YLcMAAW","2016-09-07 16:45:40","createText","S","","","","","","","","","","","000000000000000AAA"
"017i00000UN2sxJAQR","0","500i000000miPRlAAM","Case","005i0000001YLcMAAW","2016-09-07 16:45:40","createText","S","","","","","","","","","","","000000000000000AAA"
"017i00000UN2sxgAQB","0","500i000000miPRmAAM","Case","005i0000001YLcMAAW","2016-09-07 16:45:40","createText","S","","","","","","","","","","","000000000000000AAA"
"017i00000UN2sxiAQB","0","500i000000miPRnAAM","Case","005i0000001YLcMAAW","2016-09-07 16:45:41","createText","S","","","","","","","","","","","000000000000000AAA"
"017i00000UN2sxkAQB","0","500i000000miPRoAAM","Case","005i0000001YLcMAAW","2016-09-07 16:45:41","createText","S","","","","","","","","","","","000000000000000AAA"
"017i00000UN2syzAQB","0","500i000000miPRpAAM","Case","005i0000001YLcMAAW","2016-09-07 16:45:42","createText","S","","","","","","","","","","","000000000000000AAA"
"017i00000UN2sz1AQB","0","500i000000miPRqAAM","Case","005i0000001YLcMAAW","2016-09-07 16:45:42","createText","S","","","","","","","","","","","000000000000000AAA"
"017i00000UN2szeAQB","0","500i000000miPRrAAM","Case","005i0000001YLcMAAW","2016-09-07 16:45:42","createText","S","","","","","","","","","","","000000000000000AAA"
"017i00000UN2szgAQB","0","500i000000miPRsAAM","Case","005i0000001YLcMAAW","2016-09-07 16:45:42","createText","S","","","","","","","","","","","000000000000000AAA"
"017i00000UN2sziAQB","0","500i000000miPRtAAM","Case","005i0000001YLcMAAW","2016-09-07 16:45:43","createText","S","","","","","","","","","","","000000000000000AAA"
"017i00000UN2t0NAQR","0","500i000000miPRuAAM","Case","005i0000001YLcMAAW","2016-09-07 16:45:43","createText","S","","","","","","","","","","","000000000000000AAA"
"017i00000UN2t0PAQR","0","500i000000miPRvAAM","Case","005i0000001YLcMAAW","2016-09-07 16:45:44","createText","S","","","","","","","","","","","000000000000000AAA"
"017i00000VNY5moAQD","0","a0Ri000000M8CFlEAN","Property","005i0000001YLcMAAW","2016-09-28 20:42:48","createText","S","","","","","","","","","","","000000000000000AAA"
"017i00000VNY5mpAQD","0","500i000000nrC3dAAE","Case","005i0000001YLcMAAW","2016-09-28 20:42:48","createText","S","","","","","","","","","","","000000000000000AAA"
"017i00000VNY5mqAQD","0","a0Ri000000M8CFmEAN","Property","005i0000001YLcMAAW","2016-09-28 20:42:48","createText","S","","","","","","","","","","","000000000000000AAA"
"017i00000VNY5mrAQD","0","500i000000nrC3eAAE","Case","005i0000001YLcMAAW","2016-09-28 20:42:48","createText","S","","","","","","","","","","","000000000000000AAA"
"017i00000VNY5msAQD","0","a0Ri000000M8CFnEAN","Property","005i0000001YLcMAAW","2016-09-28 20:42:49","createText","S","","","","","","","","","","","000000000000000AAA"
"017i00000VNY5nJAQT","0","500i000000nrC3fAAE","Case","005i0000001YLcMAAW","2016-09-28 20:42:49","createText","S","","","","","","","","","","","000000000000000AAA"
"017i00000VNY5nKAQT","0","a0Ri000000M8CFoEAN","Property","005i0000001YLcMAAW","2016-09-28 20:42:49","createText","S","","","","","","","","","","","000000000000000AAA"
"017i00000VNY5nLAQT","0","500i000000nrC3gAAE","Case","005i0000001YLcMAAW","2016-09-28 20:42:49","createText","S","","","","","","","","","","","000000000000000AAA"
"017i00000VNY5nMAQT","0","a0Ri000000M8CFpEAN","Property","005i0000001YLcMAAW","2016-09-28 20:42:50","createText","S","","","","","","","","","","","000000000000000AAA"
"017i00000VNY5nNAQT","0","500i000000nrC3hAAE","Case","005i0000001YLcMAAW","2016-09-28 20:42:50","createText","S","","","","","","","","","","","000000000000000AAA"
"017i00000VNY5o6AQD","0","a0Ri000000M8CFqEAN","Property","005i0000001YLcMAAW","2016-09-28 20:42:50","createText","S","","","","","","","","","","","000000000000000AAA"
"017i00000VNY5o7AQD","0","500i000000nrC3sAAE","Case","005i0000001YLcMAAW","2016-09-28 20:42:50","createText","S","","","","","","","","","","","000000000000000AAA"
"017i00000VNY5o8AQD","0","a0Ri000000M8CFrEAN","Property","005i0000001YLcMAAW","2016-09-28 20:42:50","createText","S","","","","","","","","","","","000000000000000AAA"
"017i00000VNY5o9AQD","0","500i000000nrC3tAAE","Case","005i0000001YLcMAAW","2016-09-28 20:42:50","createText","S","","","","","","","","","","","000000000000000AAA"
"017i00000VNY5oAAQT","0","a0Ri000000M8CFsEAN","Property","005i0000001YLcMAAW","2016-09-28 20:42:51","createText","S","","","","","","","","","","","000000000000000AAA"
"017i00000VNY5p7AQD","0","500i000000nrC3uAAE","Case","005i0000001YLcMAAW","2016-09-28 20:42:51","createText","S","","","","","","","","","","","000000000000000AAA"
"017i00000VNY5p8AQD","0","a0Ri000000M8CFtEAN","Property","005i0000001YLcMAAW","2016-09-28 20:42:52","createText","S","","","","","","","","","","","000000000000000AAA"
"017i00000VNY5p9AQD","0","500i000000nrC3vAAE","Case","005i0000001YLcMAAW","2016-09-28 20:42:52","createText","S","","","","","","","","","","","000000000000000AAA"
"017i00000VNY5pAAQT","0","a0Ri000000M8CFuEAN","Property","005i0000001YLcMAAW","2016-09-28 20:42:52","createText","S","","","","","","","","","","","000000000000000AAA"
"017i00000VNY5pBAQT","0","500i000000nrC3wAAE","Case","005i0000001YLcMAAW","2016-09-28 20:42:52","createText","S","","","","","","","","","","","000000000000000AAA"
"017i00000VNY5pmAQD","0","a0Ri000000M8CFvEAN","Property","005i0000001YLcMAAW","2016-09-28 20:42:53","createText","S","","","","","","","","","","","000000000000000AAA"
"017i00000VNY5pnAQD","0","500i000000nrC3xAAE","Case","005i0000001YLcMAAW","2016-09-28 20:42:53","createText","S","","","","","","","","","","","000000000000000AAA"
"017i00000VNY5poAQD","0","a0Ri000000M8CFwEAN","Property","005i0000001YLcMAAW","2016-09-28 20:42:53","createText","S","","","","","","","","","","","000000000000000AAA"
"017i00000VNY5ppAQD","0","500i000000nrC3yAAE","Case","005i0000001YLcMAAW","2016-09-28 20:42:53","createText","S","","","","","","","","","","","000000000000000AAA"
"017i00000XNgTtuAQF","0","500i000000q8YuqAAE","Case","005i0000001YLcMAAW","2016-11-30 15:08:58","createText","S","","","","","","","","","","","000000000000000AAA"
"017i00000XNgZHFAQ3","0","500i000000q8YuqAAE","Case","005i0000001YLcMAAW","2016-11-30 15:09:17","IsClosed","S","","","","","","","","","","","000000000000000AAA"
"017i00000XNgZHGAQ3","0","500i000000q8YuqAAE","Case","005i0000001YLcMAAW","2016-11-30 15:09:17","Status","L","New","Closed","","","","","","","","","000000000000000AAA"
"017i00000XNgZHHAQ3","0","500i000000q8YuqAAE","Case","005i0000001YLcMAAW","2016-11-30 15:09:17","Reason","L","","Other","","","","","","","","","000000000000000AAA"
"017i00000XUAPJ6AQP","0","500i000000qlaMIAAY","Case","005i0000001YLcMAAW","2016-12-05 20:54:22","createText","S","","","","","","","","","","","000000000000000AAA"
"017i00000XUAPN3AQP","0","500i000000qlaMIAAY","Case","005i0000001YLcMAAW","2016-12-05 20:56:27","IsClosed","S","","","","","","","","","","","000000000000000AAA"
"017i00000XUAPN4AQP","0","500i000000qlaMIAAY","Case","005i0000001YLcMAAW","2016-12-05 20:56:27","Status","L","New","Closed","","","","","","","","","000000000000000AAA"
"017i00000XUAPN5AQP","0","500i000000qlaMIAAY","Case","005i0000001YLcMAAW","2016-12-05 20:56:27","Reason","L","","Equipment Complexity","","","","","","","","","000000000000000AAA"
"017i00000XUAjI2AQL","0","500i000000qlb3CAAQ","Case","005i0000001YLcMAAW","2016-12-05 21:39:06","createText","S","","","","","","","","","","","000000000000000AAA"
"017i00000XUAjI3AQL","0","500i000000qlb3CAAQ","Case","005i0000001YLcMAAW","2016-12-05 21:39:06","RecordType","7","","Inquiry","","","","","","","","","000000000000000AAA"
"017i00000XUAjI4AQL","0","500i000000qlb3CAAQ","Case","005i0000001YLcMAAW","2016-12-05 21:39:06","RecordType","Y","","012i0000000tw2j","","","","","","","","","000000000000000AAA"
"017i00000XUAjsXAQT","0","500i000000qlb3CAAQ","Case","005i0000001YLcMAAW","2016-12-05 21:39:06","Status","L","","New","","","","","","","","","000000000000000AAA"
"017i00000XUAjsYAQT","0","500i000000qlb3CAAQ","Case","005i0000001YLcMAAW","2016-12-05 21:39:06","owner_field_assign","S","","","","Sanket","","V","","","","","000000000000000AAA"
"017i00000XUAjsZAQT","0","500i000000qlb3CAAQ","Case","005i0000001YLcMAAW","2016-12-05 21:39:06","owner_field_assign","Y","","005i0000001YLcM","","","","","","","","","000000000000000AAA"
"017i00000XUAn8uAQD","0","500i000000qlbJyAAI","Case","005i0000001YLcMAAW","2016-12-05 21:54:51","createText","S","","","","","","","","","","","000000000000000AAA"
"017i00000Xp4ElNAQU","0","500i0000004C8tkAAC","Case","005i0000001YLcMAAW","2016-12-20 20:45:34","IsClosed","S","","","","","","","","","","","000000000000000AAA"
"017i00000Xp4ElOAQU","0","500i0000004C8tkAAC","Case","005i0000001YLcMAAW","2016-12-20 20:45:36","Reason","L","Equipment Complexity","Installation","","","","","","","","","000000000000000AAA"
"017i00000Xp4ElPAQU","0","500i0000004C8tkAAC","Case","005i0000001YLcMAAW","2016-12-20 20:45:36","RecordType","7","","Inquiry","","","","","","","","","000000000000000AAA"
"017i00000Xp4ElQAQU","0","500i0000004C8tkAAC","Case","005i0000001YLcMAAW","2016-12-20 20:45:36","RecordType","Y","","012i0000000tw2j","","","","","","","","","000000000000000AAA"
"017i00000Xp4Vz4AQE","0","500i000000qlbJyAAI","Case","005i0000001YLcMAAW","2016-12-20 21:41:51","Subject","S","Where is my shoes?","Where are my shoes?","","","","","","","","","000000000000000AAA"
"017i00000aM2WJIAA3","0","550i0000000FkZgAAK","Entitlement","005i0000001YLcMAAW","2017-04-24 15:49:03","createText","S","","","","","","","","","","","000000000000000AAA"
"017i00000aM2XdlAAF","0","01ti0000009QX2TAAW","Product2","005i0000001YLcMAAW","2017-04-24 15:51:44","createText","S","","","","","","","","","","","000000000000000AAA"
"017i00000aM2e3eAAB","0","01ti0000009QX2YAAW","Product2","005i0000001YLcMAAW","2017-04-24 15:55:00","createText","S","","","","","","","","","","","000000000000000AAA"
"017i00000aefXxUAAU","0","0DMi0000000TSsvGAG","Site","005i0000001YLcMAAW","2017-05-08 17:40:59","SiteNewDomain","S","","plano1-developer-edition.na15.force.com/cloudkicks/s","","","","","","","","","000000000000000AAA"
"017i00000aefXxVAAU","0","0DMi0000000TSsuGAG","Site","005i0000001YLcMAAW","2017-05-08 17:41:22","createText","S","","","","","","","","","","","000000000000000AAA"
"017i00000aefXxWAAU","0","0DMi0000000TSsuGAG","Site","005i0000001YLcMAAW","2017-05-08 17:41:22","IndexPage","S","UnderConstruction","CommunitiesLanding","","","","","","","","","000000000000000AAA"
"017i00000aefXxXAAU","0","0DMi0000000TSsuGAG","Site","005i0000001YLcMAAW","2017-05-08 17:41:22","IndexPage","Y","066i00000054wb1","066i00000054wb6","","","","","","","","","000000000000000AAA"
"017i00000aefXxYAAU","0","0DMi0000000TSsvGAG","Site","005i0000001YLcMAAW","2017-05-08 17:41:22","createText","S","","","","","","","","","","","000000000000000AAA"
"017i00000anXdgPAAS","0","500i000000wHXZGAA4","Case","005i0000001YLcMAAW","2017-05-15 01:53:34","createText","S","","","","","","","","","","","000000000000000AAA"
