"Id","OwnerId","IsDeleted","Name","CreatedDate","CreatedById","LastModifiedDate","LastModifiedById","SystemModstamp","Amount__c","Client__c","Date__c","Reimbursed__c"
"a0Hi000000Yq2hsEAB","005i0000001YLcMAAW","0","Jhol Hotel","2016-08-18 17:15:25","005i0000001YLcMAAW","2016-08-22 19:18:57","005i0000007VZkZAAW","2017-09-09 10:32:35","2902","Jhol Zapel","2016-04-05 17:14:00","1"
"a0Hi000000Yq2i7EAB","005i0000001YLcMAAW","0","Bandra Suites","2016-08-18 17:15:58","005i0000001YLcMAAW","2016-08-18 21:52:16","005i0000001YLcMAAW","2016-08-20 08:41:24","2","Kareina Kahn","2016-07-11 17:15:00","0"
"a0Hi000000Yq2ilEAB","005i0000001YLcMAAW","0","Horse Dance Academy","2016-08-18 17:25:14","005i0000001YLcMAAW","2016-08-22 19:19:00","005i0000007VZkZAAW","2016-08-22 19:19:00","789","Paradise Inc.","2016-02-18 18:25:00","1"
"a0Hi000000Yq2nKEAR","005i0000001YLcMAAW","0","Chili's Desi Style","2016-08-18 17:41:06","005i0000001YLcMAAW","2016-08-22 19:18:09","005i0000007VZkZAAW","2016-08-22 19:18:09","290","Bhukkad & Sons","2016-08-12 02:00:00","1"
"a0Hi000000Yq2piEAB","005i0000001YLcMAAW","0","Dilbahar Dilnawaz Dilfarosh Diljala Paranthawala","2016-08-18 17:56:58","005i0000001YLcMAAW","2016-08-22 19:18:58","005i0000007VZkZAAW","2016-08-22 19:18:58","23","sf","2016-08-10 19:00:00","1"
"a0Hi000000Yq8SVEAZ","005i0000001YLcMAAW","0","Chana Chai and Chinese","2016-08-19 20:50:21","005i0000001YLcMAAW","2016-08-22 19:17:07","005i0000007VZkZAAW","2016-08-22 19:17:07","100","Urvashi Rataulkar","2016-08-03 19:00:00","0"
