"Id","FeedItemId","ParentId","Type","CreatedById","CreatedDate","SystemModstamp","Title","Body","LinkUrl","IsDeleted","ContentId","RelatedRecordId","InsertedById","OriginNetworkId","IsRichText"
"0F70H00000j4ajwSAA","0D50H00004sWwcBSAS","005i0000001YLcMAAW","ContentPost","005i0000001YLcMAAW","2017-07-07 17:09:46","2017-07-07 17:09:46","trailhead_superbadge_data_integration.png","I just earned the Data Integration Specialist badge on #Trailhead! Goat check it out, you'll be beary proud of me!","","0","0690H000003akQxQAI","0680H000003fRkPQAU","005i0000001YLcMAAW","000000000000000AAA","0"
"0F70H00000j5eWZSAY","0D50H00004wGHCYSA4","500i0000004C8u0AAC","TextPost","005i0000001YLcMAAW","2017-08-21 14:57:46","2017-08-21 14:57:46","","<p>What the what.</p>","","0","000000000000000AAA","000000000000000AAA","005i0000001YLcMAAW","000000000000000AAA","1"
"0F70H00000j5eYgSAI","0D50H00004wGHYRSA4","500i0000004C8u0AAC","TextPost","005i0000001YLcMAAW","2017-08-21 15:22:28","2017-08-21 15:22:28","","<p>What's the latest update on this?</p>","","0","000000000000000AAA","000000000000000AAA","005i0000001YLcMAAW","000000000000000AAA","1"
"0F70H00000jEXcHSAW","0D50H00004xiDQ6SAM","005i0000001YLcMAAW","TextPost","005i0000001YLcMAAW","2017-09-13 18:37:31","2017-09-13 18:37:31","","New Property: Ross Ave, Dallas.  bedrooms. $","","0","000000000000000AAA","000000000000000AAA","005i0000001YLcMAAW","000000000000000AAA","0"
"0F70H00000jEXcWSAW","0D50H00004xiDRnSAM","005i0000001YLcMAAW","TextPost","005i0000001YLcMAAW","2017-09-13 18:38:36","2017-09-13 18:38:36","","New Property: Downtown, Dallas.  bedrooms. $","","0","000000000000000AAA","000000000000000AAA","005i0000001YLcMAAW","000000000000000AAA","0"
"0F70H00000jEXcXSAW","0D50H00004xiDRpSAM","005i0000001YLcMAAW","TextPost","005i0000001YLcMAAW","2017-09-13 18:54:22","2017-09-13 18:54:22","","<p>@Jose Hernandez?&nbsp;Ki haal hai khotye?</p>","","0","000000000000000AAA","000000000000000AAA","005i0000001YLcMAAW","000000000000000AAA","1"
"0F70H00000jEXfpSAG","0D50H00004xiDqJSAU","005i0000001YLcMAAW","TextPost","005i0000001YLcMAAW","2017-09-13 18:54:01","2017-09-13 18:54:01","","<p>@Sanket V?&nbsp;ki haal hai?</p>","","0","000000000000000AAA","000000000000000AAA","005i0000001YLcMAAW","000000000000000AAA","1"
"0F70H00000jEXhbSAG","0D50H00004xiDpCSAU","005i0000007VZkZAAW","TextPost","005i0000001YLcMAAW","2017-09-13 19:01:56","2017-09-13 19:01:56","","Oye, Hernandez , Jose. Case check kar bey!","","0","000000000000000AAA","000000000000000AAA","005i0000001YLcMAAW","000000000000000AAA","0"
"0F70H00000kZyDQSA0","0D50H00005DZA0eSAH","005i0000001YLcMAAW","ContentPost","005i0000001YLcMAAW","2018-02-04 05:24:20","2018-02-04 05:24:20","trailhead_superbadge_lightning_component_framework_specialist.png","I just earned the Lightning Component Framework Specialist badge on #Trailhead! Goat check it out, you'll be beary proud of me!","","0","0690H000003qypUQAQ","0680H0000048Xl8QAE","005i0000001YLcMAAW","000000000000000AAA","0"
"0F70H00000kar7ESAQ","0D50H00005KJJhUSAX","005i0000001YLcMAAW","TextPost","005i0000001YLcMAAW","2018-03-12 17:04:18","2018-03-12 17:04:18","","Oye, V , Sanket. Case check kar bey!","","0","000000000000000AAA","000000000000000AAA","005i0000001YLcMAAW","000000000000000AAA","0"
"0F70H00000kar7nSAA","0D50H00005KJIRfSAP","005i0000001YLcMAAW","TextPost","005i0000001YLcMAAW","2018-03-12 17:06:08","2018-03-12 17:06:08","","Oye, V , Sanket. Case check kar bey!","","0","000000000000000AAA","000000000000000AAA","005i0000001YLcMAAW","000000000000000AAA","0"
"0F70H00000kar82SAA","0D50H00005KJJnRSAX","005i0000001YLcMAAW","TextPost","005i0000001YLcMAAW","2018-03-12 17:07:55","2018-03-12 17:07:55","","Oye, V , Sanket. Case check kar bey!","","0","000000000000000AAA","000000000000000AAA","005i0000001YLcMAAW","000000000000000AAA","0"
"0F70H00000kar8CSAQ","0D50H00005KJJl7SAH","005i0000001YLcMAAW","TextPost","005i0000001YLcMAAW","2018-03-12 17:08:01","2018-03-12 17:08:01","","Oye, V , Sanket. Case check kar bey!","","0","000000000000000AAA","000000000000000AAA","005i0000001YLcMAAW","000000000000000AAA","0"
"0F70H00000karVaSAI","0D50H00005KJN3kSAH","005i0000001YLcMAAW","TextPost","005i0000001YLcMAAW","2018-03-12 18:52:02","2018-03-12 18:52:02","","Oye, V , Sanket. Case check kar bey!","","0","000000000000000AAA","000000000000000AAA","005i0000001YLcMAAW","000000000000000AAA","0"
"0F70H00000kawfGSAQ","0D50H00005KK5BsSAL","005i0000001YLcMAAW","TextPost","005i0000001YLcMAAW","2018-03-14 21:17:20","2018-03-14 21:17:20","","Oye, V , Sanket. Case check kar bey!","","0","000000000000000AAA","000000000000000AAA","005i0000001YLcMAAW","000000000000000AAA","0"
"0F70H00000kawfLSAQ","0D50H00005KK5EISA1","005i0000001YLcMAAW","TextPost","005i0000001YLcMAAW","2018-03-14 21:19:04","2018-03-14 21:19:04","","Oye, V , Sanket. Case check kar bey!","","0","000000000000000AAA","000000000000000AAA","005i0000001YLcMAAW","000000000000000AAA","0"
"0F70H00000kaxkjSAA","0D50H00005KKGceSAH","005i0000001YLcMAAW","TextPost","005i0000001YLcMAAW","2018-03-15 16:07:13","2018-03-15 16:07:13","","Oye, V , Sanket. Case check kar bey!","","0","000000000000000AAA","000000000000000AAA","005i0000001YLcMAAW","000000000000000AAA","0"
"0F7i000000d6ptCCAQ","0D5i0000043NbCqCAK","005i0000001YLcMAAW","TextPost","005i0000001YLcMAAW","2016-09-07 16:41:25","2016-09-07 16:41:25","","New Property: 18 Henry st, Cambridge. 4 bedrooms. $975,000","","0","000000000000000AAA","000000000000000AAA","005i0000001YLcMAAW","000000000000000AAA","0"
"0F7i000000d6ptDCAQ","0D5i0000043NbCsCAK","005i0000001YLcMAAW","TextPost","005i0000001YLcMAAW","2016-09-07 16:41:28","2016-09-07 16:41:28","","New Property: 121 Harborwalk, Boston. 3 bedrooms. $450,000","","0","000000000000000AAA","000000000000000AAA","005i0000001YLcMAAW","000000000000000AAA","0"
"0F7i000000d6ptECAQ","0D5i0000043NbCuCAK","005i0000001YLcMAAW","TextPost","005i0000001YLcMAAW","2016-09-07 16:41:28","2016-09-07 16:41:28","","New Property: 95 Gloucester st, Boston. 3 bedrooms. $690,000","","0","000000000000000AAA","000000000000000AAA","005i0000001YLcMAAW","000000000000000AAA","0"
"0F7i000000d6ptFCAQ","0D5i0000043NbDpCAK","005i0000001YLcMAAW","TextPost","005i0000001YLcMAAW","2016-09-07 16:41:29","2016-09-07 16:41:29","","New Property: 24 Pearl st, Cambridge. 5 bedrooms. $1,200,000","","0","000000000000000AAA","000000000000000AAA","005i0000001YLcMAAW","000000000000000AAA","0"
"0F7i000000d6ptGCAQ","0D5i0000043NbDrCAK","005i0000001YLcMAAW","TextPost","005i0000001YLcMAAW","2016-09-07 16:41:29","2016-09-07 16:41:29","","New Property: 640 Harrison Ave, Boston. 2 bedrooms. $650,000","","0","000000000000000AAA","000000000000000AAA","005i0000001YLcMAAW","000000000000000AAA","0"
"0F7i000000d6ptWCAQ","0D5i0000043NbDtCAK","005i0000001YLcMAAW","TextPost","005i0000001YLcMAAW","2016-09-07 16:41:29","2016-09-07 16:41:29","","New Property: 145 Commonwealth ave, Boston. 4 bedrooms. $845,000","","0","000000000000000AAA","000000000000000AAA","005i0000001YLcMAAW","000000000000000AAA","0"
"0F7i000000d6ptXCAQ","0D5i0000043NbDvCAK","005i0000001YLcMAAW","TextPost","005i0000001YLcMAAW","2016-09-07 16:41:30","2016-09-07 16:41:30","","New Property: 72 Francis st, Boston. 5 bedrooms. $825,000","","0","000000000000000AAA","000000000000000AAA","005i0000001YLcMAAW","000000000000000AAA","0"
"0F7i000000d6ptYCAQ","0D5i0000043NbDxCAK","005i0000001YLcMAAW","TextPost","005i0000001YLcMAAW","2016-09-07 16:41:30","2016-09-07 16:41:30","","New Property: 32 Prince st, Cambridge. 5 bedrooms. $930,000","","0","000000000000000AAA","000000000000000AAA","005i0000001YLcMAAW","000000000000000AAA","0"
"0F7i000000d6ptZCAQ","0D5i0000043NbE9CAK","005i0000001YLcMAAW","TextPost","005i0000001YLcMAAW","2016-09-07 16:41:31","2016-09-07 16:41:31","","New Property: 110 Baxter street, Boston. 3 bedrooms. $850,000","","0","000000000000000AAA","000000000000000AAA","005i0000001YLcMAAW","000000000000000AAA","0"
"0F7i000000d6ptaCAA","0D5i0000043NbEBCA0","005i0000001YLcMAAW","TextPost","005i0000001YLcMAAW","2016-09-07 16:41:31","2016-09-07 16:41:31","","New Property: 448 Hanover st, Boston. 4 bedrooms. $725,000","","0","000000000000000AAA","000000000000000AAA","005i0000001YLcMAAW","000000000000000AAA","0"
"0F7i000000d6ptbCAA","0D5i0000043NbESCA0","005i0000001YLcMAAW","TextPost","005i0000001YLcMAAW","2016-09-07 16:41:31","2016-09-07 16:41:31","","New Property: 127 Endicott st, Boston. 3 bedrooms. $450,000","","0","000000000000000AAA","000000000000000AAA","005i0000001YLcMAAW","000000000000000AAA","0"
"0F7i000000d6ptcCAA","0D5i0000043NbEUCA0","005i0000001YLcMAAW","TextPost","005i0000001YLcMAAW","2016-09-07 16:41:32","2016-09-07 16:41:32","","New Property: 48 Brattle st, Cambridge. 5 bedrooms. $450,000","","0","000000000000000AAA","000000000000000AAA","005i0000001YLcMAAW","000000000000000AAA","0"
"0F7i000000d6pxJCAQ","0D5i0000043NbpTCAS","005i0000001YLcMAAW","TextPost","005i0000001YLcMAAW","2016-09-07 16:45:39","2016-09-07 16:45:39","","New Property: 18 Henry st, Cambridge. 4 bedrooms. $975,000","","0","000000000000000AAA","000000000000000AAA","005i0000001YLcMAAW","000000000000000AAA","0"
"0F7i000000d6pxKCAQ","0D5i0000043NbpVCAS","005i0000001YLcMAAW","TextPost","005i0000001YLcMAAW","2016-09-07 16:45:40","2016-09-07 16:45:40","","New Property: 121 Harborwalk, Boston. 3 bedrooms. $450,000","","0","000000000000000AAA","000000000000000AAA","005i0000001YLcMAAW","000000000000000AAA","0"
"0F7i000000d6pxLCAQ","0D5i0000043NbpXCAS","005i0000001YLcMAAW","TextPost","005i0000001YLcMAAW","2016-09-07 16:45:40","2016-09-07 16:45:40","","New Property: 95 Gloucester st, Boston. 3 bedrooms. $690,000","","0","000000000000000AAA","000000000000000AAA","005i0000001YLcMAAW","000000000000000AAA","0"
"0F7i000000d6pxMCAQ","0D5i0000043NbpoCAC","005i0000001YLcMAAW","TextPost","005i0000001YLcMAAW","2016-09-07 16:45:40","2016-09-07 16:45:40","","New Property: 24 Pearl st, Cambridge. 5 bedrooms. $1,200,000","","0","000000000000000AAA","000000000000000AAA","005i0000001YLcMAAW","000000000000000AAA","0"
"0F7i000000d6pxNCAQ","0D5i0000043NbpqCAC","005i0000001YLcMAAW","TextPost","005i0000001YLcMAAW","2016-09-07 16:45:41","2016-09-07 16:45:41","","New Property: 640 Harrison Ave, Boston. 2 bedrooms. $650,000","","0","000000000000000AAA","000000000000000AAA","005i0000001YLcMAAW","000000000000000AAA","0"
"0F7i000000d6pxTCAQ","0D5i0000043Nbq2CAC","005i0000001YLcMAAW","TextPost","005i0000001YLcMAAW","2016-09-07 16:45:41","2016-09-07 16:45:41","","New Property: 145 Commonwealth ave, Boston. 4 bedrooms. $845,000","","0","000000000000000AAA","000000000000000AAA","005i0000001YLcMAAW","000000000000000AAA","0"
"0F7i000000d6pxUCAQ","0D5i0000043Nbq4CAC","005i0000001YLcMAAW","TextPost","005i0000001YLcMAAW","2016-09-07 16:45:42","2016-09-07 16:45:42","","New Property: 72 Francis st, Boston. 5 bedrooms. $825,000","","0","000000000000000AAA","000000000000000AAA","005i0000001YLcMAAW","000000000000000AAA","0"
"0F7i000000d6pxVCAQ","0D5i0000043Nbq6CAC","005i0000001YLcMAAW","TextPost","005i0000001YLcMAAW","2016-09-07 16:45:42","2016-09-07 16:45:42","","New Property: 32 Prince st, Cambridge. 5 bedrooms. $930,000","","0","000000000000000AAA","000000000000000AAA","005i0000001YLcMAAW","000000000000000AAA","0"
"0F7i000000d6pxWCAQ","0D5i0000043NbqICAS","005i0000001YLcMAAW","TextPost","005i0000001YLcMAAW","2016-09-07 16:45:42","2016-09-07 16:45:42","","New Property: 110 Baxter street, Boston. 3 bedrooms. $850,000","","0","000000000000000AAA","000000000000000AAA","005i0000001YLcMAAW","000000000000000AAA","0"
"0F7i000000d6pxXCAQ","0D5i0000043NbqKCAS","005i0000001YLcMAAW","TextPost","005i0000001YLcMAAW","2016-09-07 16:45:43","2016-09-07 16:45:43","","New Property: 448 Hanover st, Boston. 4 bedrooms. $725,000","","0","000000000000000AAA","000000000000000AAA","005i0000001YLcMAAW","000000000000000AAA","0"
"0F7i000000d6pxYCAQ","0D5i0000043NbqWCAS","005i0000001YLcMAAW","TextPost","005i0000001YLcMAAW","2016-09-07 16:45:43","2016-09-07 16:45:43","","New Property: 127 Endicott st, Boston. 3 bedrooms. $450,000","","0","000000000000000AAA","000000000000000AAA","005i0000001YLcMAAW","000000000000000AAA","0"
"0F7i000000d6pxZCAQ","0D5i0000043NbqYCAS","005i0000001YLcMAAW","TextPost","005i0000001YLcMAAW","2016-09-07 16:45:43","2016-09-07 16:45:43","","New Property: 48 Brattle st, Cambridge. 5 bedrooms. $450,000","","0","000000000000000AAA","000000000000000AAA","005i0000001YLcMAAW","000000000000000AAA","0"
"0F7i000000dUo9tCAC","0D5i0000049Q0nCCAS","005i0000001YLcMAAW","TextPost","005i0000001YLcMAAW","2016-09-28 20:42:45","2016-09-28 20:42:45","","New Property: 18 Henry st, Cambridge. 4 bedrooms. $975,000","","0","000000000000000AAA","000000000000000AAA","005i0000001YLcMAAW","000000000000000AAA","0"
"0F7i000000dUo9uCAC","0D5i0000049Q0nECAS","005i0000001YLcMAAW","TextPost","005i0000001YLcMAAW","2016-09-28 20:42:48","2016-09-28 20:42:48","","New Property: 121 Harborwalk, Boston. 3 bedrooms. $450,000","","0","000000000000000AAA","000000000000000AAA","005i0000001YLcMAAW","000000000000000AAA","0"
"0F7i000000dUo9vCAC","0D5i0000049Q0nGCAS","005i0000001YLcMAAW","TextPost","005i0000001YLcMAAW","2016-09-28 20:42:49","2016-09-28 20:42:49","","New Property: 95 Gloucester st, Boston. 3 bedrooms. $690,000","","0","000000000000000AAA","000000000000000AAA","005i0000001YLcMAAW","000000000000000AAA","0"
"0F7i000000dUo9wCAC","0D5i0000049Q0nwCAC","005i0000001YLcMAAW","TextPost","005i0000001YLcMAAW","2016-09-28 20:42:49","2016-09-28 20:42:49","","New Property: 24 Pearl st, Cambridge. 5 bedrooms. $1,200,000","","0","000000000000000AAA","000000000000000AAA","005i0000001YLcMAAW","000000000000000AAA","0"
"0F7i000000dUo9xCAC","0D5i0000049Q0nyCAC","005i0000001YLcMAAW","TextPost","005i0000001YLcMAAW","2016-09-28 20:42:49","2016-09-28 20:42:49","","New Property: 640 Harrison Ave, Boston. 2 bedrooms. $650,000","","0","000000000000000AAA","000000000000000AAA","005i0000001YLcMAAW","000000000000000AAA","0"
"0F7i000000dUo9yCAC","0D5i0000049Q0oACAS","005i0000001YLcMAAW","TextPost","005i0000001YLcMAAW","2016-09-28 20:42:50","2016-09-28 20:42:50","","New Property: 145 Commonwealth ave, Boston. 4 bedrooms. $845,000","","0","000000000000000AAA","000000000000000AAA","005i0000001YLcMAAW","000000000000000AAA","0"
"0F7i000000dUo9zCAC","0D5i0000049Q0oCCAS","005i0000001YLcMAAW","TextPost","005i0000001YLcMAAW","2016-09-28 20:42:50","2016-09-28 20:42:50","","New Property: 72 Francis st, Boston. 5 bedrooms. $825,000","","0","000000000000000AAA","000000000000000AAA","005i0000001YLcMAAW","000000000000000AAA","0"
"0F7i000000dUoA0CAK","0D5i0000049Q0oECAS","005i0000001YLcMAAW","TextPost","005i0000001YLcMAAW","2016-09-28 20:42:50","2016-09-28 20:42:50","","New Property: 32 Prince st, Cambridge. 5 bedrooms. $930,000","","0","000000000000000AAA","000000000000000AAA","005i0000001YLcMAAW","000000000000000AAA","0"
"0F7i000000dUoA1CAK","0D5i0000049Q0oaCAC","005i0000001YLcMAAW","TextPost","005i0000001YLcMAAW","2016-09-28 20:42:51","2016-09-28 20:42:51","","New Property: 110 Baxter street, Boston. 3 bedrooms. $850,000","","0","000000000000000AAA","000000000000000AAA","005i0000001YLcMAAW","000000000000000AAA","0"
"0F7i000000dUoA2CAK","0D5i0000049Q0ocCAC","005i0000001YLcMAAW","TextPost","005i0000001YLcMAAW","2016-09-28 20:42:52","2016-09-28 20:42:52","","New Property: 448 Hanover st, Boston. 4 bedrooms. $725,000","","0","000000000000000AAA","000000000000000AAA","005i0000001YLcMAAW","000000000000000AAA","0"
"0F7i000000dUoA3CAK","0D5i0000049Q0oeCAC","005i0000001YLcMAAW","TextPost","005i0000001YLcMAAW","2016-09-28 20:42:52","2016-09-28 20:42:52","","New Property: 127 Endicott st, Boston. 3 bedrooms. $450,000","","0","000000000000000AAA","000000000000000AAA","005i0000001YLcMAAW","000000000000000AAA","0"
"0F7i000000dUoA4CAK","0D5i0000049Q0ogCAC","005i0000001YLcMAAW","TextPost","005i0000001YLcMAAW","2016-09-28 20:42:53","2016-09-28 20:42:53","","New Property: 48 Brattle st, Cambridge. 5 bedrooms. $450,000","","0","000000000000000AAA","000000000000000AAA","005i0000001YLcMAAW","000000000000000AAA","0"
"0F7i000000hr9mxCAA","0D5i000004it1WTCAY","0F9i00000000qYVCAY","TextPost","005i0000001YLcMAAW","2017-04-24 17:58:17","2017-04-24 17:58:17","","<p>Where are&nbsp;all the sweet snacks?</p>","","0","000000000000000AAA","000000000000000AAA","005i0000001YLcMAAW","000000000000000AAA","1"
"0F7i000000hr9ojCAA","0D5i000004it1pZCAQ","0F9i00000000qYVCAY","TextPost","005i0000001YLcMAAW","2017-04-24 18:00:27","2017-04-24 18:00:27","","<p>More snacks #HappyCustomer&nbsp;#[Happy Customer]&nbsp;</p>","","0","000000000000000AAA","000000000000000AAA","005i0000001YLcMAAW","000000000000000AAA","1"
