"Id","FeedItemId","FieldName","DataType","OldValueString","NewValueString","OldValueFirstName","NewValueFirstName","OldValueLastName","NewValueLastName","OldValueNumber","NewValueNumber","OldValueDate","NewValueDate"
"0D60H00006FAGpoSAH","0D50H00004r9V1pSAE","owner_field_assign","Text","","","Sanket","","V","Call Center Inquiry Queue","","","",""
"0D60H00006FAGppSAH","0D50H00004r9V1pSAE","owner_field_assign","EntityId","005i0000001YLcM","00Gi0000005BfGJ","","","","","","","",""
"0D60H00006Gj5PlSAJ","0D50H00004sYdCRSA0","feedEvent","Text","","","","","","","","","",""
"0D60H00006Gj5PmSAJ","0D50H00004sYdCRSA0","Subject","Text","","Oye pancho ki ho raha hai?","","","","","","","",""
"0D60H00006Gj5PnSAJ","0D50H00004sYdCRSA0","Priority","DynamicEnum","","Medium","","","","","","","",""
"0D60H00006Gj5PoSAJ","0D50H00004sYdCRSA0","Status","DynamicEnum","","New","","","","","","","",""
"0D60H00006Gj5PpSAJ","0D50H00004sYdCRSA0","CaseNumber","AutoNumber","","00001154","","","","","","","",""
"0D60H00006Gj5PqSAJ","0D50H00004sYdCRSA0","__RecordType__","Text","","012i0000000tw2j","","","","","","","",""
"0D60H00006Gj5PrSAJ","0D50H00004sYdCSSA0","owner_field_assign","Text","","","Sanket","","V","Call Center Inquiry Queue","","","",""
"0D60H00006Gj5PsSAJ","0D50H00004sYdCSSA0","owner_field_assign","EntityId","005i0000001YLcM","00Gi0000005BfGJ","","","","","","","",""
"0D60H00006Gj5R8SAJ","0D50H00004sYdDoSAK","feedEvent","Text","","","","","","","","","",""
"0D60H00006Gj5R9SAJ","0D50H00004sYdDoSAK","Subject","Text","","Sept 2016 to Jan 2017 TR, Jan 2017 to June 2017 Experian, July2017 AmerisourceBergen","","","","","","","",""
"0D60H00006Gj5RASAZ","0D50H00004sYdDoSAK","Priority","DynamicEnum","","Medium","","","","","","","",""
"0D60H00006Gj5RBSAZ","0D50H00004sYdDoSAK","Status","DynamicEnum","","New","","","","","","","",""
"0D60H00006Gj5RCSAZ","0D50H00004sYdDoSAK","CaseNumber","AutoNumber","","00001155","","","","","","","",""
"0D60H00006Gj5RDSAZ","0D50H00004sYdDoSAK","__RecordType__","Text","","012i0000000tw2j","","","","","","","",""
"0D60H00006Gj5RESAZ","0D50H00004sYdDpSAK","owner_field_assign","Text","","","Sanket","","V","Call Center Inquiry Queue","","","",""
"0D60H00006Gj5RFSAZ","0D50H00004sYdDpSAK","owner_field_assign","EntityId","005i0000001YLcM","00Gi0000005BfGJ","","","","","","","",""
"0D60H00006Gj5TrSAJ","0D50H00004sYdFUSA0","feedEvent","Text","","","","","","","","","",""
"0D60H00006Gj5TsSAJ","0D50H00004sYdFUSA0","Subject","Text","","December 2013 to Septembe 2016 JackHenryAssociates","","","","","","","",""
"0D60H00006Gj5TtSAJ","0D50H00004sYdFUSA0","Priority","DynamicEnum","","Medium","","","","","","","",""
"0D60H00006Gj5TuSAJ","0D50H00004sYdFUSA0","Status","DynamicEnum","","New","","","","","","","",""
"0D60H00006Gj5TvSAJ","0D50H00004sYdFUSA0","CaseNumber","AutoNumber","","00001156","","","","","","","",""
"0D60H00006Gj5TwSAJ","0D50H00004sYdFUSA0","__RecordType__","Text","","012i0000000tw2j","","","","","","","",""
"0D60H00006Gj5TxSAJ","0D50H00004sYdFVSA0","owner_field_assign","Text","","","Sanket","","V","Call Center Inquiry Queue","","","",""
"0D60H00006Gj5TySAJ","0D50H00004sYdFVSA0","owner_field_assign","EntityId","005i0000001YLcM","00Gi0000005BfGJ","","","","","","","",""
"0D60H00006MR7jGSAT","0D50H00004v9TnFSAU","feedEvent","Text","","","","","","","","","",""
"0D60H00006MR7jHSAT","0D50H00004v9TnFSAU","Subject","Text","","","","","","","","","",""
"0D60H00006MR7jISAT","0D50H00004v9TnFSAU","Priority","DynamicEnum","","Low","","","","","","","",""
"0D60H00006MR7xVSAT","0D50H00004v9TnFSAU","Status","DynamicEnum","","Escalated","","","","","","","",""
"0D60H00006MR7xWSAT","0D50H00004v9TnFSAU","CaseNumber","AutoNumber","","00001157","","","","","","","",""
"0D60H00006MR7xXSAT","0D50H00004v9TnFSAU","__RecordType__","Text","","0120H000001QSaj","","","","","","","",""
"0D60H00006MR7z2SAD","0D50H00004v9U22SAE","feedEvent","Text","{""fu"":[{""ov"":""2"",""fn"":""Status"",""nv"":""1""}]}","1","","","","","","","",""
"0D60H00006MR8NcSAL","0D50H00004v9UMUSA2","feedEvent","Text","","","","","","","","","",""
"0D60H00006MR8NdSAL","0D50H00004v9UMVSA2","feedEvent","Text","","","","","","","","","",""
"0D60H00006MR8NeSAL","0D50H00004v9UMVSA2","Subject","DynamicEnum","","Follow Up on Escalated Case","","","","","","","",""
"0D60H00006MR8NfSAL","0D50H00004v9UMVSA2","Who","EntityId","","","","","","","","","",""
"0D60H00006MR8NgSAL","0D50H00004v9UMVSA2","Who","EntityId","","","","","","","","","",""
"0D60H00006MR8NhSAL","0D50H00004v9UMVSA2","What","EntityId","","5000H00000zAZFO","","","","","","","",""
"0D60H00006MR8NiSAL","0D50H00004v9UMVSA2","What","Text","","00001158","","","","","","","",""
"0D60H00006MR8NjSAL","0D50H00004v9UMVSA2","__RecordType__","Text","","","","","","","","","",""
"0D60H00006MR8NkSAL","0D50H00004v9UMUSA2","Subject","Text","","Test Business Process","","","","","","","",""
"0D60H00006MR8NlSAL","0D50H00004v9UMUSA2","Priority","DynamicEnum","","High","","","","","","","",""
"0D60H00006MR8NmSAL","0D50H00004v9UMUSA2","Status","DynamicEnum","","Working","","","","","","","",""
"0D60H00006MR8NnSAL","0D50H00004v9UMUSA2","CaseNumber","AutoNumber","","00001158","","","","","","","",""
"0D60H00006MR8NoSAL","0D50H00004v9UMUSA2","__RecordType__","Text","","012i0000000tw2j","","","","","","","",""
"0D60H00006MRr1RSAT","0D50H00004v9yY6SAI","feedEvent","Text","","","","","","","","","",""
"0D60H00006MRr1SSAT","0D50H00004v9yY6SAI","Subject","Text","","Something 's gone awry.!!","","","","","","","",""
"0D60H00006MRr1TSAT","0D50H00004v9yY6SAI","Priority","DynamicEnum","","Medium","","","","","","","",""
"0D60H00006MRr1USAT","0D50H00004v9yY6SAI","Status","DynamicEnum","","New","","","","","","","",""
"0D60H00006MS2IqSAL","0D50H00004v9yY6SAI","CaseNumber","AutoNumber","","00001159","","","","","","","",""
"0D60H00006MS2IrSAL","0D50H00004v9yY6SAI","__RecordType__","Text","","012i0000000tw2j","","","","","","","",""
"0D60H00006MSGuvSAH","0D50H00004vAHPBSA4","feedEvent","Text","","","","","","","","","",""
"0D60H00006MSGuwSAH","0D50H00004vAHPBSA4","Name","Text","","Make a new community portal for employee complaints..!!","","","","","","","",""
"0D60H00006MSGuxSAH","0D50H00004vAHPBSA4","00Ni000000GbzAU","DynamicEnum","","Employee Services","","","","","","","",""
"0D60H00006MSGuySAH","0D50H00004vAHPBSA4","00Ni000000GbzAe","DynamicEnum","","New","","","","","","","",""
"0D60H00006MSGuzSAH","0D50H00004vAHPBSA4","__RecordType__","Text","","","","","","","","","",""
"0D60H00006MSH8vSAH","0D50H00004vAHbvSAG","feedEvent","Text","","2","","","","","","","",""
"0D60H00006MSH9FSAX","0D50H00004vAHYOSA4","feedEvent","Text","","2","","","","","","","",""
"0D60H00006MSV3KSAX","0D50H00004wFZQWSA4","feedEvent","Text","","","","","","","","","",""
"0D60H00006MSV3LSAX","0D50H00004wFZQWSA4","TextName","Text","","Jamoca","","","","","","","",""
"0D60H00006MSV3MSAX","0D50H00004wFZQWSA4","Type","DynamicEnum","","","","","","","","","",""
"0D60H00006MSV3NSAX","0D50H00004wFZQWSA4","Phone","Phone","","","","","","","","","",""
"0D60H00006MSV3OSAX","0D50H00004wFZQWSA4","Website","Url","","","","","","","","","",""
"0D60H00006MSV3PSAX","0D50H00004wFZQWSA4","Owner","EntityId","","005i0000001YLcM","","","","","","","",""
"0D60H00006MSV3QSAX","0D50H00004wFZQWSA4","Owner","Text","","","","Sanket","","V","","","",""
"0D60H00006MSV3RSAX","0D50H00004wFZQWSA4","Site","Text","","","","","","","","","",""
"0D60H00006MSV3SSAX","0D50H00004wFZQWSA4","Industry","DynamicEnum","","","","","","","","","",""
"0D60H00006MSV3TSAX","0D50H00004wFZQWSA4","BillingStreet","MultiLineText","","","","","","","","","",""
"0D60H00006MSV3USAX","0D50H00004wFZQWSA4","BillingCity","Text","","","","","","","","","",""
"0D60H00006MSV3VSAX","0D50H00004wFZQWSA4","BillingState","Text","","","","","","","","","",""
"0D60H00006MSV3WSAX","0D50H00004wFZQWSA4","BillingPostalCode","Text","","","","","","","","","",""
"0D60H00006MSV3XSAX","0D50H00004wFZQWSA4","BillingCountry","Text","","","","","","","","","",""
"0D60H00006MSV3YSAX","0D50H00004wFZQWSA4","BillingLatitude","Double","","","","","","","","","",""
"0D60H00006MSV3ZSAX","0D50H00004wFZQWSA4","BillingLongitude","Double","","","","","","","","","",""
"0D60H00006MSV3aSAH","0D50H00004wFZQWSA4","BillingGeocodeAccuracy","DynamicEnum","","","","","","","","","",""
"0D60H00006MSV3bSAH","0D50H00004wFZQWSA4","Parent","EntityId","","001i000000Smtjl","","","","","","","",""
"0D60H00006MSV3cSAH","0D50H00004wFZQWSA4","Parent","Text","","","","","","Burlington Textiles Corp of America","","","",""
"0D60H00006MSV3dSAH","0D50H00004wFZQWSA4","AnnualRevenue","Currency","","000","","","","","","12112","",""
"0D60H00006MSV3eSAH","0D50H00004wFZQWSA4","__RecordType__","Text","","","","","","","","","",""
"0D60H00006MTfusSAD","0D50H00004wGHGLSA4","feedEvent","Text","","2","","","","","","","",""
"0D60H00006MTgkLSAT","0D50H00004wGHziSAG","Owner","Text","","","Sanket","Edna","V","Frank","","","",""
"0D60H00006MTgkMSAT","0D50H00004wGHziSAG","Owner","EntityId","005i0000001YLcM","005i0000008s57y","","","","","","","",""
"0D60H00006MUUMcSAP","0D50H00004wGv2tSAC","feedEvent","Text","","","","","","","","","",""
"0D60H00006MUUMdSAP","0D50H00004wGv2tSAC","Name","Text","","Touch screen laptops would be nice.!","","","","","","","",""
"0D60H00006MUUMeSAP","0D50H00004wGv2tSAC","00Ni000000GbzAU","DynamicEnum","","Facilities/IT","","","","","","","",""
"0D60H00006MUUMfSAP","0D50H00004wGv2tSAC","00Ni000000GbzAe","DynamicEnum","","New","","","","","","","",""
"0D60H00006MUUMgSAP","0D50H00004wGv2tSAC","__RecordType__","Text","","","","","","","","","",""
"0D6i000003E7ex4CAB","0D5i000003GjNWgCAN","feedEvent","Text","","","","","","","","","",""
"0D6i000003E7ex5CAB","0D5i000003GjNWgCAN","Subject","Text","","Test","","","","","","","",""
"0D6i000003E7ex6CAB","0D5i000003GjNWgCAN","Priority","DynamicEnum","","Medium","","","","","","","",""
"0D6i000003E7ex7CAB","0D5i000003GjNWgCAN","Status","DynamicEnum","","New","","","","","","","",""
"0D6i000003E7ex8CAB","0D5i000003GjNWgCAN","CaseNumber","AutoNumber","","00001031","","","","","","","",""
"0D6i000003E7ex9CAB","0D5i000003GjNWgCAN","__RecordType__","Text","","","","","","","","","",""
"0D6i000003oErCvCAK","0D5i0000038fDCqCAM","feedEvent","Text","","","","","","","","","",""
"0D6i000003x8c9SCAQ","0D5i000003F6OS2CAN","feedEvent","Text","","","","","","","","","",""
"0D6i000003x8c9TCAQ","0D5i000003F6OS2CAN","Subject","DynamicEnum","","Task-O-Task","","","","","","","",""
"0D6i000003x8c9UCAQ","0D5i000003F6OS2CAN","Who","EntityId","","","","","","","","","",""
"0D6i000003x8c9VCAQ","0D5i000003F6OS2CAN","Who","EntityId","","","","","","","","","",""
"0D6i000003x8c9WCAQ","0D5i000003F6OS2CAN","What","EntityId","","006i000000DTanC","","","","","","","",""
"0D6i000003x8c9cCAA","0D5i000003F6OS2CAN","What","Text","","Pyramid Emergency Generators","","","","","","","",""
"0D6i000003x8c9dCAA","0D5i000003F6OS2CAN","__RecordType__","Text","","","","","","","","","",""
"0D6i000003zDfBLCA0","0D5i000003GHl6dCAD","feedEvent","Text","","","","","","","","","",""
"0D6i000003zDfBMCA0","0D5i000003GHl6dCAD","Subject","Text","","Test","","","","","","","",""
"0D6i000003zDfBNCA0","0D5i000003GHl6dCAD","Priority","DynamicEnum","","Medium","","","","","","","",""
"0D6i000003zDfBOCA0","0D5i000003GHl6dCAD","Status","DynamicEnum","","New","","","","","","","",""
"0D6i000003zDfBPCA0","0D5i000003GHl6dCAD","CaseNumber","AutoNumber","","00001026","","","","","","","",""
"0D6i000003zDfBVCA0","0D5i000003GHl6dCAD","__RecordType__","Text","","","","","","","","","",""
"0D6i000003zDfLRCA0","0D5i000003GHlEICA1","feedEvent","Text","","","","","","","","","",""
"0D6i000003zDfLSCA0","0D5i000003GHlEICA1","Subject","Text","","Test","","","","","","","",""
"0D6i000003zDfLTCA0","0D5i000003GHlEICA1","Priority","DynamicEnum","","Medium","","","","","","","",""
"0D6i000003zDfLUCA0","0D5i000003GHlEICA1","Status","DynamicEnum","","New","","","","","","","",""
"0D6i000003zDfLVCA0","0D5i000003GHlEICA1","CaseNumber","AutoNumber","","00001027","","","","","","","",""
"0D6i000003zDfLWCA0","0D5i000003GHlEICA1","__RecordType__","Text","","","","","","","","","",""
"0D6i000003zmZnsCAE","0D5i000003Gk6UdCAJ","feedEvent","Text","","","","","","","","","",""
"0D6i000003zmZntCAE","0D5i000003Gk6UeCAJ","feedEvent","Text","","","","","","","","","",""
"0D6i000003zmZnuCAE","0D5i000003Gk6UdCAJ","Subject","Text","","","","","","","","","",""
"0D6i000003zmZnvCAE","0D5i000003Gk6UdCAJ","Priority","DynamicEnum","","High","","","","","","","",""
"0D6i000003zmZpeCAE","0D5i000003Gk6UdCAJ","Status","DynamicEnum","","New","","","","","","","",""
"0D6i000003zmZpfCAE","0D5i000003Gk6UdCAJ","CaseNumber","AutoNumber","","00001033","","","","","","","",""
"0D6i000003zmZpgCAE","0D5i000003Gk6UdCAJ","__RecordType__","Text","","","","","","","","","",""
"0D6i000003zmZphCAE","0D5i000003Gk6UeCAJ","Subject","DynamicEnum","","Follow Up on Escalated Case","","","","","","","",""
"0D6i000003zmZpiCAE","0D5i000003Gk6UeCAJ","Who","EntityId","","","","","","","","","",""
"0D6i000003zmZpjCAE","0D5i000003Gk6UeCAJ","Who","EntityId","","","","","","","","","",""
"0D6i000003zmZpkCAE","0D5i000003Gk6UeCAJ","What","EntityId","","500i000000QW5Ze","","","","","","","",""
"0D6i000003zmZplCAE","0D5i000003Gk6UeCAJ","What","Text","","00001033","","","","","","","",""
"0D6i000003zmZpmCAE","0D5i000003Gk6UeCAJ","__RecordType__","Text","","","","","","","","","",""
"0D6i000003zmZpnCAE","0D5i000003Gk6UfCAJ","Priority","DynamicEnum","Medium","High","","","","","","","",""
"0D6i000003zmZq5CAE","0D5i000003Gk6WJCAZ","feedEvent","Text","","","","","","","","","",""
"0D6i000003zmZq6CAE","0D5i000003Gk6WKCAZ","feedEvent","Text","","","","","","","","","",""
"0D6i000003zmZq7CAE","0D5i000003Gk6WJCAZ","Subject","Text","","","","","","","","","",""
"0D6i000003zmZq8CAE","0D5i000003Gk6WJCAZ","Priority","DynamicEnum","","High","","","","","","","",""
"0D6i000003zmZq9CAE","0D5i000003Gk6WJCAZ","Status","DynamicEnum","","New","","","","","","","",""
"0D6i000003zmZqACAU","0D5i000003Gk6WJCAZ","CaseNumber","AutoNumber","","00001034","","","","","","","",""
"0D6i000003zmZqBCAU","0D5i000003Gk6WJCAZ","__RecordType__","Text","","","","","","","","","",""
"0D6i000003zmZqCCAU","0D5i000003Gk6WKCAZ","Subject","DynamicEnum","","Follow Up on Escalated Case","","","","","","","",""
"0D6i000003zmZqDCAU","0D5i000003Gk6WKCAZ","Who","EntityId","","","","","","","","","",""
"0D6i000003zmZqECAU","0D5i000003Gk6WKCAZ","Who","EntityId","","","","","","","","","",""
"0D6i000003zmZqFCAU","0D5i000003Gk6WKCAZ","What","EntityId","","500i000000QW5Zj","","","","","","","",""
"0D6i000003zmZqGCAU","0D5i000003Gk6WKCAZ","What","Text","","00001034","","","","","","","",""
"0D6i000003zmZqHCAU","0D5i000003Gk6WKCAZ","__RecordType__","Text","","","","","","","","","",""
"0D6i000003zmZqICAU","0D5i000003Gk6WLCAZ","Priority","DynamicEnum","Medium","High","","","","","","","",""
"0D6i00000407fBxCAI","0D5i000003H85YyCAJ","feedEvent","Text","","","","","","","","","",""
"0D6i00000407fByCAI","0D5i000003H85YyCAJ","Name","Text","","Internet of things","","","","","","","",""
"0D6i00000407fBzCAI","0D5i000003H85YyCAJ","__RecordType__","Text","","","","","","","","","",""
"0D6i000004086DTCAY","0D5i000003H8PhlCAF","feedEvent","Text","","","","","","","","","",""
"0D6i000004086DUCAY","0D5i000003H8PhlCAF","Name","Text","","Clean up the staff","","","","","","","",""
"0D6i000004086DVCAY","0D5i000003H8PhlCAF","00Ni000000GbzAU","DynamicEnum","","Other","","","","","","","",""
"0D6i000004086DWCAY","0D5i000003H8PhlCAF","00Ni000000GbzAe","DynamicEnum","","New","","","","","","","",""
"0D6i000004086DXCAY","0D5i000003H8PhlCAF","__RecordType__","Text","","","","","","","","","",""
"0D6i000004qy1A8CAI","0D5i000003uentbCAA","feedEvent","Text","","","","","","","","","",""
"0D6i000004qy1A9CAI","0D5i000003uentbCAA","Name","Text","","What is this?","","","","","","","",""
"0D6i000004qy1AACAY","0D5i000003uentbCAA","__RecordType__","Text","","","","","","","","","",""
"0D6i0000052x9DPCAY","0D5i0000043NbCrCAK","feedEvent","Text","","","","","","","","","",""
"0D6i0000052x9DQCAY","0D5i0000043NbCrCAK","Subject","Text","","Print flyers","","","","","","","",""
"0D6i0000052x9DRCAY","0D5i0000043NbCrCAK","Priority","DynamicEnum","","Medium","","","","","","","",""
"0D6i0000052x9DSCAY","0D5i0000043NbCrCAK","Status","DynamicEnum","","New","","","","","","","",""
"0D6i0000052x9DTCAY","0D5i0000043NbCrCAK","CaseNumber","AutoNumber","","00001035","","","","","","","",""
"0D6i0000052x9DeCAI","0D5i0000043NbCrCAK","__RecordType__","Text","","","","","","","","","",""
"0D6i0000052x9DfCAI","0D5i0000043NbCtCAK","feedEvent","Text","","","","","","","","","",""
"0D6i0000052x9DgCAI","0D5i0000043NbCtCAK","Subject","Text","","Print flyers","","","","","","","",""
"0D6i0000052x9DhCAI","0D5i0000043NbCtCAK","Priority","DynamicEnum","","Medium","","","","","","","",""
"0D6i0000052x9DiCAI","0D5i0000043NbCtCAK","Status","DynamicEnum","","New","","","","","","","",""
"0D6i0000052x9DoCAI","0D5i0000043NbCtCAK","CaseNumber","AutoNumber","","00001036","","","","","","","",""
"0D6i0000052x9DpCAI","0D5i0000043NbCtCAK","__RecordType__","Text","","","","","","","","","",""
"0D6i0000052x9DqCAI","0D5i0000043NbDoCAK","feedEvent","Text","","","","","","","","","",""
"0D6i0000052x9DrCAI","0D5i0000043NbDoCAK","Subject","Text","","Print flyers","","","","","","","",""
"0D6i0000052x9DsCAI","0D5i0000043NbDoCAK","Priority","DynamicEnum","","Medium","","","","","","","",""
"0D6i0000052x9DtCAI","0D5i0000043NbDoCAK","Status","DynamicEnum","","New","","","","","","","",""
"0D6i0000052x9DuCAI","0D5i0000043NbDoCAK","CaseNumber","AutoNumber","","00001037","","","","","","","",""
"0D6i0000052x9DvCAI","0D5i0000043NbDoCAK","__RecordType__","Text","","","","","","","","","",""
"0D6i0000052x9DwCAI","0D5i0000043NbDqCAK","feedEvent","Text","","","","","","","","","",""
"0D6i0000052x9DxCAI","0D5i0000043NbDqCAK","Subject","Text","","Print flyers","","","","","","","",""
"0D6i0000052x9DyCAI","0D5i0000043NbDqCAK","Priority","DynamicEnum","","Medium","","","","","","","",""
"0D6i0000052x9DzCAI","0D5i0000043NbDqCAK","Status","DynamicEnum","","New","","","","","","","",""
"0D6i0000052x9E0CAI","0D5i0000043NbDqCAK","CaseNumber","AutoNumber","","00001038","","","","","","","",""
"0D6i0000052x9E1CAI","0D5i0000043NbDqCAK","__RecordType__","Text","","","","","","","","","",""
"0D6i0000052x9E2CAI","0D5i0000043NbDsCAK","feedEvent","Text","","","","","","","","","",""
"0D6i0000052x9E3CAI","0D5i0000043NbDsCAK","Subject","Text","","Print flyers","","","","","","","",""
"0D6i0000052x9E4CAI","0D5i0000043NbDsCAK","Priority","DynamicEnum","","Medium","","","","","","","",""
"0D6i0000052x9E5CAI","0D5i0000043NbDsCAK","Status","DynamicEnum","","New","","","","","","","",""
"0D6i0000052x9E6CAI","0D5i0000043NbDsCAK","CaseNumber","AutoNumber","","00001039","","","","","","","",""
"0D6i0000052x9E7CAI","0D5i0000043NbDsCAK","__RecordType__","Text","","","","","","","","","",""
"0D6i0000052x9E8CAI","0D5i0000043NbDuCAK","feedEvent","Text","","","","","","","","","",""
"0D6i0000052x9E9CAI","0D5i0000043NbDuCAK","Subject","Text","","Print flyers","","","","","","","",""
"0D6i0000052x9EACAY","0D5i0000043NbDuCAK","Priority","DynamicEnum","","Medium","","","","","","","",""
"0D6i0000052x9EBCAY","0D5i0000043NbDuCAK","Status","DynamicEnum","","New","","","","","","","",""
"0D6i0000052x9ECCAY","0D5i0000043NbDuCAK","CaseNumber","AutoNumber","","00001040","","","","","","","",""
"0D6i0000052x9EDCAY","0D5i0000043NbDuCAK","__RecordType__","Text","","","","","","","","","",""
"0D6i0000052x9EECAY","0D5i0000043NbDwCAK","feedEvent","Text","","","","","","","","","",""
"0D6i0000052x9EFCAY","0D5i0000043NbDwCAK","Subject","Text","","Print flyers","","","","","","","",""
"0D6i0000052x9EGCAY","0D5i0000043NbDwCAK","Priority","DynamicEnum","","Medium","","","","","","","",""
"0D6i0000052x9EHCAY","0D5i0000043NbDwCAK","Status","DynamicEnum","","New","","","","","","","",""
"0D6i0000052x9EICAY","0D5i0000043NbDwCAK","CaseNumber","AutoNumber","","00001041","","","","","","","",""
"0D6i0000052x9EJCAY","0D5i0000043NbDwCAK","__RecordType__","Text","","","","","","","","","",""
"0D6i0000052x9EKCAY","0D5i0000043NbE8CAK","feedEvent","Text","","","","","","","","","",""
"0D6i0000052x9ELCAY","0D5i0000043NbE8CAK","Subject","Text","","Print flyers","","","","","","","",""
"0D6i0000052x9EMCAY","0D5i0000043NbE8CAK","Priority","DynamicEnum","","Medium","","","","","","","",""
"0D6i0000052x9EXCAY","0D5i0000043NbE8CAK","Status","DynamicEnum","","New","","","","","","","",""
"0D6i0000052x9EYCAY","0D5i0000043NbE8CAK","CaseNumber","AutoNumber","","00001042","","","","","","","",""
"0D6i0000052x9EZCAY","0D5i0000043NbE8CAK","__RecordType__","Text","","","","","","","","","",""
"0D6i0000052x9EaCAI","0D5i0000043NbEACA0","feedEvent","Text","","","","","","","","","",""
"0D6i0000052x9EbCAI","0D5i0000043NbEACA0","Subject","Text","","Print flyers","","","","","","","",""
"0D6i0000052x9EpCAI","0D5i0000043NbEACA0","Priority","DynamicEnum","","Medium","","","","","","","",""
"0D6i0000052x9EqCAI","0D5i0000043NbEACA0","Status","DynamicEnum","","New","","","","","","","",""
"0D6i0000052x9ErCAI","0D5i0000043NbEACA0","CaseNumber","AutoNumber","","00001043","","","","","","","",""
"0D6i0000052x9EsCAI","0D5i0000043NbEACA0","__RecordType__","Text","","","","","","","","","",""
"0D6i0000052x9EtCAI","0D5i0000043NbECCA0","feedEvent","Text","","","","","","","","","",""
"0D6i0000052x9EzCAI","0D5i0000043NbECCA0","Subject","Text","","Print flyers","","","","","","","",""
"0D6i0000052x9F0CAI","0D5i0000043NbECCA0","Priority","DynamicEnum","","Medium","","","","","","","",""
"0D6i0000052x9F1CAI","0D5i0000043NbECCA0","Status","DynamicEnum","","New","","","","","","","",""
"0D6i0000052x9F2CAI","0D5i0000043NbECCA0","CaseNumber","AutoNumber","","00001044","","","","","","","",""
"0D6i0000052x9F3CAI","0D5i0000043NbECCA0","__RecordType__","Text","","","","","","","","","",""
"0D6i0000052x9FKCAY","0D5i0000043NbETCA0","feedEvent","Text","","","","","","","","","",""
"0D6i0000052x9FLCAY","0D5i0000043NbETCA0","Subject","Text","","Print flyers","","","","","","","",""
"0D6i0000052x9FMCAY","0D5i0000043NbETCA0","Priority","DynamicEnum","","Medium","","","","","","","",""
"0D6i0000052x9FNCAY","0D5i0000043NbETCA0","Status","DynamicEnum","","New","","","","","","","",""
"0D6i0000052x9FOCAY","0D5i0000043NbETCA0","CaseNumber","AutoNumber","","00001045","","","","","","","",""
"0D6i0000052x9FPCAY","0D5i0000043NbETCA0","__RecordType__","Text","","","","","","","","","",""
"0D6i0000052x9FQCAY","0D5i0000043NbEVCA0","feedEvent","Text","","","","","","","","","",""
"0D6i0000052x9FRCAY","0D5i0000043NbEVCA0","Subject","Text","","Print flyers","","","","","","","",""
"0D6i0000052x9FSCAY","0D5i0000043NbEVCA0","Priority","DynamicEnum","","Medium","","","","","","","",""
"0D6i0000052x9FTCAY","0D5i0000043NbEVCA0","Status","DynamicEnum","","New","","","","","","","",""
"0D6i0000052x9FUCAY","0D5i0000043NbEVCA0","CaseNumber","AutoNumber","","00001046","","","","","","","",""
"0D6i0000052x9FVCAY","0D5i0000043NbEVCA0","__RecordType__","Text","","","","","","","","","",""
"0D6i0000052x9vKCAQ","0D5i0000043NbpUCAS","feedEvent","Text","","","","","","","","","",""
"0D6i0000052x9vLCAQ","0D5i0000043NbpUCAS","Subject","Text","","Print flyers","","","","","","","",""
"0D6i0000052x9vMCAQ","0D5i0000043NbpUCAS","Priority","DynamicEnum","","Medium","","","","","","","",""
"0D6i0000052x9vNCAQ","0D5i0000043NbpUCAS","Status","DynamicEnum","","New","","","","","","","",""
"0D6i0000052x9vOCAQ","0D5i0000043NbpUCAS","CaseNumber","AutoNumber","","00001047","","","","","","","",""
"0D6i0000052x9vPCAQ","0D5i0000043NbpUCAS","__RecordType__","Text","","","","","","","","","",""
"0D6i0000052x9vQCAQ","0D5i0000043NbpWCAS","feedEvent","Text","","","","","","","","","",""
"0D6i0000052x9vRCAQ","0D5i0000043NbpWCAS","Subject","Text","","Print flyers","","","","","","","",""
"0D6i0000052x9vSCAQ","0D5i0000043NbpWCAS","Priority","DynamicEnum","","Medium","","","","","","","",""
"0D6i0000052x9vTCAQ","0D5i0000043NbpWCAS","Status","DynamicEnum","","New","","","","","","","",""
"0D6i0000052x9vUCAQ","0D5i0000043NbpWCAS","CaseNumber","AutoNumber","","00001048","","","","","","","",""
"0D6i0000052x9vVCAQ","0D5i0000043NbpWCAS","__RecordType__","Text","","","","","","","","","",""
"0D6i0000052x9vWCAQ","0D5i0000043NbpnCAC","feedEvent","Text","","","","","","","","","",""
"0D6i0000052x9vXCAQ","0D5i0000043NbpnCAC","Subject","Text","","Print flyers","","","","","","","",""
"0D6i0000052x9vYCAQ","0D5i0000043NbpnCAC","Priority","DynamicEnum","","Medium","","","","","","","",""
"0D6i0000052x9vjCAA","0D5i0000043NbpnCAC","Status","DynamicEnum","","New","","","","","","","",""
"0D6i0000052x9vkCAA","0D5i0000043NbpnCAC","CaseNumber","AutoNumber","","00001049","","","","","","","",""
"0D6i0000052x9vlCAA","0D5i0000043NbpnCAC","__RecordType__","Text","","","","","","","","","",""
"0D6i0000052x9vmCAA","0D5i0000043NbppCAC","feedEvent","Text","","","","","","","","","",""
"0D6i0000052x9vnCAA","0D5i0000043NbppCAC","Subject","Text","","Print flyers","","","","","","","",""
"0D6i0000052x9vuCAA","0D5i0000043NbppCAC","Priority","DynamicEnum","","Medium","","","","","","","",""
"0D6i0000052x9vvCAA","0D5i0000043NbppCAC","Status","DynamicEnum","","New","","","","","","","",""
"0D6i0000052x9vwCAA","0D5i0000043NbppCAC","CaseNumber","AutoNumber","","00001050","","","","","","","",""
"0D6i0000052x9vxCAA","0D5i0000043NbppCAC","__RecordType__","Text","","","","","","","","","",""
"0D6i0000052x9vyCAA","0D5i0000043NbprCAC","feedEvent","Text","","","","","","","","","",""
"0D6i0000052x9w9CAA","0D5i0000043NbprCAC","Subject","Text","","Print flyers","","","","","","","",""
"0D6i0000052x9wACAQ","0D5i0000043NbprCAC","Priority","DynamicEnum","","Medium","","","","","","","",""
"0D6i0000052x9wBCAQ","0D5i0000043NbprCAC","Status","DynamicEnum","","New","","","","","","","",""
"0D6i0000052x9wCCAQ","0D5i0000043NbprCAC","CaseNumber","AutoNumber","","00001051","","","","","","","",""
"0D6i0000052x9wDCAQ","0D5i0000043NbprCAC","__RecordType__","Text","","","","","","","","","",""
"0D6i0000052x9wECAQ","0D5i0000043Nbq3CAC","feedEvent","Text","","","","","","","","","",""
"0D6i0000052x9wFCAQ","0D5i0000043Nbq3CAC","Subject","Text","","Print flyers","","","","","","","",""
"0D6i0000052x9wGCAQ","0D5i0000043Nbq3CAC","Priority","DynamicEnum","","Medium","","","","","","","",""
"0D6i0000052x9wHCAQ","0D5i0000043Nbq3CAC","Status","DynamicEnum","","New","","","","","","","",""
"0D6i0000052x9wICAQ","0D5i0000043Nbq3CAC","CaseNumber","AutoNumber","","00001052","","","","","","","",""
"0D6i0000052x9wJCAQ","0D5i0000043Nbq3CAC","__RecordType__","Text","","","","","","","","","",""
"0D6i0000052x9wKCAQ","0D5i0000043Nbq5CAC","feedEvent","Text","","","","","","","","","",""
"0D6i0000052x9wLCAQ","0D5i0000043Nbq5CAC","Subject","Text","","Print flyers","","","","","","","",""
"0D6i0000052x9wMCAQ","0D5i0000043Nbq5CAC","Priority","DynamicEnum","","Medium","","","","","","","",""
"0D6i0000052x9wNCAQ","0D5i0000043Nbq5CAC","Status","DynamicEnum","","New","","","","","","","",""
"0D6i0000052x9wTCAQ","0D5i0000043Nbq5CAC","CaseNumber","AutoNumber","","00001053","","","","","","","",""
"0D6i0000052x9wUCAQ","0D5i0000043Nbq5CAC","__RecordType__","Text","","","","","","","","","",""
"0D6i0000052x9wVCAQ","0D5i0000043NbqHCAS","feedEvent","Text","","","","","","","","","",""
"0D6i0000052x9wWCAQ","0D5i0000043NbqHCAS","Subject","Text","","Print flyers","","","","","","","",""
"0D6i0000052x9wXCAQ","0D5i0000043NbqHCAS","Priority","DynamicEnum","","Medium","","","","","","","",""
"0D6i0000052x9wlCAA","0D5i0000043NbqHCAS","Status","DynamicEnum","","New","","","","","","","",""
"0D6i0000052x9wmCAA","0D5i0000043NbqHCAS","CaseNumber","AutoNumber","","00001054","","","","","","","",""
"0D6i0000052x9wnCAA","0D5i0000043NbqHCAS","__RecordType__","Text","","","","","","","","","",""
"0D6i0000052x9woCAA","0D5i0000043NbqJCAS","feedEvent","Text","","","","","","","","","",""
"0D6i0000052x9wpCAA","0D5i0000043NbqJCAS","Subject","Text","","Print flyers","","","","","","","",""
"0D6i0000052x9wvCAA","0D5i0000043NbqJCAS","Priority","DynamicEnum","","Medium","","","","","","","",""
"0D6i0000052x9wwCAA","0D5i0000043NbqJCAS","Status","DynamicEnum","","New","","","","","","","",""
"0D6i0000052x9wxCAA","0D5i0000043NbqJCAS","CaseNumber","AutoNumber","","00001055","","","","","","","",""
"0D6i0000052x9wyCAA","0D5i0000043NbqJCAS","__RecordType__","Text","","","","","","","","","",""
"0D6i0000052x9wzCAA","0D5i0000043NbqLCAS","feedEvent","Text","","","","","","","","","",""
"0D6i0000052x9x5CAA","0D5i0000043NbqLCAS","Subject","Text","","Print flyers","","","","","","","",""
"0D6i0000052x9x6CAA","0D5i0000043NbqLCAS","Priority","DynamicEnum","","Medium","","","","","","","",""
"0D6i0000052x9x7CAA","0D5i0000043NbqLCAS","Status","DynamicEnum","","New","","","","","","","",""
"0D6i0000052x9x8CAA","0D5i0000043NbqLCAS","CaseNumber","AutoNumber","","00001056","","","","","","","",""
"0D6i0000052x9x9CAA","0D5i0000043NbqLCAS","__RecordType__","Text","","","","","","","","","",""
"0D6i0000052x9xFCAQ","0D5i0000043NbqXCAS","feedEvent","Text","","","","","","","","","",""
"0D6i0000052x9xGCAQ","0D5i0000043NbqXCAS","Subject","Text","","Print flyers","","","","","","","",""
"0D6i0000052x9xHCAQ","0D5i0000043NbqXCAS","Priority","DynamicEnum","","Medium","","","","","","","",""
"0D6i0000052x9xICAQ","0D5i0000043NbqXCAS","Status","DynamicEnum","","New","","","","","","","",""
"0D6i0000052x9xJCAQ","0D5i0000043NbqXCAS","CaseNumber","AutoNumber","","00001057","","","","","","","",""
"0D6i0000052x9xKCAQ","0D5i0000043NbqXCAS","__RecordType__","Text","","","","","","","","","",""
"0D6i0000052x9xLCAQ","0D5i0000043NbqZCAS","feedEvent","Text","","","","","","","","","",""
"0D6i0000052x9xMCAQ","0D5i0000043NbqZCAS","Subject","Text","","Print flyers","","","","","","","",""
"0D6i0000052x9xNCAQ","0D5i0000043NbqZCAS","Priority","DynamicEnum","","Medium","","","","","","","",""
"0D6i0000052x9xOCAQ","0D5i0000043NbqZCAS","Status","DynamicEnum","","New","","","","","","","",""
"0D6i0000052x9xUCAQ","0D5i0000043NbqZCAS","CaseNumber","AutoNumber","","00001058","","","","","","","",""
"0D6i0000052x9xVCAQ","0D5i0000043NbqZCAS","__RecordType__","Text","","","","","","","","","",""
"0D6i000005AtRCvCAN","0D5i0000049Q0nDCAS","feedEvent","Text","","","","","","","","","",""
"0D6i000005AtRCwCAN","0D5i0000049Q0nDCAS","Subject","Text","","Print flyers","","","","","","","",""
"0D6i000005AtRCxCAN","0D5i0000049Q0nDCAS","Priority","DynamicEnum","","Medium","","","","","","","",""
"0D6i000005AtRCyCAN","0D5i0000049Q0nDCAS","Status","DynamicEnum","","New","","","","","","","",""
"0D6i000005AtRCzCAN","0D5i0000049Q0nDCAS","CaseNumber","AutoNumber","","00001065","","","","","","","",""
"0D6i000005AtRD5CAN","0D5i0000049Q0nDCAS","__RecordType__","Text","","","","","","","","","",""
"0D6i000005AtRD6CAN","0D5i0000049Q0nFCAS","feedEvent","Text","","","","","","","","","",""
"0D6i000005AtRD7CAN","0D5i0000049Q0nFCAS","Subject","Text","","Print flyers","","","","","","","",""
"0D6i000005AtRD8CAN","0D5i0000049Q0nFCAS","Priority","DynamicEnum","","Medium","","","","","","","",""
"0D6i000005AtRD9CAN","0D5i0000049Q0nFCAS","Status","DynamicEnum","","New","","","","","","","",""
"0D6i000005AtRGdCAN","0D5i0000049Q0nFCAS","CaseNumber","AutoNumber","","00001066","","","","","","","",""
"0D6i000005AtRGeCAN","0D5i0000049Q0nFCAS","__RecordType__","Text","","","","","","","","","",""
"0D6i000005AtRGfCAN","0D5i0000049Q0nvCAC","feedEvent","Text","","","","","","","","","",""
"0D6i000005AtRGgCAN","0D5i0000049Q0nvCAC","Subject","Text","","Print flyers","","","","","","","",""
"0D6i000005AtRGhCAN","0D5i0000049Q0nvCAC","Priority","DynamicEnum","","Medium","","","","","","","",""
"0D6i000005AtRGnCAN","0D5i0000049Q0nvCAC","Status","DynamicEnum","","New","","","","","","","",""
"0D6i000005AtRGoCAN","0D5i0000049Q0nvCAC","CaseNumber","AutoNumber","","00001067","","","","","","","",""
"0D6i000005AtRGpCAN","0D5i0000049Q0nvCAC","__RecordType__","Text","","","","","","","","","",""
"0D6i000005AtRGqCAN","0D5i0000049Q0nxCAC","feedEvent","Text","","","","","","","","","",""
"0D6i000005AtRGrCAN","0D5i0000049Q0nxCAC","Subject","Text","","Print flyers","","","","","","","",""
"0D6i000005AtRGxCAN","0D5i0000049Q0nxCAC","Priority","DynamicEnum","","Medium","","","","","","","",""
"0D6i000005AtRGyCAN","0D5i0000049Q0nxCAC","Status","DynamicEnum","","New","","","","","","","",""
"0D6i000005AtRGzCAN","0D5i0000049Q0nxCAC","CaseNumber","AutoNumber","","00001068","","","","","","","",""
"0D6i000005AtRH0CAN","0D5i0000049Q0nxCAC","__RecordType__","Text","","","","","","","","","",""
"0D6i000005AtRH1CAN","0D5i0000049Q0nzCAC","feedEvent","Text","","","","","","","","","",""
"0D6i000005AtRHCCA3","0D5i0000049Q0nzCAC","Subject","Text","","Print flyers","","","","","","","",""
"0D6i000005AtRHDCA3","0D5i0000049Q0nzCAC","Priority","DynamicEnum","","Medium","","","","","","","",""
"0D6i000005AtRHECA3","0D5i0000049Q0nzCAC","Status","DynamicEnum","","New","","","","","","","",""
"0D6i000005AtRHFCA3","0D5i0000049Q0nzCAC","CaseNumber","AutoNumber","","00001069","","","","","","","",""
"0D6i000005AtRHGCA3","0D5i0000049Q0nzCAC","__RecordType__","Text","","","","","","","","","",""
"0D6i000005AtRHHCA3","0D5i0000049Q0oBCAS","feedEvent","Text","","","","","","","","","",""
"0D6i000005AtRHICA3","0D5i0000049Q0oBCAS","Subject","Text","","Print flyers","","","","","","","",""
"0D6i000005AtRHJCA3","0D5i0000049Q0oBCAS","Priority","DynamicEnum","","Medium","","","","","","","",""
"0D6i000005AtRHKCA3","0D5i0000049Q0oBCAS","Status","DynamicEnum","","New","","","","","","","",""
"0D6i000005AtRHLCA3","0D5i0000049Q0oBCAS","CaseNumber","AutoNumber","","00001070","","","","","","","",""
"0D6i000005AtRHMCA3","0D5i0000049Q0oBCAS","__RecordType__","Text","","","","","","","","","",""
"0D6i000005AtRHNCA3","0D5i0000049Q0oDCAS","feedEvent","Text","","","","","","","","","",""
"0D6i000005AtRHOCA3","0D5i0000049Q0oDCAS","Subject","Text","","Print flyers","","","","","","","",""
"0D6i000005AtRHPCA3","0D5i0000049Q0oDCAS","Priority","DynamicEnum","","Medium","","","","","","","",""
"0D6i000005AtRHQCA3","0D5i0000049Q0oDCAS","Status","DynamicEnum","","New","","","","","","","",""
"0D6i000005AtRHbCAN","0D5i0000049Q0oDCAS","CaseNumber","AutoNumber","","00001071","","","","","","","",""
"0D6i000005AtRHcCAN","0D5i0000049Q0oDCAS","__RecordType__","Text","","","","","","","","","",""
"0D6i000005AtRHdCAN","0D5i0000049Q0oZCAS","feedEvent","Text","","","","","","","","","",""
"0D6i000005AtRHeCAN","0D5i0000049Q0oZCAS","Subject","Text","","Print flyers","","","","","","","",""
"0D6i000005AtRHfCAN","0D5i0000049Q0oZCAS","Priority","DynamicEnum","","Medium","","","","","","","",""
"0D6i000005AtRI7CAN","0D5i0000049Q0oZCAS","Status","DynamicEnum","","New","","","","","","","",""
"0D6i000005AtRI8CAN","0D5i0000049Q0oZCAS","CaseNumber","AutoNumber","","00001072","","","","","","","",""
"0D6i000005AtRI9CAN","0D5i0000049Q0oZCAS","__RecordType__","Text","","","","","","","","","",""
"0D6i000005AtRIACA3","0D5i0000049Q0obCAC","feedEvent","Text","","","","","","","","","",""
"0D6i000005AtRIBCA3","0D5i0000049Q0obCAC","Subject","Text","","Print flyers","","","","","","","",""
"0D6i000005AtRICCA3","0D5i0000049Q0obCAC","Priority","DynamicEnum","","Medium","","","","","","","",""
"0D6i000005AtRIDCA3","0D5i0000049Q0obCAC","Status","DynamicEnum","","New","","","","","","","",""
"0D6i000005AtRIECA3","0D5i0000049Q0obCAC","CaseNumber","AutoNumber","","00001073","","","","","","","",""
"0D6i000005AtRIFCA3","0D5i0000049Q0obCAC","__RecordType__","Text","","","","","","","","","",""
"0D6i000005AtRIGCA3","0D5i0000049Q0odCAC","feedEvent","Text","","","","","","","","","",""
"0D6i000005AtRIHCA3","0D5i0000049Q0odCAC","Subject","Text","","Print flyers","","","","","","","",""
"0D6i000005AtRIICA3","0D5i0000049Q0odCAC","Priority","DynamicEnum","","Medium","","","","","","","",""
"0D6i000005AtRIJCA3","0D5i0000049Q0odCAC","Status","DynamicEnum","","New","","","","","","","",""
"0D6i000005AtRIKCA3","0D5i0000049Q0odCAC","CaseNumber","AutoNumber","","00001074","","","","","","","",""
"0D6i000005AtRILCA3","0D5i0000049Q0odCAC","__RecordType__","Text","","","","","","","","","",""
"0D6i000005AtRIRCA3","0D5i0000049Q0ofCAC","feedEvent","Text","","","","","","","","","",""
"0D6i000005AtRISCA3","0D5i0000049Q0ofCAC","Subject","Text","","Print flyers","","","","","","","",""
"0D6i000005AtRITCA3","0D5i0000049Q0ofCAC","Priority","DynamicEnum","","Medium","","","","","","","",""
"0D6i000005AtRIUCA3","0D5i0000049Q0ofCAC","Status","DynamicEnum","","New","","","","","","","",""
"0D6i000005AtRIVCA3","0D5i0000049Q0ofCAC","CaseNumber","AutoNumber","","00001075","","","","","","","",""
"0D6i000005AtRIWCA3","0D5i0000049Q0ofCAC","__RecordType__","Text","","","","","","","","","",""
"0D6i000005AtRIXCA3","0D5i0000049Q0ohCAC","feedEvent","Text","","","","","","","","","",""
"0D6i000005AtRIYCA3","0D5i0000049Q0ohCAC","Subject","Text","","Print flyers","","","","","","","",""
"0D6i000005AtRIZCA3","0D5i0000049Q0ohCAC","Priority","DynamicEnum","","Medium","","","","","","","",""
"0D6i000005AtRIaCAN","0D5i0000049Q0ohCAC","Status","DynamicEnum","","New","","","","","","","",""
"0D6i000005AtRIgCAN","0D5i0000049Q0ohCAC","CaseNumber","AutoNumber","","00001076","","","","","","","",""
"0D6i000005AtRIhCAN","0D5i0000049Q0ohCAC","__RecordType__","Text","","","","","","","","","",""
"0D6i000005RY7p3CAD","0D5i000004L8mUnCAJ","feedEvent","Text","","","","","","","","","",""
"0D6i000005RY7p4CAD","0D5i000004L8mUnCAJ","Subject","Text","","","","","","","","","",""
"0D6i000005RY7p5CAD","0D5i000004L8mUnCAJ","Priority","DynamicEnum","","Medium","","","","","","","",""
"0D6i000005RY7p6CAD","0D5i000004L8mUnCAJ","Status","DynamicEnum","","New","","","","","","","",""
"0D6i000005RY7p7CAD","0D5i000004L8mUnCAJ","CaseNumber","AutoNumber","","00001077","","","","","","","",""
"0D6i000005RY7pDCAT","0D5i000004L8mUnCAJ","__RecordType__","Text","","","","","","","","","",""
"0D6i000005RY7qiCAD","0D5i000004L8mWGCAZ","feedEvent","Text","{""fu"":[{""ov"":""3"",""fn"":""Status"",""nv"":""1""}]}","1","","","","","","","",""
"0D6i000005T5Oj0CAF","0D5i000004LpbefCAB","feedEvent","Text","","","","","","","","","",""
"0D6i000005T5Oj1CAF","0D5i000004LpbefCAB","Subject","Text","","Missing Shipment","","","","","","","",""
"0D6i000005T5Oj2CAF","0D5i000004LpbefCAB","Priority","DynamicEnum","","Medium","","","","","","","",""
"0D6i000005T5Oj3CAF","0D5i000004LpbefCAB","Status","DynamicEnum","","New","","","","","","","",""
"0D6i000005T5Oj4CAF","0D5i000004LpbefCAB","CaseNumber","AutoNumber","","00001078","","","","","","","",""
"0D6i000005T5OjACAV","0D5i000004LpbefCAB","__RecordType__","Text","","012i0000000tw2j","","","","","","","",""
"0D6i000005T5P3PCAV","0D5i000004LpbcpCAB","feedEvent","Text","{""fu"":[{""ov"":""3"",""fn"":""Status"",""nv"":""1""}]}","1","","","","","","","",""
"0D6i000005T5W2nCAF","0D5i000004Lph0JCAR","feedEvent","Text","","","","","","","","","",""
"0D6i000005T5W2oCAF","0D5i000004Lph0KCAR","feedEvent","Text","","1","","","","","","","",""
"0D6i000005T5W2pCAF","0D5i000004Lph0JCAR","Subject","Text","","WTF","","","","","","","",""
"0D6i000005T5W2qCAF","0D5i000004Lph0JCAR","Priority","DynamicEnum","","","","","","","","","",""
"0D6i000005T5W2rCAF","0D5i000004Lph0JCAR","Status","DynamicEnum","","New","","","","","","","",""
"0D6i000005T5W2sCAF","0D5i000004Lph0JCAR","CaseNumber","AutoNumber","","00001079","","","","","","","",""
"0D6i000005T5W2tCAF","0D5i000004Lph0JCAR","__RecordType__","Text","","012i0000000tw2j","","","","","","","",""
"0D6i000005T5W2uCAF","0D5i000004Lph0LCAR","owner_field_assign","Text","","","","Sanket","","V","","","",""
"0D6i000005T5W2vCAF","0D5i000004Lph0LCAR","owner_field_assign","EntityId","","005i0000001YLcM","","","","","","","",""
"0D6i000005T5XO1CAN","0D5i000004Lphy5CAB","feedEvent","Text","","","","","","","","","",""
"0D6i000005T5YUCCA3","0D5i000004Lphy5CAB","Subject","Text","","Where is my shoes?","","","","","","","",""
"0D6i000005T5YUDCA3","0D5i000004Lphy5CAB","Priority","DynamicEnum","","Medium","","","","","","","",""
"0D6i000005T5YUECA3","0D5i000004Lphy5CAB","Status","DynamicEnum","","New","","","","","","","",""
"0D6i000005T5YUFCA3","0D5i000004Lphy5CAB","CaseNumber","AutoNumber","","00001080","","","","","","","",""
"0D6i000005T5YUGCA3","0D5i000004Lphy5CAB","__RecordType__","Text","","012i0000000tw2j","","","","","","","",""
"0D6i0000061dNUeCAM","0D5i000004it0lzCAA","feedEvent","Text","","","","","","","","","",""
"0D6i0000061dNbiCAE","0D5i000004it0rOCAQ","feedEvent","Text","","","","","","","","","",""
"0D6i0000061dNbjCAE","0D5i000004it0rOCAQ","Name","Text","","Happy Customer","","","","","","","",""
"0D6i0000061dNbkCAE","0D5i000004it0rOCAQ","00Ni000000GbzAU","DynamicEnum","","","","","","","","","",""
"0D6i0000061dNblCAE","0D5i000004it0rOCAQ","00Ni000000GbzAe","DynamicEnum","","New","","","","","","","",""
"0D6i0000061dNbmCAE","0D5i000004it0rOCAQ","__RecordType__","Text","","","","","","","","","",""
"0D6i0000061dNiZCAU","0D5i000004it0waCAA","feedEvent","Text","","","","","","","","","",""
"0D6i0000061dNiaCAE","0D5i000004it0waCAA","Name","Text","","What is this?","","","","","","","",""
"0D6i0000061dNibCAE","0D5i000004it0waCAA","00Ni000000GbzAU","DynamicEnum","","Kitchen Snacks","","","","","","","",""
"0D6i0000061dOOvCAM","0D5i000004it0waCAA","00Ni000000GbzAe","DynamicEnum","","New","","","","","","","",""
"0D6i0000061dOOwCAM","0D5i000004it0waCAA","__RecordType__","Text","","","","","","","","","",""
"0D6i00000673bZECAY","0D5i000004mEWVJCA4","feedEvent","Text","","","","","","","","","",""
"0D6i00000673bZFCAY","0D5i000004mEWVJCA4","Subject","Text","","Oye yeh ho kya raha hai??","","","","","","","",""
"0D6i00000673bZGCAY","0D5i000004mEWVJCA4","Priority","DynamicEnum","","Medium","","","","","","","",""
"0D6i00000673bZHCAY","0D5i000004mEWVJCA4","Status","DynamicEnum","","Working","","","","","","","",""
"0D6i00000673bZICAY","0D5i000004mEWVJCA4","CaseNumber","AutoNumber","","00001081","","","","","","","",""
"0D6i00000673bZJCAY","0D5i000004mEWVJCA4","__RecordType__","Text","","012i0000000tw2j","","","","","","","",""
