"Id","TableEnumOrId","FieldEnumOrId","CreatedById","CreatedDate"
"0G10H000001UWszSAG","Case","Owner","005i0000001YLcMAAW","2017-08-21 16:31:15"
"0G10H000001UWt0SAG","Case","Priority","005i0000001YLcMAAW","2017-08-21 16:31:15"
"0G1i0000000KlTyCAK","01Ii0000001fQom","000000000000000","005i0000001YLcMAAW","2016-09-07 16:38:09"
"0G1i0000000KlTzCAK","01Ii0000001fQom","00Ni000000HWWNB","005i0000001YLcMAAW","2016-09-07 16:38:11"
"0G1i0000000KlU0CAK","01Ii0000001fQom","00Ni000000HWWNE","005i0000001YLcMAAW","2016-09-07 16:38:11"
"0G1i0000000OzjWCAS","Goal","000000000000000","005i0000002B8LLAA0","2015-08-22 03:17:38"
"0G1i0000000OzjXCAS","Metric","000000000000000","005i0000002B8LLAA0","2015-08-22 03:17:38"
"0G1i0000000RJ8sCAG","Account","Name","005i0000001YLcMAAW","2013-10-30 14:31:34"
"0G1i0000000RJ8tCAG","Account","Owner","005i0000001YLcMAAW","2013-10-30 14:31:34"
"0G1i0000000RJ8uCAG","Account","000000000000000","005i0000001YLcMAAW","2013-10-30 14:31:34"
"0G1i0000000RJ8vCAG","Contact","Account","005i0000001YLcMAAW","2013-10-30 14:31:34"
"0G1i0000000RJ8wCAG","Contact","Name","005i0000001YLcMAAW","2013-10-30 14:31:34"
"0G1i0000000RJ8xCAG","Contact","Owner","005i0000001YLcMAAW","2013-10-30 14:31:34"
"0G1i0000000RJ8yCAG","Contact","000000000000000","005i0000001YLcMAAW","2013-10-30 14:31:34"
"0G1i0000000RJ8zCAG","Lead","Name","005i0000001YLcMAAW","2013-10-30 14:31:34"
"0G1i0000000RJ90CAG","Lead","Status","005i0000001YLcMAAW","2013-10-30 14:31:34"
"0G1i0000000RJ91CAG","Lead","Owner","005i0000001YLcMAAW","2013-10-30 14:31:34"
"0G1i0000000RJ92CAG","Lead","000000000000000","005i0000001YLcMAAW","2013-10-30 14:31:34"
"0G1i0000000RJ93CAG","Opportunity","Name","005i0000001YLcMAAW","2013-10-30 14:31:34"
"0G1i0000000RJ94CAG","Opportunity","StageName","005i0000001YLcMAAW","2013-10-30 14:31:34"
"0G1i0000000RJ95CAG","Opportunity","Amount","005i0000001YLcMAAW","2013-10-30 14:31:34"
"0G1i0000000RJ96CAG","Opportunity","CloseDate","005i0000001YLcMAAW","2013-10-30 14:31:34"
"0G1i0000000RJ97CAG","Opportunity","Owner","005i0000001YLcMAAW","2013-10-30 14:31:34"
"0G1i0000000RJ98CAG","Opportunity","000000000000000","005i0000001YLcMAAW","2013-10-30 14:31:34"
"0G1i0000000RJ9DCAW","ContentDocument","000000000000000","005i0000001YLcMAAW","2013-10-30 14:31:34"
"0G1i0000000RJ9ECAW","CollaborationGroup","Name","005i0000001YLcMAAW","2013-10-30 14:31:34"
"0G1i0000000RJ9FCAW","CollaborationGroup","Owner","005i0000001YLcMAAW","2013-10-30 14:31:34"
"0G1i0000000RJ9GCAW","CollaborationGroup","CollaborationType","005i0000001YLcMAAW","2013-10-30 14:31:34"
"0G1i0000000RJ9HCAW","CollaborationGroup","Description","005i0000001YLcMAAW","2013-10-30 14:31:34"
"0G1i0000000RJ9ICAW","CollaborationGroup","InformationTitle","005i0000001YLcMAAW","2013-10-30 14:31:34"
"0G1i0000000RJ9JCAW","CollaborationGroup","InformationBody","005i0000001YLcMAAW","2013-10-30 14:31:34"
"0G1i0000000RJ9KCAW","CollaborationGroup","CanHaveGuests","005i0000001YLcMAAW","2013-10-30 14:31:34"
"0G1i0000000RJ9LCAW","CollaborationGroup","000000000000000","005i0000001YLcMAAW","2013-10-30 14:31:34"
"0G1i0000000RJ9MCAW","Topic","000000000000000","005i0000001YLcMAAW","2013-10-30 14:31:34"
"0G1i0000000RJ9NCAW","Site","000000000000000","005i0000001YLcMAAW","2013-10-30 14:31:34"
"0G1i0000000RJ9OCAW","User","Title","005i0000001YLcMAAW","2013-10-30 14:31:34"
"0G1i0000000RJ9PCAW","User","Address","005i0000001YLcMAAW","2013-10-30 14:31:34"
"0G1i0000000RJ9QCAW","User","Email","005i0000001YLcMAAW","2013-10-30 14:31:34"
"0G1i0000000RJ9RCAW","User","Phone","005i0000001YLcMAAW","2013-10-30 14:31:34"
"0G1i0000000RJ9SCAW","User","Manager","005i0000001YLcMAAW","2013-10-30 14:31:34"
"0G1i0000000RJ9TCAW","User","AboutMe","005i0000001YLcMAAW","2013-10-30 14:31:34"
"0G1i0000000RJ9UCAW","User","000000000000000","005i0000001YLcMAAW","2013-10-30 14:31:34"
"0G1i0000000RJ9VCAW","WorkCoaching","000000000000000","005i0000001YLcMAAW","2013-10-30 14:31:34"
"0G1i0000000RJ9WCAW","WorkGoal","000000000000000","005i0000001YLcMAAW","2013-10-30 14:31:34"
"0G1i0000000RJ9XCAW","WorkUpgradeAction","000000000000000","005i0000001YLcMAAW","2013-10-30 14:31:34"
"0G1i0000000RJ9YCAW","WorkUpgradeCustomer","000000000000000","005i0000001YLcMAAW","2013-10-30 14:31:34"
"0G1i0000001NCDxCAO","01Ii0000001X9ol","000000000000000","005i0000001YLcMAAW","2015-12-23 20:14:21"
"0G1i0000001NCDyCAO","01Ii0000001X9ol","00Ni000000GFbBn","005i0000001YLcMAAW","2015-12-23 20:14:21"
"0G1i0000001NCDzCAO","01Ii0000001X9ol","Owner","005i0000001YLcMAAW","2015-12-23 20:14:21"
"0G1i0000001NCE0CAO","01Ii0000001X9ol","Name","005i0000001YLcMAAW","2015-12-23 20:14:21"
"0G1i0000001NCE1CAO","01Ii0000001X9ol","00Ni000000GFbBx","005i0000001YLcMAAW","2015-12-23 20:14:21"
"0G1i0000001NCE7CAO","01Ii0000001XB82","000000000000000","005i0000001YLcMAAW","2015-12-23 20:15:27"
"0G1i0000001NCE8CAO","01Ii0000001XB82","00Ni000000GFrH2","005i0000001YLcMAAW","2015-12-23 20:15:27"
"0G1i0000001NCE9CAO","01Ii0000001XB82","00Ni000000GFrHH","005i0000001YLcMAAW","2015-12-23 20:15:27"
"0G1i0000001NCMICA4","01Ii0000001XB7Y","000000000000000","005i0000001YLcMAAW","2016-01-04 19:35:09"
"0G1i0000001NCMNCA4","01Ii0000001XCnS","000000000000000","005i0000001YLcMAAW","2016-01-04 19:35:33"
"0G1i0000001NCMSCA4","01Ii0000001XCnX","000000000000000","005i0000001YLcMAAW","2016-01-04 19:35:44"
"0G1i0000001NCMXCA4","01Ii0000001XB8M","000000000000000","005i0000001YLcMAAW","2016-01-04 19:35:54"
"0G1i0000001NCO5CAO","01Ii0000001XDaW","000000000000000","005i0000001YLcMAAW","2016-01-06 19:37:49"
"0G1i0000001NCO6CAO","01Ii0000001XDaW","Name","005i0000001YLcMAAW","2016-01-06 19:37:49"
"0G1i0000001NCO7CAO","01Ii0000001XDaW","Owner","005i0000001YLcMAAW","2016-01-06 19:37:49"
"0G1i0000001NCOFCA4","01Ii0000001XDab","000000000000000","005i0000001YLcMAAW","2016-01-06 19:43:29"
"0G1i0000001NCOGCA4","01Ii0000001XDab","Name","005i0000001YLcMAAW","2016-01-06 19:43:29"
"0G1i0000001NCOHCA4","01Ii0000001XDab","Owner","005i0000001YLcMAAW","2016-01-06 19:43:29"
"0G1i0000001NGbtCAG","Campaign","000000000000000","005i0000001YLcMAAW","2017-04-24 18:03:43"
"0G1i0000001NGbuCAG","Campaign","IsActive","005i0000001YLcMAAW","2017-04-24 18:03:43"
"0G1i0000001NGbvCAG","Campaign","Name","005i0000001YLcMAAW","2017-04-24 18:03:43"
"0G1i0000001NGbwCAG","Campaign","Description","005i0000001YLcMAAW","2017-04-24 18:03:43"
"0G1i0000001NGbxCAG","Campaign","StartDate","005i0000001YLcMAAW","2017-04-24 18:03:43"
"0G1i0000001NGbyCAG","Campaign","Type","005i0000001YLcMAAW","2017-04-24 18:03:43"
"0G1i0000001YVYfCAO","01Ii0000002AKnV","000000000000000","005i0000001YLcMAAW","2016-02-04 20:59:46"
"0G1i0000001YVYgCAO","01Ii0000002AKnV","Name","005i0000001YLcMAAW","2016-02-04 20:59:46"
"0G1i0000001YVYhCAO","01Ii0000002AKnV","Owner","005i0000001YLcMAAW","2016-02-04 20:59:46"
"0G1i0000001YVYkCAO","01Ii0000002AKnf","000000000000000","005i0000001YLcMAAW","2016-02-04 21:42:00"
"0G1i0000001YVYlCAO","01Ii0000002AKnf","Name","005i0000001YLcMAAW","2016-02-04 21:42:00"
"0G1i0000001YVYmCAO","01Ii0000002AKnf","Owner","005i0000001YLcMAAW","2016-02-04 21:42:00"
