"Id","TableEnumOrId","FieldEnumOrId","CreatedById","CreatedDate"
"737i0000000XXA1AAO","01Ii0000001fQom","00Ni000000HWWNB","005i0000001YLcMAAW","2016-09-07 16:38:11"
"737i0000002wAvlAAE","Case","Asset","005i0000001YLcMAAW","2013-10-30 14:31:12"
"737i0000002wAvmAAE","Case","Contact","005i0000001YLcMAAW","2013-10-30 14:31:12"
"737i0000002wAvnAAE","Case","CurrencyIsoCode","005i0000001YLcMAAW","2013-10-30 14:31:12"
"737i0000002wAvoAAE","Case","Description","005i0000001YLcMAAW","2013-10-30 14:31:12"
"737i0000002wAvpAAE","Case","IsVisibleInSelfService","005i0000001YLcMAAW","2013-10-30 14:31:12"
"737i0000002wAvqAAE","Case","Origin","005i0000001YLcMAAW","2013-10-30 14:31:12"
"737i0000002wAvrAAE","Case","Owner","005i0000001YLcMAAW","2013-10-30 14:31:12"
"737i0000002wAvsAAE","Case","Priority","005i0000001YLcMAAW","2013-10-30 14:31:12"
"737i0000002wAvtAAE","Case","Reason","005i0000001YLcMAAW","2013-10-30 14:31:12"
"737i0000002wAvuAAE","Case","RecordType","005i0000001YLcMAAW","2013-10-30 14:31:12"
"737i0000002wAvvAAE","Case","Status","005i0000001YLcMAAW","2013-10-30 14:31:12"
"737i0000002wAvwAAE","Case","Subject","005i0000001YLcMAAW","2013-10-30 14:31:12"
"737i0000002wAvxAAE","Case","Type","005i0000001YLcMAAW","2013-10-30 14:31:12"
"737i0000002wAvyAAE","Contract","Account","005i0000001YLcMAAW","2013-10-30 14:31:12"
"737i0000002wAvzAAE","Contract","AutoRenewCode","005i0000001YLcMAAW","2013-10-30 14:31:12"
"737i0000002wAw0AAE","Contract","BankAccountName","005i0000001YLcMAAW","2013-10-30 14:31:12"
"737i0000002wAw1AAE","Contract","BankAccountNumber","005i0000001YLcMAAW","2013-10-30 14:31:12"
"737i0000002wAw2AAE","Contract","BankAccountType","005i0000001YLcMAAW","2013-10-30 14:31:12"
"737i0000002wAw3AAE","Contract","BankAddress","005i0000001YLcMAAW","2013-10-30 14:31:12"
"737i0000002wAw4AAE","Contract","BankBranchCode","005i0000001YLcMAAW","2013-10-30 14:31:12"
"737i0000002wAw5AAE","Contract","BankCode","005i0000001YLcMAAW","2013-10-30 14:31:12"
"737i0000002wAw6AAE","Contract","BankName","005i0000001YLcMAAW","2013-10-30 14:31:12"
"737i0000002wAw7AAE","Contract","BankReferenceNumber","005i0000001YLcMAAW","2013-10-30 14:31:12"
"737i0000002wAw8AAE","Contract","BillingAddress","005i0000001YLcMAAW","2013-10-30 14:31:12"
"737i0000002wAw9AAE","Contract","BillingCompany","005i0000001YLcMAAW","2013-10-30 14:31:12"
"737i0000002wAwAAAU","Contract","BillingEmail","005i0000001YLcMAAW","2013-10-30 14:31:12"
"737i0000002wAwBAAU","Contract","BillingFax","005i0000001YLcMAAW","2013-10-30 14:31:12"
"737i0000002wAwCAAU","Contract","BillingLanguage","005i0000001YLcMAAW","2013-10-30 14:31:12"
"737i0000002wAwDAAU","Contract","BillingName","005i0000001YLcMAAW","2013-10-30 14:31:12"
"737i0000002wAwEAAU","Contract","BillingPhone","005i0000001YLcMAAW","2013-10-30 14:31:12"
"737i0000002wAwFAAU","Contract","CompanySigned","005i0000001YLcMAAW","2013-10-30 14:31:12"
"737i0000002wAwGAAU","Contract","CompanySignedDate","005i0000001YLcMAAW","2013-10-30 14:31:12"
"737i0000002wAwHAAU","Contract","ContractTerm","005i0000001YLcMAAW","2013-10-30 14:31:12"
"737i0000002wAwIAAU","Contract","CreditCardExpirationDate","005i0000001YLcMAAW","2013-10-30 14:31:12"
"737i0000002wAwJAAU","Contract","CreditCardNumber","005i0000001YLcMAAW","2013-10-30 14:31:12"
"737i0000002wAwKAAU","Contract","CreditCardType","005i0000001YLcMAAW","2013-10-30 14:31:12"
"737i0000002wAwLAAU","Contract","CurrencyIsoCode","005i0000001YLcMAAW","2013-10-30 14:31:12"
"737i0000002wAwMAAU","Contract","CustomerExpirationNotice","005i0000001YLcMAAW","2013-10-30 14:31:12"
"737i0000002wAwNAAU","Contract","CustomerSigned","005i0000001YLcMAAW","2013-10-30 14:31:12"
"737i0000002wAwOAAU","Contract","CustomerSignedDate","005i0000001YLcMAAW","2013-10-30 14:31:12"
"737i0000002wAwPAAU","Contract","CustomerSignedTitle","005i0000001YLcMAAW","2013-10-30 14:31:12"
"737i0000002wAwQAAU","Contract","Description","005i0000001YLcMAAW","2013-10-30 14:31:12"
"737i0000002wAwRAAU","Contract","EndDate","005i0000001YLcMAAW","2013-10-30 14:31:12"
"737i0000002wAwSAAU","Contract","InvoiceDispatchMethod","005i0000001YLcMAAW","2013-10-30 14:31:12"
"737i0000002wAwTAAU","Contract","IsDunningSuppressed","005i0000001YLcMAAW","2013-10-30 14:31:12"
"737i0000002wAwUAAU","Contract","Name","005i0000001YLcMAAW","2013-10-30 14:31:12"
"737i0000002wAwVAAU","Contract","NameOnCreditCard","005i0000001YLcMAAW","2013-10-30 14:31:12"
"737i0000002wAwWAAU","Contract","OfferExpirationDate","005i0000001YLcMAAW","2013-10-30 14:31:12"
"737i0000002wAwXAAU","Contract","OrderPrebillDays","005i0000001YLcMAAW","2013-10-30 14:31:12"
"737i0000002wAwYAAU","Contract","Owner","005i0000001YLcMAAW","2013-10-30 14:31:12"
"737i0000002wAwZAAU","Contract","OwnerExpirationNotice","005i0000001YLcMAAW","2013-10-30 14:31:12"
"737i0000002wAwaAAE","Contract","PaymentTerm","005i0000001YLcMAAW","2013-10-30 14:31:12"
"737i0000002wAwbAAE","Contract","PaymentType","005i0000001YLcMAAW","2013-10-30 14:31:12"
"737i0000002wAwcAAE","Contract","Pricebook2","005i0000001YLcMAAW","2013-10-30 14:31:12"
"737i0000002wAwdAAE","Contract","RecordType","005i0000001YLcMAAW","2013-10-30 14:31:12"
"737i0000002wAweAAE","Contract","RenewalDays","005i0000001YLcMAAW","2013-10-30 14:31:12"
"737i0000002wAwfAAE","Contract","RenewalTerm","005i0000001YLcMAAW","2013-10-30 14:31:12"
"737i0000002wAwgAAE","Contract","Salesrep1","005i0000001YLcMAAW","2013-10-30 14:31:12"
"737i0000002wAwhAAE","Contract","Salesrep1Percent","005i0000001YLcMAAW","2013-10-30 14:31:12"
"737i0000002wAwiAAE","Contract","Salesrep2","005i0000001YLcMAAW","2013-10-30 14:31:12"
"737i0000002wAwjAAE","Contract","Salesrep2Percent","005i0000001YLcMAAW","2013-10-30 14:31:12"
"737i0000002wAwkAAE","Contract","Salesrep3","005i0000001YLcMAAW","2013-10-30 14:31:12"
"737i0000002wAwlAAE","Contract","Salesrep3Percent","005i0000001YLcMAAW","2013-10-30 14:31:12"
"737i0000002wAwmAAE","Contract","ShippingAddress","005i0000001YLcMAAW","2013-10-30 14:31:12"
"737i0000002wAwnAAE","Contract","SpecialTerms","005i0000001YLcMAAW","2013-10-30 14:31:12"
"737i0000002wAwoAAE","Contract","StartDate","005i0000001YLcMAAW","2013-10-30 14:31:12"
"737i0000002wAwpAAE","Contract","Status","005i0000001YLcMAAW","2013-10-30 14:31:12"
"737i0000002wAwqAAE","Contract","TaxExemptionCode","005i0000001YLcMAAW","2013-10-30 14:31:12"
"737i0000002wAwrAAE","Order","BillToContact","005i0000001YLcMAAW","2013-10-30 14:31:12"
"737i0000002wAwsAAE","Order","BillingAddress","005i0000001YLcMAAW","2013-10-30 14:31:12"
"737i0000002wAwtAAE","Order","CompanyAuthorizedBy","005i0000001YLcMAAW","2013-10-30 14:31:12"
"737i0000002wAwuAAE","Order","CompanyAuthorizedDate","005i0000001YLcMAAW","2013-10-30 14:31:12"
"737i0000002wAwvAAE","Order","CustomerAuthorizedBy","005i0000001YLcMAAW","2013-10-30 14:31:12"
"737i0000002wAwwAAE","Order","CustomerAuthorizedDate","005i0000001YLcMAAW","2013-10-30 14:31:12"
"737i0000002wAwxAAE","Order","Description","005i0000001YLcMAAW","2013-10-30 14:31:12"
"737i0000002wAwyAAE","Order","EffectiveDate","005i0000001YLcMAAW","2013-10-30 14:31:12"
"737i0000002wAwzAAE","Order","InternalComments","005i0000001YLcMAAW","2013-10-30 14:31:12"
"737i0000002wAx0AAE","Order","Name","005i0000001YLcMAAW","2013-10-30 14:31:12"
"737i0000002wAx1AAE","Order","OfferExpirationDate","005i0000001YLcMAAW","2013-10-30 14:31:12"
"737i0000002wAx2AAE","Order","OrderReferenceNumber","005i0000001YLcMAAW","2013-10-30 14:31:12"
"737i0000002wAx3AAE","Order","PoDate","005i0000001YLcMAAW","2013-10-30 14:31:12"
"737i0000002wAx4AAE","Order","PoNumber","005i0000001YLcMAAW","2013-10-30 14:31:12"
"737i0000002wAx5AAE","Order","ProcessingInstruction","005i0000001YLcMAAW","2013-10-30 14:31:12"
"737i0000002wAx6AAE","Order","ShipToContact","005i0000001YLcMAAW","2013-10-30 14:31:12"
"737i0000002wAx7AAE","Order","ShippingAddress","005i0000001YLcMAAW","2013-10-30 14:31:12"
"737i0000002wAx8AAE","Order","Status","005i0000001YLcMAAW","2013-10-30 14:31:12"
"737i0000002wAx9AAE","Order","TotalAmount","005i0000001YLcMAAW","2013-10-30 14:31:12"
"737i0000002wAxAAAU","Order","Type","005i0000001YLcMAAW","2013-10-30 14:31:12"
"737i0000002wAxBAAU","Solution","CurrencyIsoCode","005i0000001YLcMAAW","2013-10-30 14:31:12"
"737i0000002wAxCAAU","Solution","IsPublished","005i0000001YLcMAAW","2013-10-30 14:31:12"
"737i0000002wAxDAAU","Solution","IsPublishedInPublicKb","005i0000001YLcMAAW","2013-10-30 14:31:12"
"737i0000002wAxEAAU","Solution","Owner","005i0000001YLcMAAW","2013-10-30 14:31:12"
"737i0000002wAxFAAU","Solution","RecordType","005i0000001YLcMAAW","2013-10-30 14:31:12"
"737i0000002wAxGAAU","Solution","SolutionName","005i0000001YLcMAAW","2013-10-30 14:31:12"
"737i0000002wAxHAAU","Solution","SolutionNote","005i0000001YLcMAAW","2013-10-30 14:31:12"
"737i0000002wAxIAAU","Solution","Status","005i0000001YLcMAAW","2013-10-30 14:31:12"
