"Id","PeriodId","Name","IsStandardYear","YearType","QuarterLabelScheme","PeriodLabelScheme","WeekLabelScheme","QuarterPrefix","PeriodPrefix","WeekStartDay","Description","SystemModstamp"
"022i0000000TUCbAAO","026i0000000Woc4AAC","2016","1","Standard","NumberByYear","StandardMonths","NumberByYear","Quarter","Period","","","2017-05-13 23:26:52"
"022i0000000TUCcAAO","026i0000000WocLAAS","2017","1","Standard","NumberByYear","StandardMonths","NumberByYear","Quarter","Period","","","2017-05-13 23:26:52"
"022i0000000TUCdAAO","026i0000000WoccAAC","2018","1","Standard","NumberByYear","StandardMonths","NumberByYear","Quarter","Period","","","2017-05-13 23:26:52"
"022i0000000TUCeAAO","026i0000000WoctAAC","2019","1","Standard","NumberByYear","StandardMonths","NumberByYear","Quarter","Period","","","2017-05-13 23:26:52"
"022i0000000TUCfAAO","026i0000000WodAAAS","2015","1","Standard","NumberByYear","StandardMonths","NumberByYear","Quarter","Period","","","2017-05-13 23:26:52"
"022i0000000TUCgAAO","026i0000000WodRAAS","2020","1","Standard","NumberByYear","StandardMonths","NumberByYear","Quarter","Period","","","2017-05-13 23:26:52"
"022i0000000TUChAAO","026i0000000WodiAAC","2021","1","Standard","NumberByYear","StandardMonths","NumberByYear","Quarter","Period","","","2017-05-13 23:26:52"
"022i0000000TUClAAO","026i0000000WodzAAC","2011","1","Standard","NumberByYear","StandardMonths","NumberByYear","Quarter","Period","","","2017-05-13 23:27:19"
"022i0000000TUCmAAO","026i0000000WoeGAAS","2012","1","Standard","NumberByYear","StandardMonths","NumberByYear","Quarter","Period","","","2017-05-13 23:27:19"
"022i0000000TUCnAAO","026i0000000WoeXAAS","2013","1","Standard","NumberByYear","StandardMonths","NumberByYear","Quarter","Period","","","2017-05-13 23:27:19"
"022i0000000TUCoAAO","026i0000000WoeoAAC","2014","1","Standard","NumberByYear","StandardMonths","NumberByYear","Quarter","Period","","","2017-05-13 23:27:19"
