"Id","OwnerId","IsDeleted","Name","CreatedDate","CreatedById","LastModifiedDate","LastModifiedById","SystemModstamp","Description__c","Rating__c","Genre__c","imgname__c"
"a0Fi000000Ttns9EAB","005i0000001YLcMAAW","0","Pulp Fiction","2016-08-24 18:20:31","005i0000001YLcMAAW","2016-08-24 18:20:31","005i0000001YLcMAAW","2016-11-01 08:32:36","The lives of two mob hit men, a boxer, a gangster's wife, and a pair of diner bandits intertwine in four tales of violence and redemption.","R","Drama","pulpfiction"
"a0Fi000000TtnsAEAR","005i0000001YLcMAAW","0","Double Indemnity","2016-08-24 18:20:31","005i0000001YLcMAAW","2016-08-24 18:23:48","005i0000001YLcMAAW","2016-11-01 08:32:36","An insurance representative lets himself be talked into a murder/insurance fraud scheme that arouses an insurance investigator's suspicions.","PG-13","Drama","doubleIndemnity"
"a0Fi000000TtnsBEAR","005i0000001YLcMAAW","0","Night at the Museum","2016-08-24 18:20:31","005i0000001YLcMAAW","2016-08-24 18:20:31","005i0000001YLcMAAW","2016-11-01 08:32:36","A newly recruited night security guard at the Museum of Natural History discovers that an ancient curse causes the animals and exhibits on display to come to life and wreak havoc","PG","Comedy","nightatthemuseum"
"a0Fi000000TtnsCEAR","005i0000001YLcMAAW","0","Trainspotting","2016-08-24 18:20:31","005i0000001YLcMAAW","2016-08-24 18:20:31","005i0000001YLcMAAW","2016-11-01 08:32:36","Renton, deeply immersed in the Edinburgh drug scene, tries to clean up and get out, despite the allure of the drugs and influence of friends.","R","Drama","trainspotting"
"a0Fi000000TtnsDEAR","005i0000001YLcMAAW","0","City of God","2016-08-24 18:20:31","005i0000001YLcMAAW","2016-08-24 18:20:31","005i0000001YLcMAAW","2016-11-01 08:32:36","Two boys growing up in a violent neighborhood of Rio de Janeiro take different paths: one becomes a photographer, the other a drug dealer.","R","Drama","cityofgod"
"a0Fi000000TtnsEEAR","005i0000001YLcMAAW","0","Raging Bull","2016-08-24 18:20:31","005i0000001YLcMAAW","2016-08-24 18:20:31","005i0000001YLcMAAW","2016-11-01 08:32:36","An emotionally self-destructive boxer's journey through life, as the violence and temper that leads him to the top in the ring destroys his life outside it.","R","Drama","ragingbull"
"a0Fi000000TtnsFEAR","005i0000001YLcMAAW","0","Die Hard","2016-08-24 18:20:31","005i0000001YLcMAAW","2016-08-24 18:20:31","005i0000001YLcMAAW","2016-11-01 08:32:36","John McClane, officer of the NYPD, tries to save his wife Holly Gennaro and several others that were taken hostage by German terrorist Hans Gruber during a Christmas party at the Nakatomi Plaza in Los Angeles.","R","Thriller","diehard"
"a0Fi000000TtnsGEAR","005i0000001YLcMAAW","0","Thor","2016-08-24 18:20:31","005i0000001YLcMAAW","2016-08-24 18:20:31","005i0000001YLcMAAW","2016-11-01 08:32:36","The powerful but arrogant god Thor is cast out of Asgard to live amongst humans in Midgard (Earth), where he soon becomes one of their finest defenders.","PG-13","Action","thor"
"a0Fi000000TtnsHEAR","005i0000001YLcMAAW","0","The King's Speech","2016-08-24 18:20:31","005i0000001YLcMAAW","2016-08-24 18:20:31","005i0000001YLcMAAW","2016-11-01 08:32:36","The story of King George VI of the United Kingdom of Great Britain and Northern Ireland, his impromptu ascension to the throne and the speech therapist who helped the unsure monarch become worthy of it.","PG-13","Drama","kingsspeech"
"a0Fi000000TtnsIEAR","005i0000001YLcMAAW","0","Trainwreck","2016-08-24 18:20:31","005i0000001YLcMAAW","2016-08-24 18:20:31","005i0000001YLcMAAW","2016-11-01 08:32:36","Having thought that monogamy was never possible, a commitment-phobic career woman may have to face her fears when she meets a good guy.","R","Romance","trainwreck"
"a0Fi000000TtnsJEAR","005i0000001YLcMAAW","0","The Dark Knight","2016-08-24 18:20:31","005i0000001YLcMAAW","2016-08-24 18:20:31","005i0000001YLcMAAW","2016-11-01 08:32:36","When the menace known as the Joker wreaks havoc and chaos on the people of Gotham, the caped crusader must come to terms with one of the greatest psychological tests of his ability to fight injustice.","PG-13","Action","darkknightrises"
"a0Fi000000TtnsKEAR","005i0000001YLcMAAW","0","Casablanca","2016-08-24 18:20:31","005i0000001YLcMAAW","2016-08-24 18:20:31","005i0000001YLcMAAW","2016-11-01 08:32:36","In Casablanca, Morocco in December 1941, a cynical American expatriate meets a former lover, with unforeseen complications.","PG","Romance","casablanca"
"a0Fi000000TtnsLEAR","005i0000001YLcMAAW","0","L.A. Confidential","2016-08-24 18:20:31","005i0000001YLcMAAW","2016-08-24 18:20:31","005i0000001YLcMAAW","2016-11-01 08:32:36","As corruption grows in 1950s LA, three policemen - one strait-laced, one brutal, and one sleazy - investigate a series of murders with their own brand of justice.","R","Action","laconfidential"
"a0Fi000000TtnsMEAR","005i0000001YLcMAAW","0","Schindler's List","2016-08-24 18:20:31","005i0000001YLcMAAW","2016-08-24 18:20:31","005i0000001YLcMAAW","2016-11-01 08:32:36","In German-occupied Poland during World War II, Oskar Schindler gradually becomes concerned for his Jewish workforce after witnessing their persecution by the Nazi Germans.","R","Drama","schindlers"
"a0Fi000000TtnsNEAR","005i0000001YLcMAAW","0","The Wrestler","2016-08-24 18:20:31","005i0000001YLcMAAW","2016-08-24 18:20:31","005i0000001YLcMAAW","2016-11-01 08:32:36","A faded professional wrestler must retire, but finds his quest for a new life outside the ring a dispiriting struggle.","R","Drama","wrestler"
"a0Fi000000TtnsOEAR","005i0000001YLcMAAW","0","One Flew Over the Cuckoo's Nest","2016-08-24 18:20:31","005i0000001YLcMAAW","2016-08-24 18:20:31","005i0000001YLcMAAW","2016-11-01 08:32:36","A criminal pleads insanity after getting into trouble again and once in the mental institution rebels against the oppressive nurse and rallies up the scared patients.","R","Drama","oneflew"
"a0Fi000000TtnsPEAR","005i0000001YLcMAAW","0","The Shawshank Redemption","2016-08-24 18:20:31","005i0000001YLcMAAW","2016-08-24 18:20:31","005i0000001YLcMAAW","2016-11-01 08:32:36","Two imprisoned men bond over a number of years, finding solace and eventual redemption through acts of common decency.","R","Drama","shawshank"
"a0Fi000000TtnsQEAR","005i0000001YLcMAAW","0","Forrest Gump","2016-08-24 18:20:31","005i0000001YLcMAAW","2016-08-24 18:20:31","005i0000001YLcMAAW","2016-11-01 08:32:36","Forrest Gump, while not intelligent, has accidentally been present at many historic moments, but his true love, Jenny Curran, eludes him.","PG-13","Comedy","forrestgump"
"a0Fi000000TtnsREAR","005i0000001YLcMAAW","0","The Silence of the Lambs","2016-08-24 18:20:31","005i0000001YLcMAAW","2016-08-24 18:20:31","005i0000001YLcMAAW","2016-11-01 08:32:36","A young F.B.I. cadet must confide in an incarcerated and manipulative killer to receive his help on catching another serial killer who skins his victims.","R","Thriller","thesilenceofthelambs"
"a0Fi000000TtnsSEAR","005i0000001YLcMAAW","0","The Godfather","2016-08-24 18:20:31","005i0000001YLcMAAW","2016-08-24 18:20:31","005i0000001YLcMAAW","2016-11-01 08:32:36","The aging patriarch of an organized crime dynasty transfers control of his clandestine empire to his reluctant son.","R","Drama","godfather"
"a0Fi000000TtnsTEAR","005i0000001YLcMAAW","0","The Sixth Sense","2016-08-24 18:20:31","005i0000001YLcMAAW","2016-08-24 18:20:31","005i0000001YLcMAAW","2016-11-01 08:32:36","A boy who communicates with spirits that don't know they're dead seeks the help of a disheartened child psychologist.","PG-13","Thriller","thesixthsense"
"a0Fi000000WtxqHEAR","005i0000001YLcMAAW","0","Saw","2016-12-01 22:25:13","005i0000001YLcMAAW","2016-12-01 22:25:13","005i0000001YLcMAAW","2016-12-01 22:25:13","Horror galore","R","Thriller",""
