"Id","IsDeleted","MasterRecordId","Salutation","FirstName","LastName","Title","Company","Street","City","State","PostalCode","Country","Latitude","Longitude","GeocodeAccuracy","Phone","MobilePhone","Fax","Email","Website","Description","LeadSource","Status","Industry","Rating","AnnualRevenue","NumberOfEmployees","OwnerId","HasOptedOutOfEmail","IsConverted","ConvertedDate","ConvertedAccountId","ConvertedContactId","ConvertedOpportunityId","IsUnreadByOwner","CreatedDate","CreatedById","LastModifiedDate","LastModifiedById","SystemModstamp","LastActivityDate","DoNotCall","HasOptedOutOfFax","LastTransferDate","PartnerAccountId","Jigsaw","JigsawContactId","EmailBouncedReason","EmailBouncedDate","SICCode__c","ProductInterest__c","Primary__c","CurrentGenerators__c","NumberofLocations__c"
"00Qi0000009q0ltEAA","0","","Ms.","Bertha","Boxer","Director of Vendor Relations","Farmers Coop. of Florida","321 Westcott Building","Tallahassee","FL","32306","USA","","","","(850) 644-4200","","(850) 644-4300","bertha@fcof.net","","","Web","Working - Contacted","Agriculture","Hot","900750000","","005i0000001YLcMAAW","0","0","","000000000000000AAA","000000000000000AAA","000000000000000AAA","1","2013-10-30 14:31:12","005i0000001YLcMAAW","2013-10-30 14:31:12","005i0000001YLcMAAW","2013-10-30 14:31:12","","0","0","2011-07-28 18:59:53","","","","","","2768","GC5000 series","Yes","All","130.0"
"00Qi0000009q0luEAA","0","","Ms","Phyllis","Cotton","CFO","Abbott Insurance","","","VA","","USA","","","","(703) 757-1000","","","pcotton@abbottins.net","","","Web","Open - Not Contacted","","","","","005i0000001YLcMAAW","0","0","","000000000000000AAA","000000000000000AAA","000000000000000AAA","1","2013-10-30 14:31:12","005i0000001YLcMAAW","2013-10-30 14:31:12","005i0000001YLcMAAW","2013-10-30 14:31:12","","0","0","2011-07-28 18:59:53","","","","","","2768","GC5000 series","Yes","All","130.0"
"00Qi0000009q0lvEAA","0","","Mr","Jeff","Glimpse","SVP, Procurement","Jackson Controls","","","","","Taiwan","","","","886-2-25474189","","","jeffg@jackson.com","","","Phone Inquiry","Open - Not Contacted","","","","","005i0000001YLcMAAW","0","0","","000000000000000AAA","000000000000000AAA","000000000000000AAA","0","2013-10-30 14:31:12","005i0000001YLcMAAW","2013-10-30 14:31:12","005i0000001YLcMAAW","2013-10-30 14:31:12","","0","0","2011-07-28 18:59:53","","","","","","2768","GC5000 series","Yes","All","130.0"
"00Qi0000009q0lwEAA","0","","Mr","Mike","Braund","VP, Technology","Metropolitan Health Services","","","MD","","USA","","","","(410) 381-2334","","","likeb@metro.com","","","Purchased List","Open - Not Contacted","","","","","005i0000001YLcMAAW","0","0","","000000000000000AAA","000000000000000AAA","000000000000000AAA","1","2013-10-30 14:31:12","005i0000001YLcMAAW","2013-10-30 14:31:12","005i0000001YLcMAAW","2013-10-30 14:31:12","","0","0","2011-07-28 18:59:53","","","","","","2768","GC5000 series","Yes","All","130.0"
"00Qi0000009q0lxEAA","0","","Ms","Hola","Mundo","CEO","International Shipping Co.","","","NC","","USA","","","","(336) 777-1970","","","patricia_feager@is.com","","","Partner Referral","Closed - Converted","","","","","005i0000001YLcMAAW","0","1","2017-05-23 00:00:00","0010H00002Ee3IgQAJ","0030H00004iLoPWQA0","0060H00000jB3zGQAS","0","2013-10-30 14:31:12","005i0000001YLcMAAW","2017-05-23 17:56:39","005i0000001YLcMAAW","2017-05-24 10:32:14","","0","0","2011-07-28 18:59:53","","","","","","2768","GC5000 series","Yes","All","130.0"
"00Qi0000009q0lyEAA","0","","Ms","Brenda","Mcclure","CFO","Cadinal Inc.","","","IL","","USA","","","","(847) 262-5000","","","brenda@cardinal.net","","","Web","Working - Contacted","","","","","005i0000001YLcMAAW","0","0","","000000000000000AAA","000000000000000AAA","000000000000000AAA","1","2013-10-30 14:31:12","005i0000001YLcMAAW","2013-10-30 14:31:12","005i0000001YLcMAAW","2013-10-30 14:31:12","","0","0","2011-07-28 18:59:53","","","","","","2768","GC5000 series","Yes","All","130.0"
"00Qi0000009q0lzEAA","0","","Ms","Hola","Mundo","VP, Finance","Emerson Transport","","","GA","","USA","","","","(770) 395-2370","","","violetm@emersontransport.com","","","Phone Inquiry","Closed - Converted","","","","","005i0000001YLcMAAW","0","1","2017-10-30 00:00:00","0010H00002MCMVoQAP","0030H00004qGZnSQAW","0060H00000kJIsBQAW","0","2013-10-30 14:31:12","005i0000001YLcMAAW","2017-10-30 20:01:24","005i0000001YLcMAAW","2017-10-31 10:32:59","","0","0","2011-07-28 18:59:53","","","","","","2768","GC5000 series","Yes","All","130.0"
"00Qi0000009q0m0EAA","0","","Ms","Hola","Mundo","Regional General Manager","TNR Corp.","","","CT","","USA","","","","(860) 273-0123","","","ksynder@tnr.net","","","Purchased List","Closed - Converted","","","","","005i0000001YLcMAAW","0","1","2016-09-29 00:00:00","001i000001xogjqAAA","003i0000047SCLXAA4","006i000000h6vfrAAA","0","2013-10-30 14:31:12","005i0000001YLcMAAW","2016-09-29 16:25:59","005i0000001YLcMAAW","2016-10-01 01:51:09","","0","0","2011-07-28 18:59:53","","","","","","2768","GC5000 series","Yes","All","130.0"
"00Qi0000009q0m1EAA","0","","Mr","Hola","Mundo","SVP, Production","Delphi Chemicals","","","MN","","USA","","","","(952) 346-3500","","","tom.james@delphi.chemicals.com","","","Web","Open - Not Contacted","","","","","005i0000001YLcMAAW","0","0","","000000000000000AAA","000000000000000AAA","000000000000000AAA","0","2013-10-30 14:31:12","005i0000001YLcMAAW","2016-02-09 20:05:10","005i0000001YLcMAAW","2016-02-09 20:05:10","","0","0","2011-07-28 18:59:53","","","","","","2768","GC5000 series","Yes","All","130.0"
"00Qi0000009q0m2EAA","0","","Ms","Hola","Mundo","SVP, Technology","Western Telecommunications Corp.","","","CA","","USA","","","","(408) 326-9000","","","shellyb@westerntelecom.com","","","Partner Referral","Working - Contacted","","","","","005i0000001YLcMAAW","0","0","","000000000000000AAA","000000000000000AAA","000000000000000AAA","0","2013-10-30 14:31:12","005i0000001YLcMAAW","2017-10-30 20:00:47","005i0000001YLcMAAW","2017-10-31 10:32:59","","0","0","2011-07-28 18:59:53","","","","","","2768","GC5000 series","Yes","All","130.0"
"00Qi0000009q0m3EAA","0","","Ms","Pamela","Owenby","SVP, Technology","Hendrickson Trading","","","PA","","USA","","","","(570) 326-1571","","","pam_owenby@hendricksontrading.com","","","Partner Referral","Closed - Not Converted","","","","","005i0000001YLcMAAW","0","0","","000000000000000AAA","000000000000000AAA","000000000000000AAA","1","2013-10-30 14:31:12","005i0000001YLcMAAW","2013-10-30 14:31:12","005i0000001YLcMAAW","2013-10-30 14:31:12","","0","0","2011-07-28 18:59:53","","","","","","7267","GC5000 series","Yes","John Deere","3.0"
"00Qi0000009q0m4EAA","0","","Mr","Norm","May","VP, Facilities","Greenwich Media","","","OH","","USA","","","","(419) 289-3555","","","norm_may@greenwich.net","","","Web","Working - Contacted","","","","","005i0000001YLcMAAW","0","0","","000000000000000AAA","000000000000000AAA","000000000000000AAA","1","2013-10-30 14:31:12","005i0000001YLcMAAW","2013-10-30 14:31:12","005i0000001YLcMAAW","2013-10-30 14:31:12","","0","0","2011-07-28 18:59:53","","","","","","2768","GC5000 series","Yes","All","130.0"
"00Qi0000009q0m5EAA","0","","Ms","Pat","Stumuller","SVP, Administration and Finance","Pyramid Construction Inc.","","","","","France","","","","33562156600","","","pat@pyramid.net","","","Phone Inquiry","Closed - Converted","","","","","005i0000001YLcMAAW","0","0","","000000000000000AAA","000000000000000AAA","000000000000000AAA","1","2013-10-30 14:31:12","005i0000001YLcMAAW","2013-10-30 14:31:12","005i0000001YLcMAAW","2013-10-30 14:31:12","","0","0","2011-07-28 18:59:53","","","","","","2768","GC5000 series","Yes","All","130.0"
"00Qi0000009q0m6EAA","0","","Mr","Andy","Young","SVP, Operations","Dickenson plc","","","KS","","USA","","","","(620) 241-6200","","","a_young@dickenson.com","","","Purchased List","Closed - Converted","","","","","005i0000001YLcMAAW","0","0","","000000000000000AAA","000000000000000AAA","000000000000000AAA","1","2013-10-30 14:31:12","005i0000001YLcMAAW","2013-10-30 14:31:12","005i0000001YLcMAAW","2013-10-30 14:31:12","","0","0","2011-07-28 18:59:53","","","","","","2768","GC5000 series","Yes","All","130.0"
"00Qi0000009q0m7EAA","0","","Ms","Kristen","Akin","Director, Warehouse Mgmt","Aethna Home Products","","","VA","","USA","","","","(434) 369-3100","","","kakin@athenahome.com","","","Partner Referral","Working - Contacted","","","","","005i0000001YLcMAAW","0","0","","000000000000000AAA","000000000000000AAA","000000000000000AAA","1","2013-10-30 14:31:12","005i0000001YLcMAAW","2013-10-30 14:31:12","005i0000001YLcMAAW","2013-10-30 14:31:12","","0","0","2011-07-28 18:59:53","","","","","","2768","GC5000 series","Yes","All","130.0"
"00Qi0000009q0m8EAA","0","","Mr","David","Monaco","CFO","Blues Entertainment Corp.","","","","","Japan","","","","(033) 452-1299","","","david@blues.com","","","Purchased List","Working - Contacted","","","","","005i0000001YLcMAAW","0","0","","000000000000000AAA","000000000000000AAA","000000000000000AAA","1","2013-10-30 14:31:12","005i0000001YLcMAAW","2013-10-30 14:31:12","005i0000001YLcMAAW","2013-10-30 14:31:12","","0","0","2011-07-28 18:59:53","","","","","","2768","GC5000 series","Yes","All","130.0"
"00Qi0000009q0m9EAA","0","","Ms","Carolyn","Crenshaw","VP, Technology","Ace Iron and Steel Inc.","","","AL","","USA","","","","(251) 679-2200","","","carolync@aceis.com","","","Phone Inquiry","Closed - Not Converted","","","","","005i0000001YLcMAAW","0","0","","000000000000000AAA","000000000000000AAA","000000000000000AAA","1","2013-10-30 14:31:12","005i0000001YLcMAAW","2013-10-30 14:31:12","005i0000001YLcMAAW","2013-10-30 14:31:12","","0","0","2011-07-28 18:59:53","","","","","","2768","GC5000 series","Yes","All","130.0"
"00Qi0000009q0mAEAQ","0","","Mr.","Jack","Rogers","VP, Facilities","Burlington Textiles Corp of America","525 S. Lexington Ave","Burlington","NC","27215","USA","","","","(336) 222-7000","","(336) 222-8000","jrogers@btca.com","","","Web","Closed - Converted","Apparel","Warm","350000000","9000","005i0000001YLcMAAW","0","0","","000000000000000AAA","000000000000000AAA","000000000000000AAA","1","2013-10-30 14:31:12","005i0000001YLcMAAW","2013-10-30 14:31:12","005i0000001YLcMAAW","2013-10-30 14:31:12","","0","0","2011-07-28 18:59:53","","","","","","7267","GC5000 series","Yes","John Deere","3.0"
"00Qi0000009q0mBEAQ","0","","Mr","Bill","Dadio Jr","CFO","Zenith Industrial Partners","","","OH","","USA","","","","(614) 431-5000","","","bill_dadio@zenith.com","","","Web","Closed - Not Converted","","","","","005i0000001YLcMAAW","0","0","","000000000000000AAA","000000000000000AAA","000000000000000AAA","1","2013-10-30 14:31:12","005i0000001YLcMAAW","2013-10-30 14:31:12","005i0000001YLcMAAW","2013-10-30 14:31:12","","0","0","2011-07-28 18:59:53","","","","","","7267","GC5000 series","Yes","John Deere","3.0"
"00Qi0000009q0mCEAQ","0","","Ms","Eugena","Luce","CEO","Pacific Retail Group","","","MA","","USA","","","","(781) 270-6500","","","eluce@pacificretail.com","","","Purchased List","Closed - Not Converted","","","","","005i0000001YLcMAAW","0","0","","000000000000000AAA","000000000000000AAA","000000000000000AAA","1","2013-10-30 14:31:12","005i0000001YLcMAAW","2013-10-30 14:31:12","005i0000001YLcMAAW","2013-10-30 14:31:12","","0","0","2011-07-28 18:59:53","","","","","","2768","GC5000 series","Yes","All","130.0"
"00Qi0000009q0mDEAQ","0","","Ms","Sandra","Eberhard","VP, Production","Highland Manufacturing Ltd.","","","CA","","USA","","","","(626) 440-0700","","","sandra_e@highland.net","","","Purchased List","Working - Contacted","","","","","005i0000001YLcMAAW","0","0","","000000000000000AAA","000000000000000AAA","000000000000000AAA","1","2013-10-30 14:31:12","005i0000001YLcMAAW","2013-10-30 14:31:12","005i0000001YLcMAAW","2013-10-30 14:31:12","","0","0","2011-07-28 18:59:53","","","","","","2768","GC5000 series","Yes","All","130.0"
"00Qi0000009q0mEEAQ","0","","Ms","Betty","Bair","VP, Administration","American Banking Corp.","","","PA","","USA","","","","(610) 265-9100","","","bblair@abankingco.com","","","Purchased List","Working - Contacted","","","","","005i0000001YLcMAAW","0","0","","000000000000000AAA","000000000000000AAA","000000000000000AAA","0","2013-10-30 14:31:12","005i0000001YLcMAAW","2013-10-30 14:31:12","005i0000001YLcMAAW","2013-10-30 14:31:12","","0","0","2011-07-28 18:59:53","","","","","","2768","GC5000 series","Yes","All","130.0"
"00Qi000001MJZkdEAH","0","","","John","Smith","","Chaos Inc.","","ghantanagar","Bihar","","","","","","","","","","","","","Open - Not Contacted","","","","","005i0000001YLcMAAW","0","0","","000000000000000AAA","000000000000000AAA","000000000000000AAA","0","2016-01-21 21:41:51","005i0000001YLcMAAW","2016-01-21 21:41:51","005i0000001YLcMAAW","2016-01-21 21:41:51","","0","0","2016-01-21 21:41:51","","","","","","","","","",""
