"Id","IsDeleted","AccountId","IsPrivate","Name","Description","StageName","StageSortOrder","Amount","Probability","ExpectedRevenue","TotalOpportunityQuantity","CloseDate","Type","NextStep","LeadSource","IsClosed","IsWon","ForecastCategory","ForecastCategoryName","CampaignId","HasOpportunityLineItem","Pricebook2Id","OwnerId","CreatedDate","CreatedById","LastModifiedDate","LastModifiedById","SystemModstamp","LastActivityDate","LastStageChangeDate","FiscalYear","FiscalQuarter","PrimaryPartnerAccountId","PartnerAccountId","ContractId","DeliveryInstallationStatus__c","TrackingNumber__c","OrderNumber__c","CurrentGenerators__c","MainCompetitors__c","Discount_Percent__c","Discount_Percent_Status__c"
"0060H00000jB3zGQAS","0","0010H00002Ee3IgQAJ","0","International Shipping Co.-","","Prospecting","1","","10","","","2017-06-30 00:00:00","","","Partner Referral","0","0","Pipeline","Pipeline","000000000000000AAA","","","005i0000001YLcMAAW","2017-05-23 17:56:39","005i0000001YLcMAAW","2017-05-23 17:56:39","005i0000001YLcMAAW","2018-03-16 10:32:31","","","2017","2","","","","","","","","","",""
"0060H00000kJIsBQAW","0","0010H00002MCMVoQAP","0","Emerson Transport-","","Prospecting","1","","10","","","2017-12-31 00:00:00","","","Phone Inquiry","0","0","Pipeline","Pipeline","000000000000000AAA","","","005i0000001YLcMAAW","2017-10-30 20:01:24","005i0000001YLcMAAW","2017-10-30 20:01:24","005i0000001YLcMAAW","2017-10-31 00:08:08","","","2017","4","","","","","","","","","",""
"006i000000DTan2AAD","0","001i000000SmtjnAAB","0","Dickenson Mobile Generators","","Qualification","2","15000","10","1500","","2011-10-10 00:00:00","New Customer","","Purchased List","0","0","Pipeline","Pipeline","000000000000000AAA","","","005i0000001YLcMAAW","2013-10-30 14:31:12","005i0000001YLcMAAW","2013-10-30 14:31:12","005i0000001YLcMAAW","2013-10-30 14:31:12","","","2007","3","","","","","","","","Honda","",""
"006i000000DTan3AAD","0","001i000000SmtjrAAB","0","United Oil Office Portable Generators","","Negotiation/Review","8","125000","90","112500","","2011-10-10 00:00:00","Existing Customer - Upgrade","","","0","0","Pipeline","Pipeline","000000000000000AAA","","","005i0000001YLcMAAW","2013-10-30 14:31:12","005i0000001YLcMAAW","2013-10-30 14:31:12","005i0000001YLcMAAW","2016-09-24 01:18:06","","","2007","3","","","","","","","Yamaha","Yamaha","",""
"006i000000DTan4AAD","0","001i000000SmtjpAAB","0","Express Logistics Standby Generator","","Closed Won","9","220000","100","220000","","2011-10-10 00:00:00","New Customer","","Trade Show","1","1","Closed","Closed","000000000000000AAA","","","005i0000001YLcMAAW","2013-10-30 14:31:12","005i0000001YLcMAAW","2013-10-30 14:31:12","005i0000001YLcMAAW","2013-10-30 14:31:12","","","2007","3","","","","","830150301420","653276","Hawkpower","Fujitsu","",""
"006i000000DTan5AAD","0","001i000000SmtjhAAB","0","GenePoint Standby Generator","","Closed Won","9","85000","100","85000","","2011-10-10 00:00:00","New Customer","","Partner","1","1","Closed","Closed","000000000000000AAA","","","005i0000001YLcMAAW","2013-10-30 14:31:12","005i0000001YLcMAAW","2013-10-30 14:31:12","005i0000001YLcMAAW","2013-10-30 14:31:12","","","2007","3","","","","Completed","830150301420","908676","Honda","Honda","",""
"006i000000DTan6AAD","0","001i000000SmtjoAAB","0","Grand Hotels Kitchen Generator","","Id. Decision Makers","5","10000","60","6000","2","2011-10-10 00:00:00","Existing Customer - Upgrade","","","0","0","Pipeline","Pipeline","701i00000011AnIAAU","1","01si0000002TwSLAA0","005i0000001YLcMAAW","2013-10-30 14:31:12","005i0000001YLcMAAW","2017-05-17 03:51:00","005i0000001YLcMAAW","2017-05-20 05:19:10","","","2011","4","","","","Yet to begin","","","John Deere","Fujitsu, Hawkpower","",""
"006i000000DTan7AAD","0","001i000000SmtjrAAB","0","United Oil Refinery Generators","","Proposal/Price Quote","7","270000","75","202500","","2011-10-10 00:00:00","Existing Customer - Upgrade","","","0","0","Pipeline","Pipeline","000000000000000AAA","","","005i0000001YLcMAAW","2013-10-30 14:31:12","005i0000001YLcMAAW","2013-10-30 14:31:12","005i0000001YLcMAAW","2013-10-30 14:31:12","","","2007","3","","","","Yet to begin","","","Caterpillar","John Deere","",""
"006i000000DTan8AAD","0","001i000000SmtjrAAB","0","United Oil SLA","","Closed Won","9","120000","100","120000","","2011-10-10 00:00:00","Existing Customer - Upgrade","","Partner","1","1","Closed","Closed","000000000000000AAA","","","005i0000001YLcMAAW","2013-10-30 14:31:12","005i0000001YLcMAAW","2013-10-30 14:31:12","005i0000001YLcMAAW","2013-10-30 14:31:12","","","2007","3","","","","In progress","","926363","","","",""
"006i000000DTan9AAD","0","001i000000SmtjoAAB","0","Grand Hotels Guest Portable Generators","","Value Proposition","4","250000","50","125000","","2011-10-10 00:00:00","Existing Customer - Upgrade","","Employee Referral","0","0","Pipeline","Pipeline","000000000000000AAA","","","005i0000001YLcMAAW","2013-10-30 14:31:12","005i0000001YLcMAAW","2013-10-30 14:31:12","005i0000001YLcMAAW","2013-10-30 14:31:12","","","2007","3","","","","Yet to begin","","","Honda","Honda","",""
"006i000000DTanAAAT","0","001i000000SmtjkAAB","0","Edge Emergency Generator","","Closed Won","9","75000","100","75000","","2011-10-10 00:00:00","New Customer","","Word of mouth","1","1","Closed","Closed","000000000000000AAA","","","005i0000001YLcMAAW","2013-10-30 14:31:12","005i0000001YLcMAAW","2013-10-30 14:31:12","005i0000001YLcMAAW","2013-10-30 14:31:12","","","2007","3","","","","Completed","830150301420","731645","John Deere","John Deere","",""
"006i000000DTanBAAT","0","001i000000SmtjqAAB","0","University of AZ Portable Generators","","Closed Won","9","50000","100","50000","","2011-10-10 00:00:00","New Customer","","Public Relations","1","1","Closed","Closed","000000000000000AAA","","","005i0000001YLcMAAW","2013-10-30 14:31:12","005i0000001YLcMAAW","2013-10-30 14:31:12","005i0000001YLcMAAW","2013-10-30 14:31:12","","","2007","3","","","","Completed","830150301360","768934","Mitsubishi","Honda, Mitsubishi","",""
"006i000000DTanCAAT","0","001i000000SmtjmAAB","0","Pyramid Emergency Generators","","Prospecting","1","100000","10","10000","","2011-10-10 00:00:00","","","Phone Inquiry","0","0","Pipeline","Pipeline","000000000000000AAA","","","005i0000001YLcMAAW","2013-10-30 14:31:12","005i0000001YLcMAAW","2013-10-30 14:31:12","005i0000001YLcMAAW","2017-04-26 00:30:12","","","2007","3","","","","","","","","","",""
"006i000000DTanDAAT","0","001i000000SmtjpAAB","0","Express Logistics Portable Truck Generators","","Value Proposition","4","80000","50","40000","","2011-10-10 00:00:00","Existing Customer - Upgrade","","External Referral","0","0","Pipeline","Pipeline","000000000000000AAA","","","005i0000001YLcMAAW","2013-10-30 14:31:12","005i0000001YLcMAAW","2013-10-30 14:31:12","005i0000001YLcMAAW","2013-10-30 14:31:12","","","2007","3","","","","Yet to begin","","","Fujitsu","Honda","",""
"006i000000DTanEAAT","0","001i000000SmtjhAAB","0","GenePoint Lab Generators","","Id. Decision Makers","5","60000","60","36000","","2011-10-10 00:00:00","","","","0","0","Pipeline","Pipeline","000000000000000AAA","","","005i0000001YLcMAAW","2013-10-30 14:31:12","005i0000001YLcMAAW","2013-10-30 14:31:12","005i0000001YLcMAAW","2013-10-30 14:31:12","","","2007","3","","","","Yet to begin","","","Hawkpower, Fujitsu","Hawkpower","",""
"006i000000DTanFAAT","0","001i000000SmtjhAAB","0","GenePoint SLA","","Closed Won","9","30000","100","30000","","2011-10-10 00:00:00","Existing Customer - Upgrade","","Partner","1","1","Closed","Closed","000000000000000AAA","","","005i0000001YLcMAAW","2013-10-30 14:31:12","005i0000001YLcMAAW","2013-10-30 14:31:12","005i0000001YLcMAAW","2013-10-30 14:31:12","","","2007","3","","","","In progress","","546512","","","",""
"006i000000DTanGAAT","0","001i000000SmtjrAAB","0","United Oil Installations","","Negotiation/Review","8","270000","90","243000","","2011-10-10 00:00:00","Existing Customer - Upgrade","","","0","0","Pipeline","Pipeline","000000000000000AAA","","","005i0000001YLcMAAW","2013-10-30 14:31:12","005i0000001YLcMAAW","2013-10-30 14:31:12","005i0000001YLcMAAW","2013-10-30 14:31:12","","","2007","3","","","","Yet to begin","","","","","",""
"006i000000DTanHAAT","0","001i000000SmtjkAAB","0","Edge Installation","","Closed Won","9","50000","100","50000","","2011-10-10 00:00:00","Existing Customer - Upgrade","","Word of mouth","1","1","Closed","Closed","000000000000000AAA","","","005i0000001YLcMAAW","2013-10-30 14:31:12","005i0000001YLcMAAW","2013-10-30 14:31:12","005i0000001YLcMAAW","2013-10-30 14:31:12","","","2007","3","","","","Completed","","835178","","","",""
"006i000000DTanIAAT","0","001i000000SmtjkAAB","0","Edge SLA","","Closed Won","9","60000","100","60000","","2011-10-10 00:00:00","Existing Customer - Upgrade","","Word of mouth","1","1","Closed","Closed","000000000000000AAA","","","005i0000001YLcMAAW","2013-10-30 14:31:12","005i0000001YLcMAAW","2013-10-30 14:31:12","005i0000001YLcMAAW","2013-10-30 14:31:12","","","2007","3","","","","","","847564","","","",""
"006i000000DTanJAAT","0","001i000000SmtjrAAB","0","United Oil Installations","","Closed Won","9","270000","100","270000","","2011-10-10 00:00:00","Existing Customer - Upgrade","","Partner","1","1","Closed","Closed","000000000000000AAA","","","005i0000001YLcMAAW","2013-10-30 14:31:12","005i0000001YLcMAAW","2013-10-30 14:31:12","005i0000001YLcMAAW","2013-10-30 14:31:12","","","2007","3","","","","In progress","","427609","","","",""
"006i000000DTanKAAT","0","001i000000SmtjoAAB","0","Grand Hotels Generator Installations","","Closed Won","9","350000","100","350000","","2011-10-10 00:00:00","Existing Customer - Upgrade","","External Referral","1","1","Closed","Closed","000000000000000AAA","","","005i0000001YLcMAAW","2013-10-30 14:31:12","005i0000001YLcMAAW","2013-10-30 14:31:12","005i0000001YLcMAAW","2013-10-30 14:31:12","","","2007","3","","","","Completed","","763546","","","",""
"006i000000DTanLAAT","0","001i000000SmtjrAAB","0","United Oil Refinery Generators","","Closed Won","9","915000","100","915000","","2011-10-10 00:00:00","New Customer","","Partner","1","1","Closed","Closed","000000000000000AAA","","","005i0000001YLcMAAW","2013-10-30 14:31:12","005i0000001YLcMAAW","2013-10-30 14:31:12","005i0000001YLcMAAW","2013-10-30 14:31:12","","","2007","3","","","","Completed","830150301360","744343","John Deere","John Deere, Mitsubishi, Hawkpower","",""
"006i000000DTanMAAT","0","001i000000SmtjqAAB","0","University of AZ Installations","","Proposal/Price Quote","7","100000","75","75000","","2011-10-10 00:00:00","Existing Customer - Upgrade","","Employee Referral","0","0","Pipeline","Pipeline","000000000000000AAA","","","005i0000001YLcMAAW","2013-10-30 14:31:12","005i0000001YLcMAAW","2013-10-30 14:31:12","005i0000001YLcMAAW","2013-10-30 14:31:12","","","2007","3","","","","Yet to begin","","","","","",""
"006i000000DTanNAAT","0","001i000000SmtjpAAB","0","Express Logistics SLA","","Perception Analysis","6","120000","70","84000","","2011-10-10 00:00:00","Existing Customer - Upgrade","","External Referral","0","0","Pipeline","Pipeline","000000000000000AAA","","","005i0000001YLcMAAW","2013-10-30 14:31:12","005i0000001YLcMAAW","2013-10-30 14:31:12","005i0000001YLcMAAW","2013-10-30 14:31:12","","","2007","3","","","","In progress","","","","","",""
"006i000000DTanOAAT","0","001i000000SmtjqAAB","0","University of AZ SLA","","Closed Won","9","90000","100","90000","","2011-10-10 00:00:00","Existing Customer - Upgrade","","Public Relations","1","1","Closed","Closed","000000000000000AAA","","","005i0000001YLcMAAW","2013-10-30 14:31:12","005i0000001YLcMAAW","2013-10-30 14:31:12","005i0000001YLcMAAW","2013-10-30 14:31:12","","","2007","3","","","","In progress","","654985","","","",""
"006i000000DTanPAAT","0","001i000000SmtjlAAB","0","Burlington Textiles Weaving Plant Generator","","Closed Won","9","235000","100","235000","","2011-10-10 00:00:00","New Customer","","Web","1","1","Closed","Closed","000000000000000AAA","","","005i0000001YLcMAAW","2013-10-30 14:31:12","005i0000001YLcMAAW","2013-10-30 14:31:12","005i0000001YLcMAAW","2013-10-30 14:31:12","","","2007","3","","","","Yet to begin","830150301360","645612","John Deere","John Deere","",""
"006i000000DTanQAAT","0","001i000000SmtjrAAB","0","United Oil Installations","","Closed Won","9","235000","100","235000","","2011-10-10 00:00:00","Existing Customer - Upgrade","","External Referral","1","1","Closed","Closed","000000000000000AAA","","","005i0000001YLcMAAW","2013-10-30 14:31:12","005i0000001YLcMAAW","2013-10-30 14:31:12","005i0000001YLcMAAW","2013-10-30 14:31:12","","","2007","3","","","","In progress","","554821","","","",""
"006i000000DTanRAAT","0","001i000000SmtjrAAB","0","United Oil Emergency Generators","","Closed Won","9","440000","100","440000","","2011-10-10 00:00:00","Existing Customer - Upgrade","","External Referral","1","1","Closed","Closed","000000000000000AAA","","","005i0000001YLcMAAW","2013-10-30 14:31:12","005i0000001YLcMAAW","2013-10-30 14:31:12","005i0000001YLcMAAW","2013-10-30 14:31:12","","","2007","3","","","","Completed","830150301420","847324","Fujitsu","Honda, Mitsubishi","",""
"006i000000DTanSAAT","0","001i000000SmtjoAAB","0","Grand Hotels SLA","","Closed Won","9","90000","100","90000","","2011-10-10 00:00:00","Existing Customer - Upgrade","","External Referral","1","1","Closed","Closed","000000000000000AAA","","","005i0000001YLcMAAW","2013-10-30 14:31:12","005i0000001YLcMAAW","2013-10-30 14:31:12","005i0000001YLcMAAW","2013-10-30 14:31:12","","","2007","3","","","","In progress","","254676","","","",""
"006i000000DTanTAAT","0","001i000000SmtjrAAB","0","United Oil Standby Generators","","Closed Won","9","120000","100","120000","","2011-10-10 00:00:00","Existing Customer - Upgrade","","External Referral","1","1","Closed","Closed","000000000000000AAA","","","005i0000001YLcMAAW","2013-10-30 14:31:12","005i0000001YLcMAAW","2013-10-30 14:31:12","005i0000001YLcMAAW","2013-10-30 14:31:12","","","2007","3","","","","","830150301360","525476","John Deere","John Deere, Mitsubishi, Hawkpower","",""
"006i000000DTanUAAT","0","001i000000SmtjoAAB","0","Grand Hotels Emergency Generators","","Closed Won","9","210000","100","210000","","2011-10-10 00:00:00","New Customer","","External Referral","1","1","Closed","Closed","000000000000000AAA","","","005i0000001YLcMAAW","2013-10-30 14:31:12","005i0000001YLcMAAW","2013-10-30 14:31:12","005i0000001YLcMAAW","2013-10-30 14:31:12","","","2007","3","","","","Completed","830150301360","387624","Fujitsu","Caterpillar","",""
"006i000000DTanVAAT","0","001i000000SmtjrAAB","0","United Oil Plant Standby Generators","","Needs Analysis","3","675000","20","135000","","2011-10-10 00:00:00","Existing Customer - Upgrade","","","0","0","Pipeline","Pipeline","000000000000000AAA","","","005i0000001YLcMAAW","2013-10-30 14:31:12","005i0000001YLcMAAW","2013-10-30 14:31:12","005i0000001YLcMAAW","2016-12-22 02:16:19","","","2007","3","","","","","","","Caterpillar","Caterpillar, Mitsubishi, Hawkpower","",""
"006i000000DTanWAAT","0","001i000000SmtjkAAB","0","Edge Emergency Generator","","Id. Decision Makers","5","35000","60","21000","","2011-10-10 00:00:00","Existing Customer - Replacement","","","0","0","Pipeline","Pipeline","000000000000000AAA","","","005i0000001YLcMAAW","2013-10-30 14:31:12","005i0000001YLcMAAW","2013-10-30 14:31:12","005i0000001YLcMAAW","2013-10-30 14:31:12","","","2007","3","","","","","","","","John Deere, Mitsubishi, Hawkpower","",""
"006i000000dFbGxAAK","0","001i000001movdSAAQ","0","Lions & Cats Some Opportunity","","Prospecting","1","","10","","","2016-02-27 00:00:00","","","","0","0","Pipeline","Pipeline","000000000000000AAA","","","005i0000001YLcMAAW","2016-01-27 18:57:35","005i0000001YLcMAAW","2016-01-27 18:57:35","005i0000001YLcMAAW","2016-01-27 18:57:35","","","2016","1","","","","","","","","","",""
"006i000000dFbxBAAS","0","001i000001kiYLGAA2","0","Tamales & Chimichangas","","Closed Won","9","196","100","196","","2016-01-29 00:00:00","","","","1","1","Closed","Closed","000000000000000AAA","","","005i0000001YLcMAAW","2016-01-27 19:09:30","005i0000001YLcMAAW","2016-02-03 21:02:46","005i0000001YLcMAAW","2016-02-03 21:02:46","","","2016","1","","","","","","","","","",""
"006i000000dFc8EAAS","0","001i000001kiYLGAA2","0","Burrito Gigantico","","Closed Won","9","200","100","200","","2019-01-31 00:00:00","","","","1","1","Closed","Closed","000000000000000AAA","","","005i0000001YLcMAAW","2016-01-27 19:11:53","005i0000001YLcMAAW","2016-02-03 21:02:08","005i0000001YLcMAAW","2016-02-03 21:02:08","","","2019","1","","","","","","","","","",""
"006i000000dFcJbAAK","0","001i000001kiYLGAA2","0","Nacho Emperor","Official Global Food.. World Nacho Domination...!!","Closed Won","9","600","100","600","","2016-04-30 00:00:00","","","","1","1","Closed","Closed","000000000000000AAA","","","005i0000001YLcMAAW","2016-01-27 19:14:36","005i0000001YLcMAAW","2016-02-03 21:02:32","005i0000001YLcMAAW","2016-02-03 21:02:32","","","2016","2","","","","","","","","","",""
"006i000000dZhbcAAC","0","000000000000000AAA","0","Dreamforce Demo Apex Academy","","Prospecting","1","","10","","","2019-02-02 00:00:00","","","","0","0","Pipeline","Pipeline","000000000000000AAA","","","005i0000001YLcMAAW","2016-02-09 20:26:15","005i0000001YLcMAAW","2016-02-09 20:26:15","005i0000001YLcMAAW","2016-12-22 02:16:19","","","2019","1","","","","","","","","","",""
"006i000000h6vfrAAA","0","001i000001xogjqAAA","0","TNR Corp.-","","Prospecting","1","","10","","","2016-09-30 00:00:00","","","Purchased List","0","0","Pipeline","Pipeline","000000000000000AAA","","","005i0000001YLcMAAW","2016-09-29 16:25:56","005i0000001YLcMAAW","2016-09-29 16:25:58","005i0000001YLcMAAW","2016-09-30 00:50:22","","","2016","3","","","","","","","","","",""
"006i000000hlUmfAAE","0","001i000000SmtjiAAB","0","Expansion in Latin America","","Prospecting","1","500000","10","50000","5","2017-09-13 00:00:00","","","","0","0","Pipeline","Pipeline","000000000000000AAA","1","01si0000002TwSLAA0","005i0000007VZkZAAW","2017-05-14 00:03:04","005i0000001YLcMAAW","2017-05-15 18:10:07","005i0000001YLcMAAW","2018-01-24 17:49:00","","","2017","3","","","","","","","","","",""
