"Id","OwnerId","IsDeleted","Name","CreatedDate","CreatedById","LastModifiedDate","LastModifiedById","SystemModstamp","Read__c","Screenwriter_s__c","Won__c","Year__c"
"a0Ni000002JIHYAEA5","005i0000001YLcMAAW","0","The Great McGinty","2016-09-07 15:26:36","005i0000001YLcMAAW","2016-09-08 20:02:13","005i0000001YLcMAAW","2016-09-10 01:23:14","1","Preston Sturges;","1","1940"
"a0Ni000002JIHYBEA5","005i0000001YLcMAAW","0","Angels Over Broadway","2016-09-07 15:26:36","005i0000001YLcMAAW","2016-09-09 17:01:38","005i0000001YLcMAAW","2016-09-09 17:01:38","1","Ben Hecht;","0","1940"
"a0Ni000002JIHYCEA5","005i0000001YLcMAAW","0","Dr. Ehrlich's Magic Bullet","2016-09-07 15:26:36","005i0000001YLcMAAW","2016-09-09 17:38:30","005i0000001YLcMAAW","2016-09-09 17:38:30","0","John Huston;","0","1940"
"a0Ni000002JIHYDEA5","005i0000001YLcMAAW","0","Foreign Correspondent","2016-09-07 15:26:36","005i0000001YLcMAAW","2016-09-09 15:24:33","005i0000001YLcMAAW","2016-09-09 15:24:33","1","Charles Bennett;Joan Harrison;","0","1940"
"a0Ni000002JIHYEEA5","005i0000001YLcMAAW","0","The Great Dictator","2016-09-07 15:26:36","005i0000001YLcMAAW","2016-09-09 15:24:32","005i0000001YLcMAAW","2016-09-09 15:24:32","1","Charlie Chaplin;","0","1940"
"a0Ni000002JIHYFEA5","005i0000001YLcMAAW","0","Citizen Kane","2016-09-07 15:26:36","005i0000001YLcMAAW","2016-10-08 22:25:58","005i0000001YLcMAAW","2016-10-08 22:25:58","1","Herman J. Mankiewicz;Orson Welles;","1","1941"
"a0Ni000002JIHYGEA5","005i0000001YLcMAAW","0","The Devil and Miss Jones","2016-09-07 15:26:36","005i0000001YLcMAAW","2016-09-07 15:26:36","005i0000001YLcMAAW","2016-09-07 15:26:36","0","Norman Krasna;","0","1941"
"a0Ni000002JIHYHEA5","005i0000001YLcMAAW","0","Sergeant York","2016-09-07 15:26:36","005i0000001YLcMAAW","2016-11-23 20:14:49","005i0000001YLcMAAW","2016-11-23 20:14:49","1","John Huston;Howard E. Koch;","0","1941"
"a0Ni000002JIHYIEA5","005i0000001YLcMAAW","0","Tall, Dark and Handsome","2016-09-07 15:26:36","005i0000001YLcMAAW","2016-10-08 22:26:08","005i0000001YLcMAAW","2016-10-08 22:26:08","1","Karl Tunberg;Darrell Ware;","0","1941"
"a0Ni000002JIHYJEA5","005i0000001YLcMAAW","0","Tom, Dick and Harry","2016-09-07 15:26:36","005i0000001YLcMAAW","2016-10-08 22:26:03","005i0000001YLcMAAW","2016-10-08 22:26:03","1","Paul Jarrico;","0","1941"
"a0Ni000002JIHYKEA5","005i0000001YLcMAAW","0","Woman of the Year","2016-09-07 15:26:36","005i0000001YLcMAAW","2017-02-09 20:13:26","005i0000001YLcMAAW","2017-02-09 20:13:26","0","Michael Kanin;Ring Lardner Jr.;","1","1942"
"a0Ni000002JIHYLEA5","005i0000001YLcMAAW","0","One of Our Aircraft Is Missing","2016-09-07 15:26:36","005i0000001YLcMAAW","2016-09-07 15:26:36","005i0000001YLcMAAW","2016-09-07 15:26:36","0","Michael Powell;Emeric Pressburger;","0","1942"
"a0Ni000002JIHYMEA5","005i0000001YLcMAAW","0","Road to Morocco","2016-09-07 15:26:36","005i0000001YLcMAAW","2016-10-07 23:36:29","005i0000001YLcMAAW","2016-10-07 23:36:29","1","Frank Butler;","0","1942"
"a0Ni000002JIHYNEA5","005i0000001YLcMAAW","0","Wake Island","2016-09-07 15:26:36","005i0000001YLcMAAW","2016-09-07 15:26:36","005i0000001YLcMAAW","2016-09-07 15:26:36","0","W. R. Burnett;Frank Butler;","0","1942"
"a0Ni000002JIHYOEA5","005i0000001YLcMAAW","0","The War Against Mrs. Hadley","2016-09-07 15:26:36","005i0000001YLcMAAW","2016-09-07 15:26:36","005i0000001YLcMAAW","2016-09-07 15:26:36","0","","0","1942"
"a0Ni000002JIHYPEA5","005i0000001YLcMAAW","0","Princess O'Rourke","2016-09-07 15:26:36","005i0000001YLcMAAW","2016-10-08 22:22:17","005i0000001YLcMAAW","2016-10-08 22:22:17","1","Norman Krasna;","1","1943"
"a0Ni000002JIHYQEA5","005i0000001YLcMAAW","0","Air Force","2016-09-07 15:26:36","005i0000001YLcMAAW","2017-02-09 20:13:28","005i0000001YLcMAAW","2017-02-09 20:13:28","0","Dudley Nichols;","0","1943"
"a0Ni000002JIHYREA5","005i0000001YLcMAAW","0","In Which We Serve","2016-09-07 15:26:36","005i0000001YLcMAAW","2016-10-08 22:21:38","005i0000001YLcMAAW","2016-10-08 22:21:38","1","Nol Coward;","0","1943"
"a0Ni000002JIHYSEA5","005i0000001YLcMAAW","0","The North Star","2016-09-07 15:26:36","005i0000001YLcMAAW","2016-10-08 22:21:44","005i0000001YLcMAAW","2016-10-08 22:21:44","1","Lillian Hellman;","0","1943"
"a0Ni000002JIHYTEA5","005i0000001YLcMAAW","0","So Proudly We Hail!","2016-09-07 15:26:36","005i0000001YLcMAAW","2016-09-07 15:26:36","005i0000001YLcMAAW","2016-09-07 15:26:36","0","Allan Scott;","0","1943"
"a0Ni000002JIHYUEA5","005i0000001YLcMAAW","0","Wilson","2016-09-07 15:26:36","005i0000001YLcMAAW","2016-10-08 22:23:09","005i0000001YLcMAAW","2016-10-08 22:23:09","1","Lamar Trotti;","1","1944"
"a0Ni000002JIHYVEA5","005i0000001YLcMAAW","0","Hail the Conquering Hero","2016-09-07 15:26:36","005i0000001YLcMAAW","2016-10-07 23:36:34","005i0000001YLcMAAW","2016-10-07 23:36:34","1","Preston Sturges;","0","1944"
"a0Ni000002JIHYWEA5","005i0000001YLcMAAW","0","Two Girls and a Sailor","2016-09-07 15:26:36","005i0000001YLcMAAW","2016-10-08 22:22:13","005i0000001YLcMAAW","2016-10-08 22:22:13","1","Richard Connell;Gladys Lehman;","0","1944"
"a0Ni000002JIHYXEA5","005i0000001YLcMAAW","0","Wing and a Prayer","2016-09-07 15:26:36","005i0000001YLcMAAW","2016-10-08 22:23:14","005i0000001YLcMAAW","2016-10-08 22:23:14","1","Jerome Cady;","0","1944"
"a0Ni000002JIHYYEA5","005i0000001YLcMAAW","0","Marie-Louise","2016-09-07 15:26:36","005i0000001YLcMAAW","2016-09-07 15:26:36","005i0000001YLcMAAW","2016-09-07 15:26:36","0","Richard Schweizer;","1","1945"
"a0Ni000002JIHYZEA5","005i0000001YLcMAAW","0","Dillinger","2016-09-07 15:26:36","005i0000001YLcMAAW","2016-09-07 15:26:36","005i0000001YLcMAAW","2016-09-07 15:26:36","0","Philip Yordan;","0","1945"
"a0Ni000002JIHYaEAP","005i0000001YLcMAAW","0","Music for Millions","2016-09-07 15:26:36","005i0000001YLcMAAW","2016-09-07 15:26:36","005i0000001YLcMAAW","2016-09-07 15:26:36","0","Myles Connolly;","0","1945"
"a0Ni000002JIHYbEAP","005i0000001YLcMAAW","0","Salty O'Rourke","2016-09-07 15:26:36","005i0000001YLcMAAW","2016-09-07 15:26:36","005i0000001YLcMAAW","2016-09-07 15:26:36","0","","0","1945"
"a0Ni000002JIHYcEAP","005i0000001YLcMAAW","0","What Next, Corporal Hargrove?","2016-09-07 15:26:36","005i0000001YLcMAAW","2016-09-07 15:26:36","005i0000001YLcMAAW","2016-09-07 15:26:36","0","Harry Kurnitz;","0","1945"
"a0Ni000002JIHYdEAP","005i0000001YLcMAAW","0","The Seventh Veil","2016-09-07 15:26:36","005i0000001YLcMAAW","2016-09-07 15:26:36","005i0000001YLcMAAW","2016-09-07 15:26:36","0","Muriel Box;Sydney Box;","1","1946"
"a0Ni000002JIHYeEAP","005i0000001YLcMAAW","0","The Blue Dahlia","2016-09-07 15:26:36","005i0000001YLcMAAW","2016-10-10 17:18:07","005i0000001YLcMAAW","2016-10-10 17:18:07","1","Raymond Chandler;","0","1946"
"a0Ni000002JIHYfEAP","005i0000001YLcMAAW","0","Children of Paradise","2016-09-07 15:26:36","005i0000001YLcMAAW","2016-09-07 15:26:36","005i0000001YLcMAAW","2016-09-07 15:26:36","0","Jacques Prvert;","0","1946"
"a0Ni000002JIHYgEAP","005i0000001YLcMAAW","0","Notorious","2016-09-07 15:26:36","005i0000001YLcMAAW","2016-09-07 15:26:36","005i0000001YLcMAAW","2016-09-07 15:26:36","0","Ben Hecht;","0","1946"
"a0Ni000002JIHYhEAP","005i0000001YLcMAAW","0","Road to Utopia","2016-09-07 15:26:36","005i0000001YLcMAAW","2016-09-07 15:26:36","005i0000001YLcMAAW","2016-09-07 15:26:36","0","Norman Panama;Melvin Frank;","0","1946"
"a0Ni000002JIHYiEAP","005i0000001YLcMAAW","0","The Bachelor and the Bobby-Soxer","2016-09-07 15:26:36","005i0000001YLcMAAW","2016-09-07 15:26:36","005i0000001YLcMAAW","2016-09-07 15:26:36","0","Sidney Sheldon;","1","1947"
"a0Ni000002JIHYjEAP","005i0000001YLcMAAW","0","Body and Soul","2016-09-07 15:26:36","005i0000001YLcMAAW","2016-09-07 15:26:36","005i0000001YLcMAAW","2016-09-07 15:26:36","0","Abraham Polonsky;","0","1947"
"a0Ni000002JIHYkEAP","005i0000001YLcMAAW","0","A Double Life","2016-09-07 15:26:36","005i0000001YLcMAAW","2016-09-07 15:26:36","005i0000001YLcMAAW","2016-09-07 15:26:36","0","Ruth Gordon;Garson Kanin;","0","1947"
"a0Ni000002JIHYlEAP","005i0000001YLcMAAW","0","Monsieur Verdoux","2016-09-07 15:26:36","005i0000001YLcMAAW","2016-09-07 15:26:36","005i0000001YLcMAAW","2016-09-07 15:26:36","0","Charlie Chaplin;","0","1947"
"a0Ni000002JIHYmEAP","005i0000001YLcMAAW","0","Shoeshine","2016-09-07 15:26:36","005i0000001YLcMAAW","2016-10-10 17:18:00","005i0000001YLcMAAW","2016-10-10 17:18:00","0","Sergio Amidei;Adolfo Franci;C. G. Viola;Cesare Zavattini;","0","1947"
"a0Ni000002JIHYnEAP","005i0000001YLcMAAW","0","Battleground","2016-09-07 15:26:36","005i0000001YLcMAAW","2016-09-07 15:26:36","005i0000001YLcMAAW","2016-09-07 15:26:36","0","Robert Pirosh;","1","1949"
"a0Ni000002JIHYoEAP","005i0000001YLcMAAW","0","Jolson Sings Again","2016-09-07 15:26:36","005i0000001YLcMAAW","2016-09-07 15:26:36","005i0000001YLcMAAW","2016-09-07 15:26:36","0","Sidney Buchman;","0","1949"
"a0Ni000002JIHYpEAP","005i0000001YLcMAAW","0","Paisan","2016-09-07 15:26:36","005i0000001YLcMAAW","2016-09-07 15:26:36","005i0000001YLcMAAW","2016-09-07 15:26:36","0","V. Hayes;Federico Fellini;Sergio Amidei;Marcello Pagliero;Roberto Rossellini;","0","1949"
"a0Ni000002JIHYqEAP","005i0000001YLcMAAW","0","Passport to Pimlico","2016-09-07 15:26:36","005i0000001YLcMAAW","2016-09-07 15:26:36","005i0000001YLcMAAW","2016-09-07 15:26:36","0","T. E. B. Clarke;","0","1949"
"a0Ni000002JIHYrEAP","005i0000001YLcMAAW","0","The Quiet Ones","2016-09-07 15:26:36","005i0000001YLcMAAW","2016-09-07 15:26:36","005i0000001YLcMAAW","2016-09-07 15:26:36","0","Helen Levitt;Sidney Meyers;","0","1949"
"a0Ni000002JIHYsEAP","005i0000001YLcMAAW","0","Sunset Boulevard","2016-09-07 15:26:36","005i0000001YLcMAAW","2016-09-07 15:26:36","005i0000001YLcMAAW","2016-09-07 15:26:36","0","Charles Brackett;D. M. Marshman Jr.;Billy Wilder;","1","1950"
"a0Ni000002JIHYtEAP","005i0000001YLcMAAW","0","Adam's Rib","2016-09-07 15:26:36","005i0000001YLcMAAW","2016-09-07 15:26:36","005i0000001YLcMAAW","2016-09-07 15:26:36","0","Ruth Gordon;Garson Kanin;","0","1950"
"a0Ni000002JIHYuEAP","005i0000001YLcMAAW","0","Caged","2016-09-07 15:26:36","005i0000001YLcMAAW","2016-09-07 15:26:36","005i0000001YLcMAAW","2016-09-07 15:26:36","0","Virginia Kellogg;Bernard C. Schoenfeld;","0","1950"
"a0Ni000002JIHYvEAP","005i0000001YLcMAAW","0","The Men","2016-09-07 15:26:36","005i0000001YLcMAAW","2016-09-07 15:26:36","005i0000001YLcMAAW","2016-09-07 15:26:36","0","Carl Foreman;","0","1950"
"a0Ni000002JIHYwEAP","005i0000001YLcMAAW","0","No Way Out","2016-09-07 15:26:36","005i0000001YLcMAAW","2016-09-07 15:26:36","005i0000001YLcMAAW","2016-09-07 15:26:36","0","Joseph L. Mankiewicz;Lesser Samuels;","0","1950"
"a0Ni000002JIHYxEAP","005i0000001YLcMAAW","0","An American in Paris","2016-09-07 15:26:36","005i0000001YLcMAAW","2016-09-07 15:26:36","005i0000001YLcMAAW","2016-09-07 15:26:36","0","Alan Jay Lerner;","1","1951"
"a0Ni000002JIHYyEAP","005i0000001YLcMAAW","0","The Big Carnival","2016-09-07 15:26:36","005i0000001YLcMAAW","2016-09-07 15:26:36","005i0000001YLcMAAW","2016-09-07 15:26:36","0","Billy Wilder;Lesser Samuels;Walter Newman;","0","1951"
"a0Ni000002JIHYzEAP","005i0000001YLcMAAW","0","David and Bathsheba","2016-09-07 15:26:36","005i0000001YLcMAAW","2016-09-07 15:26:36","005i0000001YLcMAAW","2016-09-07 15:26:36","0","Philip Dunne;","0","1951"
"a0Ni000002JIHZ0EAP","005i0000001YLcMAAW","0","Go for Broke!","2016-09-07 15:26:36","005i0000001YLcMAAW","2016-09-07 15:26:36","005i0000001YLcMAAW","2016-09-07 15:26:36","0","Robert Pirosh;","0","1951"
"a0Ni000002JIHZ1EAP","005i0000001YLcMAAW","0","The Well","2016-09-07 15:26:36","005i0000001YLcMAAW","2016-09-07 15:26:36","005i0000001YLcMAAW","2016-09-07 15:26:36","0","Clarence Greene;Russell Rouse;","0","1951"
"a0Ni000002JIHZ2EAP","005i0000001YLcMAAW","0","The Lavender Hill Mob","2016-09-07 15:26:36","005i0000001YLcMAAW","2016-09-07 15:26:36","005i0000001YLcMAAW","2016-09-07 15:26:36","0","T. E. B. Clarke;","1","1952"
"a0Ni000002JIHZ3EAP","005i0000001YLcMAAW","0","The Atomic City","2016-09-07 15:26:36","005i0000001YLcMAAW","2016-12-01 22:24:10","005i0000001YLcMAAW","2016-12-01 22:24:10","1","Sydney Boehm;","0","1952"
"a0Ni000002JIHZ4EAP","005i0000001YLcMAAW","0","The Sound Barrier","2016-09-07 15:26:36","005i0000001YLcMAAW","2016-12-01 22:24:08","005i0000001YLcMAAW","2016-12-01 22:24:08","1","Terence Rattigan;","0","1952"
"a0Ni000002JIHZ5EAP","005i0000001YLcMAAW","0","Pat and Mike","2016-09-07 15:26:36","005i0000001YLcMAAW","2016-09-07 15:26:36","005i0000001YLcMAAW","2016-09-07 15:26:36","0","Ruth Gordon;Garson Kanin;","0","1952"
"a0Ni000002JIHZ6EAP","005i0000001YLcMAAW","0","Viva Zapata!","2016-09-07 15:26:36","005i0000001YLcMAAW","2016-09-07 15:26:36","005i0000001YLcMAAW","2016-09-07 15:26:36","0","John Steinbeck;","0","1952"
"a0Ni000002JIHZ7EAP","005i0000001YLcMAAW","0","Titanic","2016-09-07 15:26:36","005i0000001YLcMAAW","2016-09-07 15:26:36","005i0000001YLcMAAW","2016-09-07 15:26:36","0","Charles Brackett;Richard L. Breen;Walter Reisch;","1","1953"
"a0Ni000002JIHZ8EAP","005i0000001YLcMAAW","0","The Band Wagon","2016-09-07 15:26:36","005i0000001YLcMAAW","2016-09-07 15:26:36","005i0000001YLcMAAW","2016-09-07 15:26:36","0","Betty Comden;Adolph Green;","0","1953"
"a0Ni000002JIHZ9EAP","005i0000001YLcMAAW","0","The Desert Rats","2016-09-07 15:26:36","005i0000001YLcMAAW","2016-09-07 15:26:36","005i0000001YLcMAAW","2016-09-07 15:26:36","0","Richard Murphy;","0","1953"
"a0Ni000002JIHZAEA5","005i0000001YLcMAAW","0","The Naked Spur","2016-09-07 15:26:36","005i0000001YLcMAAW","2016-09-07 15:26:36","005i0000001YLcMAAW","2016-09-07 15:26:36","0","Sam Rolfe;Harold Jack Bloom;","0","1953"
"a0Ni000002JIHZBEA5","005i0000001YLcMAAW","0","Take the High Ground!","2016-09-07 15:26:36","005i0000001YLcMAAW","2016-09-07 15:26:36","005i0000001YLcMAAW","2016-09-07 15:26:36","0","Millard Kaufman;","0","1953"
"a0Ni000002JIHZCEA5","005i0000001YLcMAAW","0","On the Waterfront","2016-09-07 15:26:36","005i0000001YLcMAAW","2016-09-07 15:26:36","005i0000001YLcMAAW","2016-09-07 15:26:36","0","Budd Schulberg;","1","1954"
"a0Ni000002JIHZDEA5","005i0000001YLcMAAW","0","The Barefoot Contessa","2016-09-07 15:26:36","005i0000001YLcMAAW","2016-09-07 15:26:36","005i0000001YLcMAAW","2016-09-07 15:26:36","0","Joseph L. Mankiewicz;","0","1954"
"a0Ni000002JIHZEEA5","005i0000001YLcMAAW","0","Genevieve","2016-09-07 15:26:36","005i0000001YLcMAAW","2016-09-07 15:26:36","005i0000001YLcMAAW","2016-09-07 15:26:36","0","William Rose;","0","1954"
"a0Ni000002JIHZFEA5","005i0000001YLcMAAW","0","The Glenn Miller Story","2016-09-07 15:26:36","005i0000001YLcMAAW","2016-10-10 17:17:56","005i0000001YLcMAAW","2016-10-10 17:17:56","1","Valentine Davies;Oscar Brodney;","0","1954"
"a0Ni000002JIHZGEA5","005i0000001YLcMAAW","0","Knock on Wood","2016-09-07 15:26:36","005i0000001YLcMAAW","2016-09-07 15:26:36","005i0000001YLcMAAW","2016-09-07 15:26:36","0","Norman Panama;Melvin Frank;","0","1954"
"a0Ni000002JIHZHEA5","005i0000001YLcMAAW","0","Interrupted Melody","2016-09-07 15:26:36","005i0000001YLcMAAW","2016-09-07 15:26:36","005i0000001YLcMAAW","2016-09-07 15:26:36","0","Sonya Levien;William Ludwig;","1","1955"
"a0Ni000002JIHZIEA5","005i0000001YLcMAAW","0","The Court-Martial of Billy Mitchell","2016-09-07 15:26:36","005i0000001YLcMAAW","2016-09-07 15:26:36","005i0000001YLcMAAW","2016-09-07 15:26:36","0","Milton Sperling;Emmet Lavery;","0","1955"
"a0Ni000002JIHZJEA5","005i0000001YLcMAAW","0","It's Always Fair Weather","2016-09-07 15:26:36","005i0000001YLcMAAW","2016-09-07 15:26:36","005i0000001YLcMAAW","2016-09-07 15:26:36","0","Betty Comden;Adolph Green;","0","1955"
"a0Ni000002JIHZKEA5","005i0000001YLcMAAW","0","Les Vacances de M. Hulot","2016-09-07 15:26:36","005i0000001YLcMAAW","2016-09-07 15:26:36","005i0000001YLcMAAW","2016-09-07 15:26:36","0","Jacques Tati;Henri Marquet;","0","1955"
"a0Ni000002JIHZLEA5","005i0000001YLcMAAW","0","The Seven Little Foys","2016-09-07 15:26:36","005i0000001YLcMAAW","2016-09-07 15:26:36","005i0000001YLcMAAW","2016-09-07 15:26:36","0","Melville Shavelson;Jack Rose;","0","1955"
"a0Ni000002JIHZMEA5","005i0000001YLcMAAW","0","The Red Balloon","2016-09-07 15:26:36","005i0000001YLcMAAW","2016-09-07 15:26:36","005i0000001YLcMAAW","2016-09-07 15:26:36","0","Albert Lamorisse;","1","1956"
"a0Ni000002JIHZNEA5","005i0000001YLcMAAW","0","The Bold and the Brave","2016-09-07 15:26:36","005i0000001YLcMAAW","2016-09-07 15:26:36","005i0000001YLcMAAW","2016-09-07 15:26:36","0","Robert Lewin;","0","1956"
"a0Ni000002JIHZOEA5","005i0000001YLcMAAW","0","Julie","2016-09-07 15:26:36","005i0000001YLcMAAW","2016-09-07 15:26:36","005i0000001YLcMAAW","2016-09-07 15:26:36","0","Andrew L. Stone;","0","1956"
"a0Ni000002JIHZPEA5","005i0000001YLcMAAW","0","La Strada","2016-09-07 15:26:36","005i0000001YLcMAAW","2016-09-07 15:26:36","005i0000001YLcMAAW","2016-09-07 15:26:36","0","Federico Fellini;Tullio Pinelli;","0","1956"
"a0Ni000002JIHZQEA5","005i0000001YLcMAAW","0","The Ladykillers","2016-09-07 15:26:36","005i0000001YLcMAAW","2016-09-07 15:26:36","005i0000001YLcMAAW","2016-09-07 15:26:36","0","William Rose;","0","1956"
"a0Ni000002JIHZREA5","005i0000001YLcMAAW","0","Designing Woman","2016-09-07 15:26:36","005i0000001YLcMAAW","2016-09-07 15:26:36","005i0000001YLcMAAW","2016-09-07 15:26:36","0","George Wells;","1","1957"
"a0Ni000002JIHZSEA5","005i0000001YLcMAAW","0","Funny Face","2016-09-07 15:26:36","005i0000001YLcMAAW","2016-09-07 15:26:36","005i0000001YLcMAAW","2016-09-07 15:26:36","0","Leonard Gershe;","0","1957"
"a0Ni000002JIHZTEA5","005i0000001YLcMAAW","0","Man of a Thousand Faces","2016-09-07 15:26:36","005i0000001YLcMAAW","2016-09-07 15:26:36","005i0000001YLcMAAW","2016-09-07 15:26:36","0","R. Wright Campbell;Ivan Goff;Ben Roberts;","0","1957"
"a0Ni000002JIHZUEA5","005i0000001YLcMAAW","0","The Tin Star","2016-09-07 15:26:36","005i0000001YLcMAAW","2016-09-07 15:26:36","005i0000001YLcMAAW","2016-09-07 15:26:36","0","Dudley Nichols;","0","1957"
"a0Ni000002JIHZVEA5","005i0000001YLcMAAW","0","I Vitelloni","2016-09-07 15:26:36","005i0000001YLcMAAW","2016-09-07 15:26:36","005i0000001YLcMAAW","2016-09-07 15:26:36","0","Federico Fellini;Ennio Flaiano;Tullio Pinelli;","0","1957"
"a0Ni000002JIHZWEA5","005i0000001YLcMAAW","0","The Defiant Ones","2016-09-07 15:26:36","005i0000001YLcMAAW","2016-09-07 15:26:36","005i0000001YLcMAAW","2016-09-07 15:26:36","0","Nathan E. Douglas;Harold Jacob Smith;","1","1958"
"a0Ni000002JIHZXEA5","005i0000001YLcMAAW","0","The Goddess","2016-09-07 15:26:36","005i0000001YLcMAAW","2016-09-07 15:26:36","005i0000001YLcMAAW","2016-09-07 15:26:36","0","Paddy Chayefsky;","0","1958"
"a0Ni000002JIHZYEA5","005i0000001YLcMAAW","0","Houseboat","2016-09-07 15:26:36","005i0000001YLcMAAW","2016-09-07 15:26:36","005i0000001YLcMAAW","2016-09-07 15:26:36","0","Melville Shavelson;Jack Rose;","0","1958"
"a0Ni000002JIHZZEA5","005i0000001YLcMAAW","0","The Sheepman","2016-09-07 15:26:36","005i0000001YLcMAAW","2016-09-07 15:26:36","005i0000001YLcMAAW","2016-09-07 15:26:36","0","James Edward Grant;William Bowers;","0","1958"
"a0Ni000002JIHZaEAP","005i0000001YLcMAAW","0","Teacher's Pet","2016-09-07 15:26:36","005i0000001YLcMAAW","2016-09-07 15:26:36","005i0000001YLcMAAW","2016-09-07 15:26:36","0","Fay Kanin;Michael Kanin;","0","1958"
"a0Ni000002JIHZbEAP","005i0000001YLcMAAW","0","Pillow Talk","2016-09-07 15:26:36","005i0000001YLcMAAW","2016-09-07 15:26:36","005i0000001YLcMAAW","2016-09-07 15:26:36","0","Clarence Greene;Maurice Richlin;Russell Rouse;Stanley Shapiro;","1","1959"
"a0Ni000002JIHZcEAP","005i0000001YLcMAAW","0","The 400 Blows","2016-09-07 15:26:36","005i0000001YLcMAAW","2016-09-07 15:26:36","005i0000001YLcMAAW","2016-09-07 15:26:36","0","Franois Truffaut;Marcel Moussy;","0","1959"
"a0Ni000002JIHZdEAP","005i0000001YLcMAAW","0","North by Northwest","2016-09-07 15:26:36","005i0000001YLcMAAW","2016-09-07 15:26:36","005i0000001YLcMAAW","2016-09-07 15:26:36","0","Ernest Lehman;","0","1959"
"a0Ni000002JIHZeEAP","005i0000001YLcMAAW","0","Operation Petticoat","2016-09-07 15:26:36","005i0000001YLcMAAW","2016-09-07 15:26:36","005i0000001YLcMAAW","2016-09-07 15:26:36","0","Stanley Shapiro;Maurice Richlin;","0","1959"
"a0Ni000002JIHZfEAP","005i0000001YLcMAAW","0","Wild Strawberries","2016-09-07 15:26:36","005i0000001YLcMAAW","2016-09-07 15:26:36","005i0000001YLcMAAW","2016-09-07 15:26:36","0","Ingmar Bergman;","0","1959"
"a0Ni000002JIHZgEAP","005i0000001YLcMAAW","0","The Apartment","2016-09-07 15:26:36","005i0000001YLcMAAW","2016-09-07 15:26:36","005i0000001YLcMAAW","2016-09-07 15:26:36","0","I. A. L. Diamond;Billy Wilder;","1","1960"
"a0Ni000002JIHZhEAP","005i0000001YLcMAAW","0","The Angry Silence","2016-09-07 15:26:36","005i0000001YLcMAAW","2016-09-07 15:26:36","005i0000001YLcMAAW","2016-09-07 15:26:36","0","Bryan Forbes;Richard Gregson;Michael Craig;","0","1960"
"a0Ni000002JIHZiEAP","005i0000001YLcMAAW","0","The Facts of Life","2016-09-07 15:26:36","005i0000001YLcMAAW","2016-09-07 15:26:36","005i0000001YLcMAAW","2016-09-07 15:26:36","0","Norman Panama;Melvin Frank;","0","1960"
"a0Ni000002JIHZjEAP","005i0000001YLcMAAW","0","Hiroshima mon amour","2016-09-07 15:26:36","005i0000001YLcMAAW","2016-09-07 15:26:36","005i0000001YLcMAAW","2016-09-07 15:26:36","0","Marguerite Duras;","0","1960"
"a0Ni000002JIHZkEAP","005i0000001YLcMAAW","0","Never on Sunday","2016-09-07 15:26:36","005i0000001YLcMAAW","2016-09-07 15:26:36","005i0000001YLcMAAW","2016-09-07 15:26:36","0","Jules Dassin;","0","1960"
"a0Ni000002JIHZlEAP","005i0000001YLcMAAW","0","Splendor in the Grass","2016-09-07 15:26:36","005i0000001YLcMAAW","2016-09-07 15:26:36","005i0000001YLcMAAW","2016-09-07 15:26:36","0","William Inge;","1","1961"
"a0Ni000002JIHZmEAP","005i0000001YLcMAAW","0","Ballad of a Soldier","2016-09-07 15:26:36","005i0000001YLcMAAW","2016-09-07 15:26:36","005i0000001YLcMAAW","2016-09-07 15:26:36","0","Grigori Chukhrai;","0","1961"
"a0Ni000002JIHZnEAP","005i0000001YLcMAAW","0","La Dolce Vita","2016-09-07 15:26:36","005i0000001YLcMAAW","2016-09-07 15:26:36","005i0000001YLcMAAW","2016-09-07 15:26:36","0","Federico Fellini;Tullio Pinelli;Ennio Flaiano;Brunello Rondi;","0","1961"
"a0Ni000002JIHZoEAP","005i0000001YLcMAAW","0","General della Rovere","2016-09-07 15:26:36","005i0000001YLcMAAW","2016-09-07 15:26:36","005i0000001YLcMAAW","2016-09-07 15:26:36","0","Sergio Amidei;Indro Montanelli;","0","1961"
"a0Ni000002JIHZpEAP","005i0000001YLcMAAW","0","Lover Come Back","2016-09-07 15:26:36","005i0000001YLcMAAW","2016-09-07 15:26:36","005i0000001YLcMAAW","2016-09-07 15:26:36","0","Stanley Shapiro;Paul Henning;","0","1961"
"a0Ni000002JIHZqEAP","005i0000001YLcMAAW","0","Divorce, Italian Style","2016-09-07 15:26:36","005i0000001YLcMAAW","2016-09-07 15:26:36","005i0000001YLcMAAW","2016-09-07 15:26:36","0","Ennio de Concini;Pietro Germi;Alfredo Giannetti;","1","1962"
"a0Ni000002JIHZrEAP","005i0000001YLcMAAW","0","Freud: The Secret Passion","2016-09-07 15:26:36","005i0000001YLcMAAW","2016-09-07 15:26:36","005i0000001YLcMAAW","2016-09-07 15:26:36","0","Charles Kaufman;Wolfgang Reinhardt;","0","1962"
"a0Ni000002JIHZsEAP","005i0000001YLcMAAW","0","Last Year at Marienbad","2016-09-07 15:26:36","005i0000001YLcMAAW","2016-09-07 15:26:36","005i0000001YLcMAAW","2016-09-07 15:26:36","0","Alain Robbe-Grillet;","0","1962"
"a0Ni000002JIHZtEAP","005i0000001YLcMAAW","0","That Touch of Mink","2016-09-07 15:26:36","005i0000001YLcMAAW","2016-09-07 15:26:36","005i0000001YLcMAAW","2016-09-07 15:26:36","0","Stanley Shapiro;","0","1962"
"a0Ni000002JIHZuEAP","005i0000001YLcMAAW","0","Through a Glass Darkly","2016-09-07 15:26:36","005i0000001YLcMAAW","2016-09-07 15:26:36","005i0000001YLcMAAW","2016-09-07 15:26:36","0","Ingmar Bergman;","0","1962"
"a0Ni000002JIHZvEAP","005i0000001YLcMAAW","0","How the West Was Won","2016-09-07 15:26:36","005i0000001YLcMAAW","2016-09-07 15:26:36","005i0000001YLcMAAW","2016-09-07 15:26:36","0","James Webb;","1","1963"
"a0Ni000002JIHZwEAP","005i0000001YLcMAAW","0","8","2016-09-07 15:26:36","005i0000001YLcMAAW","2016-09-07 15:26:36","005i0000001YLcMAAW","2016-09-07 15:26:36","0","Federico Fellini;Ennio Flaiano;Tullio Pinelli;Brunello Rondi;","0","1963"
"a0Ni000002JIHZxEAP","005i0000001YLcMAAW","0","America, America","2016-09-07 15:26:36","005i0000001YLcMAAW","2016-09-07 15:26:36","005i0000001YLcMAAW","2016-09-07 15:26:36","0","Elia Kazan;","0","1963"
"a0Ni000002JIHZyEAP","005i0000001YLcMAAW","0","The Four Days of Naples","2016-09-07 15:26:36","005i0000001YLcMAAW","2016-09-07 15:26:36","005i0000001YLcMAAW","2016-09-07 15:26:36","0","Pasquale Festa Campanile;Massimo Franciosa;Nanni Loy;Vasco Pratolini;Carlo Bernari;","0","1963"
"a0Ni000002JIHZzEAP","005i0000001YLcMAAW","0","Love with the Proper Stranger","2016-09-07 15:26:36","005i0000001YLcMAAW","2016-09-07 15:26:36","005i0000001YLcMAAW","2016-09-07 15:26:36","0","Arnold Schulman;","0","1963"
"a0Ni000002JIHa0EAH","005i0000001YLcMAAW","0","Father Goose","2016-09-07 15:26:36","005i0000001YLcMAAW","2016-09-07 15:26:36","005i0000001YLcMAAW","2016-09-07 15:26:36","0","Peter Stone;Frank Tarloff;","1","1964"
"a0Ni000002JIHa1EAH","005i0000001YLcMAAW","0","A Hard Day's Night","2016-09-07 15:26:36","005i0000001YLcMAAW","2016-09-07 15:26:36","005i0000001YLcMAAW","2016-09-07 15:26:36","0","Alun Owen;","0","1964"
"a0Ni000002JIHa2EAH","005i0000001YLcMAAW","0","One Potato, Two Potato","2016-09-07 15:26:36","005i0000001YLcMAAW","2016-09-07 15:26:36","005i0000001YLcMAAW","2016-09-07 15:26:36","0","Orville H. Hampton;","0","1964"
"a0Ni000002JIHa3EAH","005i0000001YLcMAAW","0","The Organizer","2016-09-07 15:26:36","005i0000001YLcMAAW","2016-09-07 15:26:36","005i0000001YLcMAAW","2016-09-07 15:26:36","0","Agenore Incrocci;Furio Scarpelli;Mario Monicelli;","0","1964"
"a0Ni000002JIHa4EAH","005i0000001YLcMAAW","0","That Man from Rio","2016-09-07 15:26:36","005i0000001YLcMAAW","2016-09-07 15:26:36","005i0000001YLcMAAW","2016-09-07 15:26:36","0","Jean-Paul Rappeneau;Ariane Mnouchkine;Daniel Boulanger;Philippe de Broca;","0","1964"
"a0Ni000002JIHa5EAH","005i0000001YLcMAAW","0","Darling","2016-09-07 15:26:36","005i0000001YLcMAAW","2016-09-07 15:26:36","005i0000001YLcMAAW","2016-09-07 15:26:36","0","Frederic Raphael;","1","1965"
"a0Ni000002JIHa6EAH","005i0000001YLcMAAW","0","Casanova 70","2016-09-07 15:26:36","005i0000001YLcMAAW","2016-09-07 15:26:36","005i0000001YLcMAAW","2016-09-07 15:26:36","0","Agenore Incrocci;Furio Scarpelli;Mario Monicelli;Tonino Guerra;Suso Cecchi d'Amico;","0","1965"
"a0Ni000002JIHa7EAH","005i0000001YLcMAAW","0","Those Magnificent Men in their Flying Machines","2016-09-07 15:26:36","005i0000001YLcMAAW","2016-09-07 15:26:36","005i0000001YLcMAAW","2016-09-07 15:26:36","0","Jack Davies;Ken Annakin;","0","1965"
"a0Ni000002JIHa8EAH","005i0000001YLcMAAW","0","The Train","2016-09-07 15:26:36","005i0000001YLcMAAW","2016-09-07 15:26:36","005i0000001YLcMAAW","2016-09-07 15:26:36","0","","0","1965"
"a0Ni000002JIHa9EAH","005i0000001YLcMAAW","0","The Umbrellas of Cherbourg","2016-09-07 15:26:36","005i0000001YLcMAAW","2016-09-07 15:26:36","005i0000001YLcMAAW","2016-09-07 15:26:36","0","Jacques Demy;","0","1965"
"a0Ni000002JIHaAEAX","005i0000001YLcMAAW","0","A Man and a Woman","2016-09-07 15:26:36","005i0000001YLcMAAW","2016-09-07 15:26:36","005i0000001YLcMAAW","2016-09-07 15:26:36","0","Claude Lelouch;Pierre Uytterhoeven;","1","1966"
"a0Ni000002JIHaBEAX","005i0000001YLcMAAW","0","Blowup","2016-09-07 15:26:36","005i0000001YLcMAAW","2016-10-07 23:35:42","005i0000001YLcMAAW","2016-10-07 23:35:42","1","Michelangelo Antonioni;Tonino Guerra;Edward Bond;","0","1966"
"a0Ni000002JIHaCEAX","005i0000001YLcMAAW","0","The Fortune Cookie","2016-09-07 15:26:36","005i0000001YLcMAAW","2016-10-07 23:35:47","005i0000001YLcMAAW","2016-10-07 23:35:47","1","Billy Wilder;I. A. L. Diamond;","0","1966"
"a0Ni000002JIHaDEAX","005i0000001YLcMAAW","0","Khartoum","2016-09-07 15:26:36","005i0000001YLcMAAW","2016-09-07 15:26:36","005i0000001YLcMAAW","2016-09-07 15:26:36","0","Robert Ardrey;","0","1966"
"a0Ni000002JIHaEEAX","005i0000001YLcMAAW","0","The Naked Prey","2016-09-07 15:26:36","005i0000001YLcMAAW","2016-09-07 15:26:36","005i0000001YLcMAAW","2016-09-07 15:26:36","0","","0","1966"
"a0Ni000002JIHaFEAX","005i0000001YLcMAAW","0","Guess Who's Coming to Dinner","2016-09-07 15:26:36","005i0000001YLcMAAW","2016-09-07 15:26:36","005i0000001YLcMAAW","2016-09-07 15:26:36","0","William Rose;","1","1967"
"a0Ni000002JIHaGEAX","005i0000001YLcMAAW","0","Bonnie and Clyde","2016-09-07 15:26:36","005i0000001YLcMAAW","2016-09-07 15:26:36","005i0000001YLcMAAW","2016-09-07 15:26:36","0","David Newman;Robert Benton;","0","1967"
"a0Ni000002JIHaHEAX","005i0000001YLcMAAW","0","Divorce American Style","2016-09-07 15:26:36","005i0000001YLcMAAW","2016-10-07 23:35:53","005i0000001YLcMAAW","2016-12-07 01:27:10","1","Robert Kaufman;Norman Lear;","0","1967"
"a0Ni000002JIHaIEAX","005i0000001YLcMAAW","0","La Guerre Est Finie","2016-09-07 15:26:36","005i0000001YLcMAAW","2016-09-07 15:26:36","005i0000001YLcMAAW","2016-09-07 15:26:36","0","Jorge Semprn;","0","1967"
"a0Ni000002JIHaJEAX","005i0000001YLcMAAW","0","Two for the Road","2016-09-07 15:26:36","005i0000001YLcMAAW","2016-09-07 15:26:36","005i0000001YLcMAAW","2016-09-07 15:26:36","0","Frederic Raphael;","0","1967"
"a0Ni000002JIHaKEAX","005i0000001YLcMAAW","0","The Producers","2016-09-07 15:26:36","005i0000001YLcMAAW","2016-09-07 15:26:36","005i0000001YLcMAAW","2016-09-07 15:26:36","0","Mel Brooks;","1","1968"
"a0Ni000002JIHaLEAX","005i0000001YLcMAAW","0","2001: A Space Odyssey","2016-09-07 15:26:36","005i0000001YLcMAAW","2016-09-07 15:26:36","005i0000001YLcMAAW","2016-09-07 15:26:36","0","Stanley Kubrick;Arthur C. Clarke;","0","1968"
"a0Ni000002JIHaMEAX","005i0000001YLcMAAW","0","The Battle of Algiers","2016-09-07 15:26:36","005i0000001YLcMAAW","2016-09-07 15:26:36","005i0000001YLcMAAW","2016-09-07 15:26:36","0","Franco Solinas;Gillo Pontecorvo;","0","1968"
"a0Ni000002JIHaNEAX","005i0000001YLcMAAW","0","Faces","2016-09-07 15:26:36","005i0000001YLcMAAW","2016-09-07 15:26:36","005i0000001YLcMAAW","2016-09-07 15:26:36","0","John Cassavetes;","0","1968"
"a0Ni000002JIHaOEAX","005i0000001YLcMAAW","0","Hot Millions","2016-09-07 15:26:36","005i0000001YLcMAAW","2016-09-07 15:26:36","005i0000001YLcMAAW","2016-09-07 15:26:36","0","Ira Wallach;Peter Ustinov;","0","1968"
"a0Ni000002JIHaPEAX","005i0000001YLcMAAW","0","Butch Cassidy and the Sundance Kid","2016-09-07 15:26:36","005i0000001YLcMAAW","2016-09-07 15:26:36","005i0000001YLcMAAW","2016-09-07 15:26:36","0","William Goldman;","1","1969"
"a0Ni000002JIHaQEAX","005i0000001YLcMAAW","0","Bob & Carol & Ted & Alice","2016-09-07 15:26:36","005i0000001YLcMAAW","2016-10-07 23:36:14","005i0000001YLcMAAW","2016-10-07 23:36:14","1","Paul Mazursky;Larry Tucker;","0","1969"
"a0Ni000002JIHaREAX","005i0000001YLcMAAW","0","The Damned","2016-09-07 15:26:36","005i0000001YLcMAAW","2016-10-07 23:36:08","005i0000001YLcMAAW","2016-10-07 23:36:08","1","Nicola Badalucco;Luchino Visconti;","0","1969"
"a0Ni000002JIHaSEAX","005i0000001YLcMAAW","0","Easy Rider","2016-09-07 15:26:36","005i0000001YLcMAAW","2016-10-07 23:37:30","005i0000001YLcMAAW","2016-10-07 23:37:30","1","Peter Fonda;Dennis Hopper;Terry Southern;","0","1969"
"a0Ni000002JIHaTEAX","005i0000001YLcMAAW","0","The Wild Bunch","2016-09-07 15:26:36","005i0000001YLcMAAW","2016-09-07 15:26:36","005i0000001YLcMAAW","2016-09-07 15:26:36","0","Walon Green;Sam Peckinpah;","0","1969"
"a0Ni000002JIHaUEAX","005i0000001YLcMAAW","0","Patton","2016-09-07 15:26:36","005i0000001YLcMAAW","2016-09-07 15:26:36","005i0000001YLcMAAW","2016-09-07 15:26:36","0","Francis Ford Coppola;Edmund H. North;","1","1970"
"a0Ni000002JIHaVEAX","005i0000001YLcMAAW","0","Five Easy Pieces","2016-09-07 15:26:36","005i0000001YLcMAAW","2016-10-07 23:36:02","005i0000001YLcMAAW","2016-10-07 23:36:02","1","Adrien Joyce;Bob Rafelson;","0","1970"
"a0Ni000002JIHaWEAX","005i0000001YLcMAAW","0","Joe","2016-09-07 15:26:36","005i0000001YLcMAAW","2016-09-07 15:26:36","005i0000001YLcMAAW","2016-09-07 15:26:36","0","Norman Wexler;","0","1970"
"a0Ni000002JIHaXEAX","005i0000001YLcMAAW","0","Love Story","2016-09-07 15:26:36","005i0000001YLcMAAW","2016-09-07 15:26:36","005i0000001YLcMAAW","2016-09-07 15:26:36","0","Erich Segal;","0","1970"
"a0Ni000002JIHaYEAX","005i0000001YLcMAAW","0","My Night at Maud's","2016-09-07 15:26:36","005i0000001YLcMAAW","2016-09-07 15:26:36","005i0000001YLcMAAW","2016-09-07 15:26:36","0","ric Rohmer;","0","1970"
"a0Ni000002JIHaZEAX","005i0000001YLcMAAW","0","The Hospital","2016-09-07 15:26:36","005i0000001YLcMAAW","2016-09-07 15:26:36","005i0000001YLcMAAW","2016-09-07 15:26:36","0","Paddy Chayefsky;","1","1971"
"a0Ni000002JIHaaEAH","005i0000001YLcMAAW","0","Investigation of a Citizen Above Suspicion","2016-09-07 15:26:36","005i0000001YLcMAAW","2016-09-07 15:26:36","005i0000001YLcMAAW","2016-09-07 15:26:36","0","Elio Petri;Ugo Pirro;","0","1971"
"a0Ni000002JIHabEAH","005i0000001YLcMAAW","0","Klute","2016-09-07 15:26:36","005i0000001YLcMAAW","2016-09-07 15:26:36","005i0000001YLcMAAW","2016-09-07 15:26:36","0","","0","1971"
"a0Ni000002JIHacEAH","005i0000001YLcMAAW","0","Summer of '42","2016-09-07 15:26:36","005i0000001YLcMAAW","2016-09-07 15:26:36","005i0000001YLcMAAW","2016-09-07 15:26:36","0","Herman Raucher;","0","1971"
"a0Ni000002JIHadEAH","005i0000001YLcMAAW","0","Sunday Bloody Sunday","2016-09-07 15:26:36","005i0000001YLcMAAW","2016-09-07 15:26:36","005i0000001YLcMAAW","2016-09-07 15:26:36","0","Penelope Gilliatt;","0","1971"
"a0Ni000002JIHaeEAH","005i0000001YLcMAAW","0","The Candidate","2016-09-07 15:26:36","005i0000001YLcMAAW","2016-09-07 15:26:36","005i0000001YLcMAAW","2016-09-07 15:26:36","0","Jeremy Larner;","1","1972"
"a0Ni000002JIHafEAH","005i0000001YLcMAAW","0","The Discreet Charm of the Bourgeoisie","2016-09-07 15:26:36","005i0000001YLcMAAW","2016-09-07 15:26:36","005i0000001YLcMAAW","2016-09-07 15:26:36","0","Luis Buuel;Jean-Claude Carrire;","0","1972"
"a0Ni000002JIHagEAH","005i0000001YLcMAAW","0","Lady Sings the Blues","2016-09-07 15:26:36","005i0000001YLcMAAW","2016-09-07 15:26:36","005i0000001YLcMAAW","2016-09-07 15:26:36","0","Chris Clark;Suzanne de Passe;","0","1972"
"a0Ni000002JIHahEAH","005i0000001YLcMAAW","0","Murmur of the Heart","2016-09-07 15:26:36","005i0000001YLcMAAW","2016-09-07 15:26:36","005i0000001YLcMAAW","2016-09-07 15:26:36","0","Louis Malle;","0","1972"
"a0Ni000002JIHaiEAH","005i0000001YLcMAAW","0","Young Winston","2016-09-07 15:26:36","005i0000001YLcMAAW","2016-09-07 15:26:36","005i0000001YLcMAAW","2016-09-07 15:26:36","0","Carl Foreman;","0","1972"
"a0Ni000002JIHajEAH","005i0000001YLcMAAW","0","The Sting","2016-09-07 15:26:36","005i0000001YLcMAAW","2016-09-07 15:26:36","005i0000001YLcMAAW","2016-09-07 15:26:36","0","David S. Ward;","1","1973"
"a0Ni000002JIHakEAH","005i0000001YLcMAAW","0","American Graffiti","2016-09-07 15:26:36","005i0000001YLcMAAW","2016-09-07 15:26:36","005i0000001YLcMAAW","2016-09-07 15:26:36","0","George Lucas;Gloria Katz;Willard Huyck;","0","1973"
"a0Ni000002JIHalEAH","005i0000001YLcMAAW","0","Cries and Whispers","2016-09-07 15:26:36","005i0000001YLcMAAW","2016-09-07 15:26:36","005i0000001YLcMAAW","2016-09-07 15:26:36","0","Ingmar Bergman;","0","1973"
"a0Ni000002JIHamEAH","005i0000001YLcMAAW","0","Save the Tiger","2016-09-07 15:26:36","005i0000001YLcMAAW","2016-09-07 15:26:36","005i0000001YLcMAAW","2016-09-07 15:26:36","0","Steve Shagan;","0","1973"
"a0Ni000002JIHanEAH","005i0000001YLcMAAW","0","A Touch of Class","2016-09-07 15:26:36","005i0000001YLcMAAW","2016-09-07 15:26:36","005i0000001YLcMAAW","2016-09-07 15:26:36","0","Melvin Frank;Jack Rose;","0","1973"
"a0Ni000002JIHaoEAH","005i0000001YLcMAAW","0","Chinatown","2016-09-07 15:26:36","005i0000001YLcMAAW","2016-09-07 15:26:36","005i0000001YLcMAAW","2016-09-07 15:26:36","0","Robert Towne;","1","1974"
"a0Ni000002JIHapEAH","005i0000001YLcMAAW","0","Alice Doesn't Live Here Anymore","2016-09-07 15:26:36","005i0000001YLcMAAW","2016-09-07 15:26:36","005i0000001YLcMAAW","2016-09-07 15:26:36","0","Robert Getchell;","0","1974"
"a0Ni000002JIHaqEAH","005i0000001YLcMAAW","0","The Conversation","2016-09-07 15:26:36","005i0000001YLcMAAW","2016-09-07 15:26:36","005i0000001YLcMAAW","2016-09-07 15:26:36","0","Francis Ford Coppola;","0","1974"
"a0Ni000002JIHarEAH","005i0000001YLcMAAW","0","Day for Night","2016-09-07 15:26:36","005i0000001YLcMAAW","2016-09-07 15:26:36","005i0000001YLcMAAW","2016-09-07 15:26:36","0","Franois Truffaut;Jean-Louis Richard;Suzanne Schiffman;","0","1974"
"a0Ni000002JIHasEAH","005i0000001YLcMAAW","0","Harry and Tonto","2016-09-07 15:26:36","005i0000001YLcMAAW","2016-09-07 15:26:36","005i0000001YLcMAAW","2016-09-07 15:26:36","0","Paul Mazursky;Josh Greenfield;","0","1974"
"a0Ni000002JIHatEAH","005i0000001YLcMAAW","0","Dog Day Afternoon","2016-09-07 15:26:36","005i0000001YLcMAAW","2016-09-07 15:26:36","005i0000001YLcMAAW","2016-09-07 15:26:36","0","Frank Pierson;","1","1975"
"a0Ni000002JIHauEAH","005i0000001YLcMAAW","0","Amarcord","2016-09-07 15:26:36","005i0000001YLcMAAW","2016-09-07 15:26:36","005i0000001YLcMAAW","2016-09-07 15:26:36","0","Federico Fellini;Tonino Guerra;","0","1975"
"a0Ni000002JIHavEAH","005i0000001YLcMAAW","0","And Now My Love","2016-09-07 15:26:36","005i0000001YLcMAAW","2016-09-07 15:26:36","005i0000001YLcMAAW","2016-09-07 15:26:36","0","Claude Lelouch;Pierre Uytterhoeven;","0","1975"
"a0Ni000002JIHawEAH","005i0000001YLcMAAW","0","Lies My Father Told Me","2016-09-07 15:26:36","005i0000001YLcMAAW","2016-09-07 15:26:36","005i0000001YLcMAAW","2016-09-07 15:26:36","0","Ted Allan;","0","1975"
"a0Ni000002JIHaxEAH","005i0000001YLcMAAW","0","Shampoo","2016-09-07 15:26:36","005i0000001YLcMAAW","2016-09-07 15:26:36","005i0000001YLcMAAW","2016-09-07 15:26:36","0","Robert Towne;Warren Beatty;","0","1975"
"a0Ni000002JIHayEAH","005i0000001YLcMAAW","0","Network","2016-09-07 15:26:36","005i0000001YLcMAAW","2016-10-09 20:49:01","005i0000001YLcMAAW","2016-10-09 20:49:02","0","Paddy Chayefsky;","1","1976"
"a0Ni000002JIHazEAH","005i0000001YLcMAAW","0","Cousin Cousine","2016-09-07 15:26:36","005i0000001YLcMAAW","2016-10-09 20:49:06","005i0000001YLcMAAW","2016-10-09 20:49:06","1","Jean-Charles Tacchella;Daniele Thompson;","0","1976"
"a0Ni000002JIHb0EAH","005i0000001YLcMAAW","0","The Front","2016-09-07 15:26:36","005i0000001YLcMAAW","2016-09-07 15:26:36","005i0000001YLcMAAW","2016-09-07 15:26:36","0","Walter Bernstein;","0","1976"
"a0Ni000002JIHb1EAH","005i0000001YLcMAAW","0","Rocky","2016-09-07 15:26:36","005i0000001YLcMAAW","2016-10-09 20:49:10","005i0000001YLcMAAW","2016-10-09 20:49:10","1","Sylvester Stallone;","0","1976"
"a0Ni000002JIHb2EAH","005i0000001YLcMAAW","0","Seven Beauties","2016-09-07 15:26:36","005i0000001YLcMAAW","2016-09-07 15:26:36","005i0000001YLcMAAW","2016-09-07 15:26:36","0","Lina Wertmller;","0","1976"
"a0Ni000002JIHb3EAH","005i0000001YLcMAAW","0","Annie Hall","2016-09-07 15:26:36","005i0000001YLcMAAW","2016-10-09 20:48:44","005i0000001YLcMAAW","2016-10-09 20:48:44","0","Woody Allen;Marshall Brickman;","1","1977"
"a0Ni000002JIHb4EAH","005i0000001YLcMAAW","0","The Goodbye Girl","2016-09-07 15:26:36","005i0000001YLcMAAW","2016-10-09 20:48:53","005i0000001YLcMAAW","2016-10-09 20:48:53","1","Neil Simon;","0","1977"
"a0Ni000002JIHb5EAH","005i0000001YLcMAAW","0","The Late Show","2016-09-07 15:26:36","005i0000001YLcMAAW","2016-10-09 20:48:49","005i0000001YLcMAAW","2016-10-09 20:48:49","1","Robert Benton;","0","1977"
"a0Ni000002JIHb6EAH","005i0000001YLcMAAW","0","Star Wars","2016-09-07 15:26:36","005i0000001YLcMAAW","2016-10-09 20:48:46","005i0000001YLcMAAW","2016-10-09 20:48:46","1","George Lucas;","0","1977"
"a0Ni000002JIHb7EAH","005i0000001YLcMAAW","0","The Turning Point","2016-09-07 15:26:36","005i0000001YLcMAAW","2016-10-09 20:48:33","005i0000001YLcMAAW","2016-10-09 20:48:33","1","Arthur Laurents;","0","1977"
"a0Ni000002JIHb8EAH","005i0000001YLcMAAW","0","Coming Home","2016-09-07 15:26:36","005i0000001YLcMAAW","2016-09-07 15:26:36","005i0000001YLcMAAW","2016-09-07 15:26:36","0","Robert C. Jones;Waldo Salt;Nancy Dowd;","1","1978"
"a0Ni000002JIHb9EAH","005i0000001YLcMAAW","0","Autumn Sonata","2016-09-07 15:26:36","005i0000001YLcMAAW","2016-10-09 20:48:37","005i0000001YLcMAAW","2016-10-09 20:48:37","1","Ingmar Bergman;","0","1978"
"a0Ni000002JIHbAEAX","005i0000001YLcMAAW","0","The Deer Hunter","2016-09-07 15:26:36","005i0000001YLcMAAW","2016-10-09 20:48:39","005i0000001YLcMAAW","2016-10-09 20:48:39","1","Deric Washburn;Michael Cimino;Quinn K. Redeker;","0","1978"
"a0Ni000002JIHbBEAX","005i0000001YLcMAAW","0","Interiors","2016-09-07 15:26:36","005i0000001YLcMAAW","2016-09-07 15:26:36","005i0000001YLcMAAW","2016-09-07 15:26:36","0","Woody Allen;","0","1978"
"a0Ni000002JIHbCEAX","005i0000001YLcMAAW","0","An Unmarried Woman","2016-09-07 15:26:36","005i0000001YLcMAAW","2016-09-07 15:26:36","005i0000001YLcMAAW","2016-09-07 15:26:36","0","Paul Mazursky;","0","1978"
"a0Ni000002JIHbDEAX","005i0000001YLcMAAW","0","Breaking Away","2016-09-07 15:26:36","005i0000001YLcMAAW","2016-10-09 20:49:15","005i0000001YLcMAAW","2016-10-09 20:49:15","1","Steve Tesich;","1","1979"
"a0Ni000002JIHbEEAX","005i0000001YLcMAAW","0","All That Jazz","2016-09-07 15:26:36","005i0000001YLcMAAW","2016-09-07 15:26:36","005i0000001YLcMAAW","2016-09-07 15:26:36","0","Robert Alan Aurthur;Bob Fosse;","0","1979"
"a0Ni000002JIHbFEAX","005i0000001YLcMAAW","0","And Justice for All","2016-09-07 15:26:36","005i0000001YLcMAAW","2016-09-07 15:26:36","005i0000001YLcMAAW","2016-09-07 15:26:36","0","Valerie Curtin;Barry Levinson;","0","1979"
"a0Ni000002JIHbGEAX","005i0000001YLcMAAW","0","The China Syndrome","2016-09-07 15:26:36","005i0000001YLcMAAW","2016-09-07 15:26:36","005i0000001YLcMAAW","2016-09-07 15:26:36","0","Mike Gray;T. S. Cook;James Bridges;","0","1979"
"a0Ni000002JIHbHEAX","005i0000001YLcMAAW","0","Manhattan","2016-09-07 15:26:36","005i0000001YLcMAAW","2016-10-09 20:49:24","005i0000001YLcMAAW","2016-10-09 20:49:24","1","Woody Allen;Marshall Brickman;","0","1979"
"a0Ni000002JIHbIEAX","005i0000001YLcMAAW","0","Melvin and Howard","2016-09-07 15:26:36","005i0000001YLcMAAW","2016-09-07 15:26:36","005i0000001YLcMAAW","2016-09-07 15:26:36","0","Bo Goldman;","1","1980"
"a0Ni000002JIHbJEAX","005i0000001YLcMAAW","0","Brubaker","2016-09-07 15:26:36","005i0000001YLcMAAW","2016-09-07 15:26:36","005i0000001YLcMAAW","2016-09-07 15:26:36","0","W. D. Richter;Arthur A. Ross;","0","1980"
"a0Ni000002JIHbKEAX","005i0000001YLcMAAW","0","Fame","2016-09-07 15:26:36","005i0000001YLcMAAW","2016-09-07 15:26:36","005i0000001YLcMAAW","2016-09-07 15:26:36","0","","0","1980"
"a0Ni000002JIHbLEAX","005i0000001YLcMAAW","0","Mon oncle d'Amrique","2016-09-07 15:26:36","005i0000001YLcMAAW","2016-09-07 15:26:36","005i0000001YLcMAAW","2016-09-07 15:26:36","0","Jean Gruault;Henri Laborit;","0","1980"
"a0Ni000002JIHbMEAX","005i0000001YLcMAAW","0","Private Benjamin","2016-09-07 15:26:36","005i0000001YLcMAAW","2016-09-07 15:26:36","005i0000001YLcMAAW","2016-09-07 15:26:36","0","Nancy Meyers;Charles Shyer;","0","1980"
"a0Ni000002JIHbNEAX","005i0000001YLcMAAW","0","Chariots of Fire","2016-09-07 15:26:37","005i0000001YLcMAAW","2016-09-07 15:26:37","005i0000001YLcMAAW","2016-09-07 15:26:37","0","Colin Welland;","1","1981"
"a0Ni000002JIHbOEAX","005i0000001YLcMAAW","0","Absence of Malice","2016-09-07 15:26:37","005i0000001YLcMAAW","2016-09-07 15:26:37","005i0000001YLcMAAW","2016-09-07 15:26:37","0","Kurt Luedtke;","0","1981"
"a0Ni000002JIHbPEAX","005i0000001YLcMAAW","0","Arthur","2016-09-07 15:26:37","005i0000001YLcMAAW","2016-09-07 15:26:37","005i0000001YLcMAAW","2016-09-07 15:26:37","0","Steve Gordon;","0","1981"
"a0Ni000002JIHbQEAX","005i0000001YLcMAAW","0","Atlantic City","2016-09-07 15:26:37","005i0000001YLcMAAW","2016-09-07 15:26:37","005i0000001YLcMAAW","2016-09-07 15:26:37","0","John Guare;","0","1981"
"a0Ni000002JIHbREAX","005i0000001YLcMAAW","0","Reds","2016-09-07 15:26:37","005i0000001YLcMAAW","2016-09-07 15:26:37","005i0000001YLcMAAW","2016-09-07 15:26:37","0","Warren Beatty;Trevor Griffiths;","0","1981"
"a0Ni000002JIHbSEAX","005i0000001YLcMAAW","0","Gandhi","2016-09-07 15:26:37","005i0000001YLcMAAW","2016-10-09 03:46:44","005i0000001YLcMAAW","2016-10-09 03:46:44","1","John Briley;","1","1982"
"a0Ni000002JIHbTEAX","005i0000001YLcMAAW","0","Diner","2016-09-07 15:26:37","005i0000001YLcMAAW","2016-09-07 15:26:37","005i0000001YLcMAAW","2016-09-07 15:26:37","0","Barry Levinson;","0","1982"
"a0Ni000002JIHbUEAX","005i0000001YLcMAAW","0","E.T. the Extra-Terrestrial","2016-09-07 15:26:37","005i0000001YLcMAAW","2016-10-09 03:46:32","005i0000001YLcMAAW","2016-10-09 03:46:32","1","Melissa Mathison;","0","1982"
"a0Ni000002JIHbVEAX","005i0000001YLcMAAW","0","An Officer and a Gentleman","2016-09-07 15:26:37","005i0000001YLcMAAW","2016-10-09 03:46:35","005i0000001YLcMAAW","2016-10-09 03:46:35","1","Douglas Day Stewart;","0","1982"
"a0Ni000002JIHbWEAX","005i0000001YLcMAAW","0","Tootsie","2016-09-07 15:26:37","005i0000001YLcMAAW","2016-09-07 15:26:37","005i0000001YLcMAAW","2016-09-07 15:26:37","0","Larry Gelbart;Murray Schisgal;Don McGuire;","0","1982"
"a0Ni000002JIHbXEAX","005i0000001YLcMAAW","0","Tender Mercies","2016-09-07 15:26:37","005i0000001YLcMAAW","2016-09-07 15:26:37","005i0000001YLcMAAW","2016-09-07 15:26:37","0","Horton Foote;","1","1983"
"a0Ni000002JIHbYEAX","005i0000001YLcMAAW","0","The Big Chill","2016-09-07 15:26:37","005i0000001YLcMAAW","2016-09-07 15:26:37","005i0000001YLcMAAW","2016-09-07 15:26:37","0","Lawrence Kasdan;","0","1983"
"a0Ni000002JIHbZEAX","005i0000001YLcMAAW","0","Fanny and Alexander","2016-09-07 15:26:37","005i0000001YLcMAAW","2016-10-09 03:46:42","005i0000001YLcMAAW","2016-10-09 03:46:42","0","Ingmar Bergman;","0","1983"
"a0Ni000002JIHbaEAH","005i0000001YLcMAAW","0","Silkwood","2016-09-07 15:26:37","005i0000001YLcMAAW","2016-09-07 15:26:37","005i0000001YLcMAAW","2016-09-07 15:26:37","0","Nora Ephron;Alice Arlen;","0","1983"
"a0Ni000002JIHbbEAH","005i0000001YLcMAAW","0","WarGames","2016-09-07 15:26:37","005i0000001YLcMAAW","2016-09-07 15:26:37","005i0000001YLcMAAW","2016-09-07 15:26:37","0","Lawrence Lasker;Walter F. Parkes;","0","1983"
"a0Ni000002JIHbcEAH","005i0000001YLcMAAW","0","Places in the Heart","2016-09-07 15:26:37","005i0000001YLcMAAW","2016-09-07 15:26:37","005i0000001YLcMAAW","2016-09-07 15:26:37","0","Robert Benton;","1","1984"
"a0Ni000002JIHbdEAH","005i0000001YLcMAAW","0","Beverly Hills Cop","2016-09-07 15:26:37","005i0000001YLcMAAW","2016-09-07 15:26:37","005i0000001YLcMAAW","2016-09-07 15:26:37","0","Daniel Petrie Jr.;Danilo Bach;","0","1984"
"a0Ni000002JIHbeEAH","005i0000001YLcMAAW","0","Broadway Danny Rose","2016-09-07 15:26:37","005i0000001YLcMAAW","2016-10-09 03:46:48","005i0000001YLcMAAW","2016-10-09 03:46:48","1","Woody Allen;","0","1984"
"a0Ni000002JIHbfEAH","005i0000001YLcMAAW","0","El Norte","2016-09-07 15:26:37","005i0000001YLcMAAW","2016-09-07 15:26:37","005i0000001YLcMAAW","2016-09-07 15:26:37","0","Gregory Nava;Anna Thomas;","0","1984"
"a0Ni000002JIHbgEAH","005i0000001YLcMAAW","0","Splash","2016-09-07 15:26:37","005i0000001YLcMAAW","2016-09-07 15:26:37","005i0000001YLcMAAW","2016-09-07 15:26:37","0","Lowell Ganz;Babaloo Mandel;Bruce Jay Friedman;Brian Grazer;","0","1984"
"a0Ni000002JIHbhEAH","005i0000001YLcMAAW","0","Witness","2016-09-07 15:26:37","005i0000001YLcMAAW","2016-09-07 15:26:37","005i0000001YLcMAAW","2016-09-07 15:26:37","0","Earl Wallace;Pamela Wallace;","1","1985"
"a0Ni000002JIHbiEAH","005i0000001YLcMAAW","0","Back to the Future","2016-09-07 15:26:37","005i0000001YLcMAAW","2016-09-07 15:26:37","005i0000001YLcMAAW","2016-09-07 15:26:37","0","Robert Zemeckis;Bob Gale;","0","1985"
"a0Ni000002JIHbjEAH","005i0000001YLcMAAW","0","Brazil","2016-09-07 15:26:37","005i0000001YLcMAAW","2016-09-07 15:26:37","005i0000001YLcMAAW","2016-09-07 15:26:37","0","Terry Gilliam;Tom Stoppard;Charles McKeown;","0","1985"
"a0Ni000002JIHbkEAH","005i0000001YLcMAAW","0","The Official Story","2016-09-07 15:26:37","005i0000001YLcMAAW","2016-09-07 15:26:37","005i0000001YLcMAAW","2016-09-07 15:26:37","0","Luis Puenzo;Ada Bortnik;","0","1985"
"a0Ni000002JIHblEAH","005i0000001YLcMAAW","0","The Purple Rose of Cairo","2016-09-07 15:26:37","005i0000001YLcMAAW","2016-09-07 15:26:37","005i0000001YLcMAAW","2016-09-07 15:26:37","0","Woody Allen;","0","1985"
"a0Ni000002JIHbmEAH","005i0000001YLcMAAW","0","Hannah and Her Sisters","2016-09-07 15:26:37","005i0000001YLcMAAW","2016-09-07 15:26:37","005i0000001YLcMAAW","2016-09-07 15:26:37","0","Woody Allen;","1","1986"
"a0Ni000002JIHbnEAH","005i0000001YLcMAAW","0","Crocodile"" Dundee","2016-09-07 15:26:37","005i0000001YLcMAAW","2016-10-08 22:20:55","005i0000001YLcMAAW","2016-10-08 22:20:55","1","Paul Hogan;Ken Shadie;John Cornell;","0","1986"
"a0Ni000002JIHboEAH","005i0000001YLcMAAW","0","My Beautiful Laundrette","2016-09-07 15:26:37","005i0000001YLcMAAW","2016-10-07 20:11:55","005i0000001YLcMAAW","2016-10-07 20:11:55","1","Hanif Kureishi;","0","1986"
"a0Ni000002JIHbpEAH","005i0000001YLcMAAW","0","Platoon","2016-09-07 15:26:37","005i0000001YLcMAAW","2016-10-08 22:20:36","005i0000001YLcMAAW","2016-10-08 22:20:36","1","Oliver Stone;","0","1986"
"a0Ni000002JIHbqEAH","005i0000001YLcMAAW","0","Salvador","2016-09-07 15:26:37","005i0000001YLcMAAW","2016-09-07 15:26:37","005i0000001YLcMAAW","2016-09-07 15:26:37","0","Oliver Stone;","0","1986"
"a0Ni000002JIHbrEAH","005i0000001YLcMAAW","0","Moonstruck","2016-09-07 15:26:37","005i0000001YLcMAAW","2016-09-07 15:26:37","005i0000001YLcMAAW","2016-09-07 15:26:37","0","John Patrick Shanley;","1","1987"
"a0Ni000002JIHbsEAH","005i0000001YLcMAAW","0","Au revoir les enfants","2016-09-07 15:26:37","005i0000001YLcMAAW","2016-09-07 15:26:37","005i0000001YLcMAAW","2016-09-07 15:26:37","0","Louis Malle;","0","1987"
"a0Ni000002JIHbtEAH","005i0000001YLcMAAW","0","Broadcast News","2016-09-07 15:26:37","005i0000001YLcMAAW","2016-10-08 22:20:59","005i0000001YLcMAAW","2016-10-08 22:20:59","1","James L. Brooks;","0","1987"
"a0Ni000002JIHbuEAH","005i0000001YLcMAAW","0","Hope and Glory","2016-09-07 15:26:37","005i0000001YLcMAAW","2016-10-08 22:21:03","005i0000001YLcMAAW","2016-10-08 22:21:03","1","John Boorman;","0","1987"
"a0Ni000002JIHbvEAH","005i0000001YLcMAAW","0","Radio Days","2016-09-07 15:26:37","005i0000001YLcMAAW","2016-10-08 22:21:06","005i0000001YLcMAAW","2016-10-08 22:21:06","1","Woody Allen;","0","1987"
"a0Ni000002JIHbwEAH","005i0000001YLcMAAW","0","Rain Man","2016-09-07 15:26:37","005i0000001YLcMAAW","2016-10-22 21:27:59","005i0000001YLcMAAW","2016-10-22 21:27:59","1","Ronald Bass;Barry Morrow;","1","1988"
"a0Ni000002JIHbxEAH","005i0000001YLcMAAW","0","Big","2016-09-07 15:26:37","005i0000001YLcMAAW","2016-09-07 15:26:37","005i0000001YLcMAAW","2016-09-07 15:26:37","0","Gary Ross;Anne Spielberg;","0","1988"
"a0Ni000002JIHbyEAH","005i0000001YLcMAAW","0","Bull Durham","2016-09-07 15:26:37","005i0000001YLcMAAW","2016-09-07 15:26:37","005i0000001YLcMAAW","2016-09-07 15:26:37","0","Ron Shelton;","0","1988"
"a0Ni000002JIHbzEAH","005i0000001YLcMAAW","0","A Fish Called Wanda","2016-09-07 15:26:37","005i0000001YLcMAAW","2016-10-08 22:20:29","005i0000001YLcMAAW","2016-10-08 22:20:29","1","John Cleese;Charles Crichton;","0","1988"
"a0Ni000002JIHc0EAH","005i0000001YLcMAAW","0","Running on Empty","2016-09-07 15:26:37","005i0000001YLcMAAW","2016-09-07 15:26:37","005i0000001YLcMAAW","2016-09-07 15:26:37","0","Naomi Foner;","0","1988"
"a0Ni000002JIHc1EAH","005i0000001YLcMAAW","0","Dead Poets Society","2016-09-07 15:26:37","005i0000001YLcMAAW","2016-09-07 15:26:37","005i0000001YLcMAAW","2016-09-07 15:26:37","0","Tom Schulman;","1","1989"
"a0Ni000002JIHc2EAH","005i0000001YLcMAAW","0","Crimes and Misdemeanors","2016-09-07 15:26:37","005i0000001YLcMAAW","2016-10-22 21:28:07","005i0000001YLcMAAW","2016-10-22 21:28:07","0","Woody Allen;","0","1989"
"a0Ni000002JIHc3EAH","005i0000001YLcMAAW","0","Do the Right Thing","2016-09-07 15:26:37","005i0000001YLcMAAW","2016-10-22 21:28:05","005i0000001YLcMAAW","2016-10-22 21:28:05","1","Spike Lee;","0","1989"
"a0Ni000002JIHc4EAH","005i0000001YLcMAAW","0","Sex, Lies, and Videotape","2016-09-07 15:26:37","005i0000001YLcMAAW","2016-09-07 15:26:37","005i0000001YLcMAAW","2016-09-07 15:26:37","0","Steven Soderbergh;","0","1989"
"a0Ni000002JIHc5EAH","005i0000001YLcMAAW","0","When Harry Met Sally","2016-09-07 15:26:37","005i0000001YLcMAAW","2016-10-13 14:55:26","005i0000001YLcMAAW","2016-10-13 14:55:26","1","Nora Ephron;","0","1989"
"a0Ni000002JIHc6EAH","005i0000001YLcMAAW","0","Ghost","2016-09-07 15:26:37","005i0000001YLcMAAW","2016-09-07 15:26:37","005i0000001YLcMAAW","2016-09-07 15:26:37","0","Bruce Joel Rubin;","1","1990"
"a0Ni000002JIHc7EAH","005i0000001YLcMAAW","0","Alice","2016-09-07 15:26:37","005i0000001YLcMAAW","2016-09-07 15:26:37","005i0000001YLcMAAW","2016-09-07 15:26:37","0","Woody Allen;","0","1990"
"a0Ni000002JIHc8EAH","005i0000001YLcMAAW","0","Avalon","2016-09-07 15:26:37","005i0000001YLcMAAW","2016-09-07 15:26:37","005i0000001YLcMAAW","2016-09-07 15:26:37","0","Barry Levinson;","0","1990"
"a0Ni000002JIHc9EAH","005i0000001YLcMAAW","0","Green Card","2016-09-07 15:26:37","005i0000001YLcMAAW","2016-09-07 15:26:37","005i0000001YLcMAAW","2016-09-07 15:26:37","0","Peter Weir;","0","1990"
"a0Ni000002JIHcAEAX","005i0000001YLcMAAW","0","Metropolitan","2016-09-07 15:26:37","005i0000001YLcMAAW","2016-09-07 15:26:37","005i0000001YLcMAAW","2016-09-07 15:26:37","0","Whit Stillman;","0","1990"
"a0Ni000002JIHcBEAX","005i0000001YLcMAAW","0","Thelma & Louise","2016-09-07 15:26:37","005i0000001YLcMAAW","2016-09-07 15:26:37","005i0000001YLcMAAW","2016-09-07 15:26:37","0","Callie Khouri;","1","1991"
"a0Ni000002JIHcCEAX","005i0000001YLcMAAW","0","Boyz n the Hood","2016-09-07 15:26:37","005i0000001YLcMAAW","2016-09-07 15:26:37","005i0000001YLcMAAW","2016-09-07 15:26:37","0","John Singleton;","0","1991"
"a0Ni000002JIHcDEAX","005i0000001YLcMAAW","0","Bugsy","2016-09-07 15:26:37","005i0000001YLcMAAW","2016-09-07 15:26:37","005i0000001YLcMAAW","2016-09-07 15:26:37","0","James Toback;","0","1991"
"a0Ni000002JIHcEEAX","005i0000001YLcMAAW","0","The Fisher King","2016-09-07 15:26:37","005i0000001YLcMAAW","2016-09-07 15:26:37","005i0000001YLcMAAW","2016-09-07 15:26:37","0","Richard LaGravenese;","0","1991"
"a0Ni000002JIHcFEAX","005i0000001YLcMAAW","0","Grand Canyon","2016-09-07 15:26:37","005i0000001YLcMAAW","2016-09-07 15:26:37","005i0000001YLcMAAW","2016-09-07 15:26:37","0","Lawrence Kasdan;","0","1991"
"a0Ni000002JIHcGEAX","005i0000001YLcMAAW","0","The Crying Game","2016-09-07 15:26:37","005i0000001YLcMAAW","2016-09-07 15:26:37","005i0000001YLcMAAW","2016-09-07 15:26:37","0","Neil Jordan;","1","1992"
"a0Ni000002JIHcHEAX","005i0000001YLcMAAW","0","Husbands and Wives","2016-09-07 15:26:37","005i0000001YLcMAAW","2016-09-07 15:26:37","005i0000001YLcMAAW","2016-09-07 15:26:37","0","Woody Allen;","0","1992"
"a0Ni000002JIHcIEAX","005i0000001YLcMAAW","0","Lorenzo's Oil","2016-09-07 15:26:37","005i0000001YLcMAAW","2016-09-07 15:26:37","005i0000001YLcMAAW","2016-09-07 15:26:37","0","Nick Enright;George Miller;","0","1992"
"a0Ni000002JIHcJEAX","005i0000001YLcMAAW","0","Passion Fish","2016-09-07 15:26:37","005i0000001YLcMAAW","2016-09-07 15:26:37","005i0000001YLcMAAW","2016-09-07 15:26:37","0","John Sayles;","0","1992"
"a0Ni000002JIHcKEAX","005i0000001YLcMAAW","0","Unforgiven","2016-09-07 15:26:37","005i0000001YLcMAAW","2016-09-07 15:26:37","005i0000001YLcMAAW","2016-09-07 15:26:37","0","David Webb Peoples;","0","1992"
"a0Ni000002JIHcLEAX","005i0000001YLcMAAW","0","The Piano","2016-09-07 15:26:37","005i0000001YLcMAAW","2016-09-07 15:26:37","005i0000001YLcMAAW","2016-09-07 15:26:37","0","Jane Campion;","1","1993"
"a0Ni000002JIHcMEAX","005i0000001YLcMAAW","0","Dave","2016-09-07 15:26:37","005i0000001YLcMAAW","2016-09-07 15:26:37","005i0000001YLcMAAW","2016-09-07 15:26:37","0","Gary Ross;","0","1993"
"a0Ni000002JIHcNEAX","005i0000001YLcMAAW","0","In the Line of Fire","2016-09-07 15:26:37","005i0000001YLcMAAW","2016-09-07 15:26:37","005i0000001YLcMAAW","2016-09-07 15:26:37","0","Jeff Maguire;","0","1993"
"a0Ni000002JIHcOEAX","005i0000001YLcMAAW","0","Philadelphia","2016-09-07 15:26:37","005i0000001YLcMAAW","2016-10-05 00:45:50","005i0000001YLcMAAW","2016-10-05 00:45:50","1","Ron Nyswaner;","0","1993"
"a0Ni000002JIHcPEAX","005i0000001YLcMAAW","0","Sleepless in Seattle","2016-09-07 15:26:37","005i0000001YLcMAAW","2016-09-07 15:26:37","005i0000001YLcMAAW","2016-09-07 15:26:37","0","Nora Ephron;David S. Ward;","0","1993"
"a0Ni000002JIHcQEAX","005i0000001YLcMAAW","0","Pulp Fiction","2016-09-07 15:26:37","005i0000001YLcMAAW","2016-10-07 20:11:42","005i0000001YLcMAAW","2016-10-07 20:11:42","1","Quentin Tarantino;Roger Avary;","1","1994"
"a0Ni000002JIHcREAX","005i0000001YLcMAAW","0","Bullets Over Broadway","2016-09-07 15:26:37","005i0000001YLcMAAW","2016-09-07 15:26:37","005i0000001YLcMAAW","2016-09-07 15:26:37","0","Woody Allen;Douglas McGrath;","0","1994"
"a0Ni000002JIHcSEAX","005i0000001YLcMAAW","0","Four Weddings and a Funeral","2016-09-07 15:26:37","005i0000001YLcMAAW","2016-09-07 15:26:37","005i0000001YLcMAAW","2016-09-07 15:26:37","0","Richard Curtis;","0","1994"
"a0Ni000002JIHcTEAX","005i0000001YLcMAAW","0","Heavenly Creatures","2016-09-07 15:26:37","005i0000001YLcMAAW","2016-09-07 15:26:37","005i0000001YLcMAAW","2016-09-07 15:26:37","0","Peter Jackson;Fran Walsh;","0","1994"
"a0Ni000002JIHcUEAX","005i0000001YLcMAAW","0","Three Colors: Red","2016-09-07 15:26:37","005i0000001YLcMAAW","2016-09-07 15:26:37","005i0000001YLcMAAW","2016-09-07 15:26:37","0","Krzysztof Kielowski;Krzysztof Piesiewicz;","0","1994"
"a0Ni000002JIHcVEAX","005i0000001YLcMAAW","0","The Usual Suspects","2016-09-07 15:26:37","005i0000001YLcMAAW","2016-09-07 15:26:37","005i0000001YLcMAAW","2016-09-07 15:26:37","0","Christopher McQuarrie;","1","1995"
"a0Ni000002JIHcWEAX","005i0000001YLcMAAW","0","Braveheart","2016-09-07 15:26:37","005i0000001YLcMAAW","2016-09-07 15:26:37","005i0000001YLcMAAW","2016-09-07 15:26:37","0","Randall Wallace;","0","1995"
"a0Ni000002JIHcXEAX","005i0000001YLcMAAW","0","Mighty Aphrodite","2016-09-07 15:26:37","005i0000001YLcMAAW","2016-10-07 20:17:57","005i0000001YLcMAAW","2016-10-07 20:17:57","1","Woody Allen;","0","1995"
"a0Ni000002JIHcYEAX","005i0000001YLcMAAW","0","Nixon","2016-09-07 15:26:37","005i0000001YLcMAAW","2016-09-07 15:26:37","005i0000001YLcMAAW","2016-09-07 15:26:37","0","Christopher Wilkinson;Oliver Stone;","0","1995"
"a0Ni000002JIHcZEAX","005i0000001YLcMAAW","0","Toy Story","2016-09-07 15:26:37","005i0000001YLcMAAW","2016-10-05 00:44:56","005i0000001YLcMAAW","2016-10-05 00:44:56","1","Joss Whedon;Andrew Stanton;Joel Cohen;Alec Sokolow;John Lasseter;Pete Docter;Joe Ranft;","0","1995"
"a0Ni000002JIHcaEAH","005i0000001YLcMAAW","0","Fargo","2016-09-07 15:26:37","005i0000001YLcMAAW","2016-09-07 15:26:37","005i0000001YLcMAAW","2016-09-07 15:26:37","0","Joel Coen and Ethan Coen;","1","1996"
"a0Ni000002JIHcbEAH","005i0000001YLcMAAW","0","Jerry Maguire","2016-09-07 15:26:37","005i0000001YLcMAAW","2016-09-07 15:26:37","005i0000001YLcMAAW","2016-09-07 15:26:37","1","Cameron Crowe;","0","1996"
"a0Ni000002JIHccEAH","005i0000001YLcMAAW","0","Lone Star","2016-09-07 15:26:37","005i0000001YLcMAAW","2016-10-07 20:27:56","005i0000001YLcMAAW","2016-10-07 20:27:56","1","John Sayles;","0","1996"
"a0Ni000002JIHcdEAH","005i0000001YLcMAAW","0","Secrets & Lies","2016-09-07 15:26:37","005i0000001YLcMAAW","2016-10-07 20:33:37","005i0000001YLcMAAW","2016-10-07 20:33:37","1","Mike Leigh;","0","1996"
"a0Ni000002JIHceEAH","005i0000001YLcMAAW","0","Shine","2016-09-07 15:26:37","005i0000001YLcMAAW","2016-09-07 15:26:37","005i0000001YLcMAAW","2016-09-07 15:26:37","0","Jan Sardi;Scott Hicks;","0","1996"
"a0Ni000002JIHcfEAH","005i0000001YLcMAAW","0","Good Will Hunting","2016-09-07 15:26:37","005i0000001YLcMAAW","2016-09-07 15:26:37","005i0000001YLcMAAW","2016-09-07 15:26:37","0","Ben Affleck;Matt Damon;","1","1997"
"a0Ni000002JIHcgEAH","005i0000001YLcMAAW","0","As Good as It Gets","2016-09-07 15:26:37","005i0000001YLcMAAW","2016-09-07 15:26:37","005i0000001YLcMAAW","2016-09-07 15:26:37","1","Mark Andrus;James L. Brooks;","0","1997"
"a0Ni000002JIHchEAH","005i0000001YLcMAAW","0","Boogie Nights","2016-09-07 15:26:37","005i0000001YLcMAAW","2016-09-07 15:26:37","005i0000001YLcMAAW","2016-09-07 15:26:37","0","Paul Thomas Anderson;","0","1997"
"a0Ni000002JIHciEAH","005i0000001YLcMAAW","0","Deconstructing Harry","2016-09-07 15:26:37","005i0000001YLcMAAW","2016-09-07 15:26:37","005i0000001YLcMAAW","2016-09-07 15:26:37","0","Woody Allen;","0","1997"
"a0Ni000002JIHcjEAH","005i0000001YLcMAAW","0","The Full Monty","2016-09-07 15:26:37","005i0000001YLcMAAW","2016-10-07 20:36:29","005i0000001YLcMAAW","2016-10-07 20:36:29","1","Simon Beaufoy;","0","1997"
"a0Ni000002JIHckEAH","005i0000001YLcMAAW","0","Shakespeare in Love","2016-09-07 15:26:37","005i0000001YLcMAAW","2016-09-07 15:26:37","005i0000001YLcMAAW","2016-09-07 15:26:37","1","Marc Norman;Tom Stoppard;","1","1998"
"a0Ni000002JIHclEAH","005i0000001YLcMAAW","0","Bulworth","2016-09-07 15:26:37","005i0000001YLcMAAW","2016-09-07 15:26:37","005i0000001YLcMAAW","2016-09-07 15:26:37","0","Warren Beatty;Jeremy Pikser;","0","1998"
"a0Ni000002JIHcmEAH","005i0000001YLcMAAW","0","Life Is Beautiful","2016-09-07 15:26:37","005i0000001YLcMAAW","2016-09-07 15:26:37","005i0000001YLcMAAW","2016-09-07 15:26:37","0","Roberto Benigni;Vincenzo Cerami;","0","1998"
"a0Ni000002JIHcnEAH","005i0000001YLcMAAW","0","Saving Private Ryan","2016-09-07 15:26:37","005i0000001YLcMAAW","2016-09-07 15:26:37","005i0000001YLcMAAW","2016-09-07 15:26:37","0","Robert Rodat;","0","1998"
"a0Ni000002JIHcoEAH","005i0000001YLcMAAW","0","The Truman Show","2016-09-07 15:26:37","005i0000001YLcMAAW","2016-09-07 15:26:37","005i0000001YLcMAAW","2016-09-07 15:26:37","0","Andrew Niccol;","0","1998"
"a0Ni000002JIHcpEAH","005i0000001YLcMAAW","0","American Beauty","2016-09-07 15:26:37","005i0000001YLcMAAW","2016-09-07 15:26:37","005i0000001YLcMAAW","2016-09-07 15:26:37","1","Alan Ball;","1","1999"
"a0Ni000002JIHcqEAH","005i0000001YLcMAAW","0","Being John Malkovich","2016-09-07 15:26:37","005i0000001YLcMAAW","2016-09-07 15:26:37","005i0000001YLcMAAW","2016-09-07 15:26:37","0","Charlie Kaufman;","0","1999"
"a0Ni000002JIHcrEAH","005i0000001YLcMAAW","0","Magnolia","2016-09-07 15:26:37","005i0000001YLcMAAW","2016-09-07 15:26:37","005i0000001YLcMAAW","2016-09-07 15:26:37","0","Paul Thomas Anderson;","0","1999"
"a0Ni000002JIHcsEAH","005i0000001YLcMAAW","0","The Sixth Sense","2016-09-07 15:26:37","005i0000001YLcMAAW","2016-10-05 00:45:33","005i0000001YLcMAAW","2016-10-05 00:45:33","1","M. Night Shyamalan;","0","1999"
"a0Ni000002JIHctEAH","005i0000001YLcMAAW","0","Topsy-Turvy","2016-09-07 15:26:37","005i0000001YLcMAAW","2016-09-13 20:21:00","005i0000001YLcMAAW","2016-09-13 20:21:00","0","Mike Leigh;","0","1999"
"a0Ni000002JIHcuEAH","005i0000001YLcMAAW","0","Almost Famous","2016-09-07 15:26:37","005i0000001YLcMAAW","2016-09-07 15:26:37","005i0000001YLcMAAW","2016-09-07 15:26:37","0","Cameron Crowe;","1","2000"
"a0Ni000002JIHcvEAH","005i0000001YLcMAAW","0","Billy Elliot","2016-09-07 15:26:37","005i0000001YLcMAAW","2016-09-07 15:26:37","005i0000001YLcMAAW","2016-09-07 15:26:37","0","Lee Hall;","0","2000"
"a0Ni000002JIHcwEAH","005i0000001YLcMAAW","0","Erin Brockovich","2016-09-07 15:26:37","005i0000001YLcMAAW","2016-09-07 15:26:37","005i0000001YLcMAAW","2016-09-07 15:26:37","0","Susannah Grant;","0","2000"
"a0Ni000002JIHcxEAH","005i0000001YLcMAAW","0","Gladiator","2016-09-07 15:26:37","005i0000001YLcMAAW","2016-09-07 15:26:37","005i0000001YLcMAAW","2016-09-07 15:26:37","0","David Franzoni;John Logan;William Nicholson;","0","2000"
"a0Ni000002JIHcyEAH","005i0000001YLcMAAW","0","You Can Count on Me","2016-09-07 15:26:37","005i0000001YLcMAAW","2016-09-07 15:26:37","005i0000001YLcMAAW","2016-09-07 15:26:37","1","Kenneth Lonergan;","0","2000"
"a0Ni000002JIHczEAH","005i0000001YLcMAAW","0","Gosford Park","2016-09-07 15:26:37","005i0000001YLcMAAW","2016-09-07 15:26:37","005i0000001YLcMAAW","2016-09-07 15:26:37","0","Julian Fellowes;","1","2001"
"a0Ni000002JIHd0EAH","005i0000001YLcMAAW","0","Amlie","2016-09-07 15:26:37","005i0000001YLcMAAW","2016-09-07 15:26:37","005i0000001YLcMAAW","2016-09-07 15:26:37","0","Jean-Pierre Jeunet;","0","2001"
"a0Ni000002JIHd1EAH","005i0000001YLcMAAW","0","Memento","2016-09-07 15:26:37","005i0000001YLcMAAW","2016-09-07 15:26:37","005i0000001YLcMAAW","2016-09-07 15:26:37","0","Christopher Nolan;Jonathan Nolan;","0","2001"
"a0Ni000002JIHd2EAH","005i0000001YLcMAAW","0","Monster's Ball","2016-09-07 15:26:37","005i0000001YLcMAAW","2016-09-07 15:26:37","005i0000001YLcMAAW","2016-09-07 15:26:37","0","","0","2001"
"a0Ni000002JIHd3EAH","005i0000001YLcMAAW","0","The Royal Tenenbaums","2016-09-07 15:26:37","005i0000001YLcMAAW","2016-09-07 15:26:37","005i0000001YLcMAAW","2016-09-07 15:26:37","1","Wes Anderson;Owen Wilson;","0","2001"
"a0Ni000002JIHd4EAH","005i0000001YLcMAAW","0","Talk to Her","2016-09-07 15:26:37","005i0000001YLcMAAW","2016-09-07 15:26:37","005i0000001YLcMAAW","2016-09-07 15:26:37","0","Pedro Almodvar;","1","2002"
"a0Ni000002JIHd5EAH","005i0000001YLcMAAW","0","Far from Heaven","2016-09-07 15:26:37","005i0000001YLcMAAW","2016-09-07 15:26:37","005i0000001YLcMAAW","2016-09-07 15:26:37","0","Todd Haynes;","0","2002"
"a0Ni000002JIHd6EAH","005i0000001YLcMAAW","0","Gangs of New York","2016-09-07 15:26:37","005i0000001YLcMAAW","2016-09-07 15:26:37","005i0000001YLcMAAW","2016-09-07 15:26:37","0","Jay Cocks;Steven Zaillian;Kenneth Lonergan;","0","2002"
"a0Ni000002JIHd7EAH","005i0000001YLcMAAW","0","My Big Fat Greek Wedding","2016-09-07 15:26:37","005i0000001YLcMAAW","2016-09-07 15:26:37","005i0000001YLcMAAW","2016-09-07 15:26:37","0","Nia Vardalos;","0","2002"
"a0Ni000002JIHd8EAH","005i0000001YLcMAAW","0","Y Tu Mam Tambin","2016-09-07 15:26:37","005i0000001YLcMAAW","2016-09-07 15:26:37","005i0000001YLcMAAW","2016-09-07 15:26:37","0","Alfonso Cuarn;Carlos Cuarn;","0","2002"
"a0Ni000002JIHd9EAH","005i0000001YLcMAAW","0","Lost in Translation","2016-09-07 15:26:37","005i0000001YLcMAAW","2016-09-07 15:26:37","005i0000001YLcMAAW","2016-09-07 15:26:37","0","Sofia Coppola;","1","2003"
"a0Ni000002JIHdAEAX","005i0000001YLcMAAW","0","The Barbarian Invasions","2016-09-07 15:26:37","005i0000001YLcMAAW","2016-09-07 15:26:37","005i0000001YLcMAAW","2016-09-07 15:26:37","0","Denys Arcand;","0","2003"
"a0Ni000002JIHdBEAX","005i0000001YLcMAAW","0","Dirty Pretty Things","2016-09-07 15:26:37","005i0000001YLcMAAW","2016-09-07 15:26:37","005i0000001YLcMAAW","2016-09-07 15:26:37","0","Steven Knight;","0","2003"
"a0Ni000002JIHdCEAX","005i0000001YLcMAAW","0","Finding Nemo","2016-09-07 15:26:37","005i0000001YLcMAAW","2016-09-07 15:26:37","005i0000001YLcMAAW","2016-09-07 15:26:37","0","Andrew Stanton;Bob Peterson;David Reynolds;","0","2003"
"a0Ni000002JIHdDEAX","005i0000001YLcMAAW","0","In America","2016-09-07 15:26:37","005i0000001YLcMAAW","2016-09-07 15:26:37","005i0000001YLcMAAW","2016-09-07 15:26:37","0","Jim Sheridan;Kirsten Sheridan;","0","2003"
"a0Ni000002JIHdEEAX","005i0000001YLcMAAW","0","Eternal Sunshine of the Spotless Mind","2016-09-07 15:26:37","005i0000001YLcMAAW","2016-09-07 15:26:37","005i0000001YLcMAAW","2016-09-07 15:26:37","1","Charlie Kaufman;Michel Gondry;Pierre Bismuth;","1","2004"
"a0Ni000002JIHdFEAX","005i0000001YLcMAAW","0","The Aviator","2016-09-07 15:26:37","005i0000001YLcMAAW","2016-09-07 15:26:37","005i0000001YLcMAAW","2016-09-07 15:26:37","0","John Logan;","0","2004"
"a0Ni000002JIHdGEAX","005i0000001YLcMAAW","0","Hotel Rwanda","2016-09-07 15:26:37","005i0000001YLcMAAW","2016-09-07 15:26:37","005i0000001YLcMAAW","2016-09-07 15:26:37","0","Terry George;Keir Pearson;","0","2004"
"a0Ni000002JIHdHEAX","005i0000001YLcMAAW","0","The Incredibles","2016-09-07 15:26:37","005i0000001YLcMAAW","2016-09-07 15:26:37","005i0000001YLcMAAW","2016-09-07 15:26:37","0","Brad Bird;","0","2004"
"a0Ni000002JIHdIEAX","005i0000001YLcMAAW","0","Vera Drake","2016-09-07 15:26:37","005i0000001YLcMAAW","2016-09-07 15:26:37","005i0000001YLcMAAW","2016-09-07 15:26:37","0","Mike Leigh;","0","2004"
"a0Ni000002JIHdJEAX","005i0000001YLcMAAW","0","Crash","2016-09-07 15:26:37","005i0000001YLcMAAW","2016-10-05 21:13:54","005i0000001YLcMAAW","2016-10-05 21:13:54","1","Paul Haggis;Bobby Moresco;","1","2005"
"a0Ni000002JIHdKEAX","005i0000001YLcMAAW","0","Good Night, and Good Luck","2016-09-07 15:26:37","005i0000001YLcMAAW","2016-09-07 15:26:37","005i0000001YLcMAAW","2016-09-07 15:26:37","0","George Clooney;Grant Heslov;","0","2005"
"a0Ni000002JIHdLEAX","005i0000001YLcMAAW","0","Match Point","2016-09-07 15:26:37","005i0000001YLcMAAW","2016-09-07 15:26:37","005i0000001YLcMAAW","2016-09-07 15:26:37","0","Woody Allen;","0","2005"
"a0Ni000002JIHdMEAX","005i0000001YLcMAAW","0","The Squid and the Whale","2016-09-07 15:26:37","005i0000001YLcMAAW","2016-09-07 15:26:37","005i0000001YLcMAAW","2016-09-07 15:26:37","0","Noah Baumbach;","0","2005"
"a0Ni000002JIHdNEAX","005i0000001YLcMAAW","0","Syriana","2016-09-07 15:26:37","005i0000001YLcMAAW","2016-09-07 15:26:37","005i0000001YLcMAAW","2016-09-07 15:26:37","0","Stephen Gaghan;","0","2005"
"a0Ni000002JIHdOEAX","005i0000001YLcMAAW","0","Little Miss Sunshine","2016-09-07 15:26:37","005i0000001YLcMAAW","2016-10-09 20:49:02","005i0000001YLcMAAW","2016-10-09 20:49:02","0","Michael Arndt;","1","2006"
"a0Ni000002JIHdPEAX","005i0000001YLcMAAW","0","Babel","2016-09-07 15:26:37","005i0000001YLcMAAW","2016-12-01 22:24:11","005i0000001YLcMAAW","2016-12-01 22:24:11","0","Guillermo Arriaga;","0","2006"
"a0Ni000002JIHdQEAX","005i0000001YLcMAAW","0","Letters from Iwo Jima","2016-09-07 15:26:37","005i0000001YLcMAAW","2016-12-01 22:24:11","005i0000001YLcMAAW","2016-12-01 22:24:11","0","Iris Yamashita;Paul Haggis;","0","2006"
"a0Ni000002JIHdREAX","005i0000001YLcMAAW","0","Pan's Labyrinth","2016-09-07 15:26:37","005i0000001YLcMAAW","2016-12-01 22:24:11","005i0000001YLcMAAW","2016-12-01 22:24:11","0","Guillermo del Toro;","0","2006"
"a0Ni000002JIHdSEAX","005i0000001YLcMAAW","0","The Queen","2016-09-07 15:26:37","005i0000001YLcMAAW","2016-10-07 20:11:56","005i0000001YLcMAAW","2016-10-07 20:11:56","0","Peter Morgan;","0","2006"
"a0Ni000002JIHdTEAX","005i0000001YLcMAAW","0","Juno","2016-09-07 15:26:37","005i0000001YLcMAAW","2016-10-09 20:48:44","005i0000001YLcMAAW","2016-10-09 20:48:44","0","Diablo Cody;","1","2007"
"a0Ni000002JIHdUEAX","005i0000001YLcMAAW","0","Lars and the Real Girl","2016-09-07 15:26:37","005i0000001YLcMAAW","2017-02-09 20:13:28","005i0000001YLcMAAW","2017-02-09 20:13:28","0","Nancy Oliver;","0","2007"
"a0Ni000002JIHdVEAX","005i0000001YLcMAAW","0","Michael Clayton","2016-09-07 15:26:37","005i0000001YLcMAAW","2016-12-01 22:24:11","005i0000001YLcMAAW","2016-12-01 22:24:11","0","Tony Gilroy;","0","2007"
"a0Ni000002JIHdWEAX","005i0000001YLcMAAW","0","Ratatouille","2016-09-07 15:26:37","005i0000001YLcMAAW","2016-12-01 22:24:11","005i0000001YLcMAAW","2016-12-01 22:24:11","0","Brad Bird;Jan Pinkava;","0","2007"
"a0Ni000002JIHdXEAX","005i0000001YLcMAAW","0","The Savages","2016-09-07 15:26:37","005i0000001YLcMAAW","2016-12-01 22:24:11","005i0000001YLcMAAW","2016-12-01 22:24:11","0","Tamara Jenkins;","0","2007"
"a0Ni000002JIHdYEAX","005i0000001YLcMAAW","0","Milk","2016-09-07 15:26:37","005i0000001YLcMAAW","2016-12-01 22:24:11","005i0000001YLcMAAW","2016-12-01 22:24:11","0","Dustin Lance Black;","1","2008"
"a0Ni000002JIHdZEAX","005i0000001YLcMAAW","0","Frozen River","2016-09-07 15:26:37","005i0000001YLcMAAW","2016-10-10 17:17:56","005i0000001YLcMAAW","2016-10-10 17:17:56","0","Courtney Hunt;","0","2008"
"a0Ni000002JIHdaEAH","005i0000001YLcMAAW","0","Happy-Go-Lucky","2016-09-07 15:26:37","005i0000001YLcMAAW","2016-10-10 17:17:56","005i0000001YLcMAAW","2016-10-10 17:17:56","0","Mike Leigh;","0","2008"
"a0Ni000002JIHdbEAH","005i0000001YLcMAAW","0","In Bruges","2016-09-07 15:26:37","005i0000001YLcMAAW","2016-12-01 22:24:11","005i0000001YLcMAAW","2016-12-01 22:24:11","0","Martin McDonagh;","0","2008"
"a0Ni000002JIHdcEAH","005i0000001YLcMAAW","0","WALL-E","2016-09-07 15:26:37","005i0000001YLcMAAW","2016-10-10 17:18:00","005i0000001YLcMAAW","2016-10-10 17:18:00","0","Andrew Stanton;Jim Reardon;Pete Docter;","0","2008"
"a0Ni000002JIHddEAH","005i0000001YLcMAAW","0","The Hurt Locker","2016-09-07 15:26:37","005i0000001YLcMAAW","2016-10-10 17:17:56","005i0000001YLcMAAW","2016-10-10 17:17:56","0","Mark Boal;","1","2009"
"a0Ni000002JIHdeEAH","005i0000001YLcMAAW","0","Inglourious Basterds","2016-09-07 15:26:37","005i0000001YLcMAAW","2016-10-22 21:28:07","005i0000001YLcMAAW","2016-10-22 21:28:07","0","Quentin Tarantino;","0","2009"
"a0Ni000002JIHdfEAH","005i0000001YLcMAAW","0","The Messenger","2016-09-07 15:26:37","005i0000001YLcMAAW","2016-12-01 22:24:11","005i0000001YLcMAAW","2016-12-01 22:24:11","0","Alessandro Camon;Oren Moverman;","0","2009"
"a0Ni000002JIHdgEAH","005i0000001YLcMAAW","0","A Serious Man","2016-09-07 15:26:37","005i0000001YLcMAAW","2016-10-07 20:11:56","005i0000001YLcMAAW","2016-10-07 20:11:56","0","Joel Coen Ethan Coen;","0","2009"
"a0Ni000002JIHdhEAH","005i0000001YLcMAAW","0","Up","2016-09-07 15:26:37","005i0000001YLcMAAW","2016-12-01 22:24:11","005i0000001YLcMAAW","2016-12-01 22:24:11","0","Bob Peterson;Pete Docter;Tom McCarthy;","0","2009"
"a0Ni000002JIHdiEAH","005i0000001YLcMAAW","0","The King's Speech","2016-09-07 15:26:37","005i0000001YLcMAAW","2016-10-07 20:11:56","005i0000001YLcMAAW","2016-10-07 20:11:56","0","David Seidler;","1","2010"
"a0Ni000002JIHdjEAH","005i0000001YLcMAAW","0","Another Year","2016-09-07 15:26:37","005i0000001YLcMAAW","2016-10-07 23:36:34","005i0000001YLcMAAW","2016-10-07 23:36:34","0","Mike Leigh;","0","2010"
"a0Ni000002JIHdkEAH","005i0000001YLcMAAW","0","The Fighter","2016-09-07 15:26:37","005i0000001YLcMAAW","2016-09-07 15:26:37","005i0000001YLcMAAW","2016-09-07 15:26:37","0","Scott Silver;","0","2010"
"a0Ni000002JIHdlEAH","005i0000001YLcMAAW","0","Inception","2016-09-07 15:26:37","005i0000001YLcMAAW","2016-10-07 23:35:47","005i0000001YLcMAAW","2016-10-07 23:35:47","0","Christopher Nolan;","0","2010"
"a0Ni000002JIHdmEAH","005i0000001YLcMAAW","0","The Kids Are All Right","2016-09-07 15:26:37","005i0000001YLcMAAW","2016-10-07 20:11:56","005i0000001YLcMAAW","2016-10-07 20:11:56","0","Lisa Cholodenko;Stuart Blumberg;","0","2010"
"a0Ni000002JIHdnEAH","005i0000001YLcMAAW","0","Midnight in Paris","2016-09-07 15:26:37","005i0000001YLcMAAW","2017-02-09 20:13:28","005i0000001YLcMAAW","2017-02-09 20:13:28","1","Woody Allen;","1","2011"
"a0Ni000002JIHdoEAH","005i0000001YLcMAAW","0","The Artist","2016-09-07 15:26:37","005i0000001YLcMAAW","2016-09-07 15:26:37","005i0000001YLcMAAW","2016-09-07 15:26:37","0","Michel Hazanavicius;","0","2011"
"a0Ni000002JIHdpEAH","005i0000001YLcMAAW","0","Bridesmaids","2016-09-07 15:26:37","005i0000001YLcMAAW","2017-02-09 20:13:28","005i0000001YLcMAAW","2017-02-09 20:13:28","1","Kristen Wiig;Annie Mumolo;","0","2011"
"a0Ni000002JIHdqEAH","005i0000001YLcMAAW","0","Margin Call","2016-09-07 15:26:37","005i0000001YLcMAAW","2017-02-09 20:13:28","005i0000001YLcMAAW","2017-02-09 20:13:28","1","J. C. Chandor;","0","2011"
"a0Ni000002JIHdrEAH","005i0000001YLcMAAW","0","A Separation","2016-09-07 15:26:37","005i0000001YLcMAAW","2016-09-07 15:26:37","005i0000001YLcMAAW","2016-09-07 15:26:37","0","Asghar Farhadi;","0","2011"
"a0Ni000002JIHdsEAH","005i0000001YLcMAAW","0","Django Unchained","2016-09-07 15:26:37","005i0000001YLcMAAW","2017-02-09 20:13:28","005i0000001YLcMAAW","2017-02-09 20:13:28","1","Quentin Tarantino;","1","2012"
"a0Ni000002JIHdtEAH","005i0000001YLcMAAW","0","Amour","2016-09-07 15:26:37","005i0000001YLcMAAW","2016-12-01 22:24:11","005i0000001YLcMAAW","2016-12-01 22:24:11","1","Michael Haneke;","0","2012"
"a0Ni000002JIHduEAH","005i0000001YLcMAAW","0","Flight","2016-09-07 15:26:37","005i0000001YLcMAAW","2017-02-09 20:13:28","005i0000001YLcMAAW","2017-02-09 20:13:28","0","John Gatins;","0","2012"
"a0Ni000002JIHdvEAH","005i0000001YLcMAAW","0","Moonrise Kingdom","2016-09-07 15:26:37","005i0000001YLcMAAW","2017-02-09 20:13:28","005i0000001YLcMAAW","2017-02-09 20:13:28","1","Wes Anderson;Roman Coppola;","0","2012"
"a0Ni000002JIHdwEAH","005i0000001YLcMAAW","0","Zero Dark Thirty","2016-09-07 15:26:37","005i0000001YLcMAAW","2017-02-09 20:13:28","005i0000001YLcMAAW","2017-02-09 20:13:28","1","Mark Boal;","0","2012"
"a0Ni000002JIHdxEAH","005i0000001YLcMAAW","0","Her","2016-09-07 15:26:37","005i0000001YLcMAAW","2016-10-08 22:58:34","005i0000001YLcMAAW","2016-10-08 22:58:34","0","Spike Jonze;","1","2013"
"a0Ni000002JIHdyEAH","005i0000001YLcMAAW","0","American Hustle","2016-09-07 15:26:37","005i0000001YLcMAAW","2017-02-09 20:13:28","005i0000001YLcMAAW","2017-02-09 20:13:28","1","Eric Warren Singer;David O. Russell;","0","2013"
"a0Ni000002JIHdzEAH","005i0000001YLcMAAW","0","Blue Jasmine","2016-09-07 15:26:37","005i0000001YLcMAAW","2016-10-09 03:46:42","005i0000001YLcMAAW","2016-10-09 03:46:42","0","Woody Allen;","0","2013"
"a0Ni000002JIHe0EAH","005i0000001YLcMAAW","0","Dallas Buyers Club","2016-09-07 15:26:37","005i0000001YLcMAAW","2017-02-09 20:13:28","005i0000001YLcMAAW","2017-02-09 20:13:28","1","Craig Borten;Melisa Wallack;","0","2013"
"a0Ni000002JIHe1EAH","005i0000001YLcMAAW","0","Nebraska","2016-09-07 15:26:37","005i0000001YLcMAAW","2016-10-22 21:28:03","005i0000001YLcMAAW","2016-10-22 21:28:03","0","Bob Nelson;","0","2013"
"a0Ni000002JIHe2EAH","005i0000001YLcMAAW","0","Birdman or (The Unexpected Virtue of Ignorance)","2016-09-07 15:26:37","005i0000001YLcMAAW","2016-12-01 22:24:11","005i0000001YLcMAAW","2016-12-01 22:24:11","0","Alejandro G. Irritu;Nicols Giacobone;Alexander Dinelaris Jr.;Armando Bo;","1","2014"
"a0Ni000002JIHe3EAH","005i0000001YLcMAAW","0","Boyhood","2016-09-07 15:26:37","005i0000001YLcMAAW","2016-10-08 22:58:32","005i0000001YLcMAAW","2016-10-08 22:58:32","0","Richard Linklater;","0","2014"
"a0Ni000002JIHe4EAH","005i0000001YLcMAAW","0","Foxcatcher","2016-09-07 15:26:37","005i0000001YLcMAAW","2016-10-22 21:28:03","005i0000001YLcMAAW","2016-10-22 21:28:03","0","E. Max Frye;Dan Futterman;","0","2014"
"a0Ni000002JIHe5EAH","005i0000001YLcMAAW","0","The Grand Budapest Hotel","2016-09-07 15:26:37","005i0000001YLcMAAW","2016-12-01 22:24:11","005i0000001YLcMAAW","2016-12-01 22:24:11","1","Wes Anderson;Hugo Guinness;","0","2014"
"a0Ni000002JIHe6EAH","005i0000001YLcMAAW","0","Nightcrawler","2016-09-07 15:26:37","005i0000001YLcMAAW","2017-02-09 20:13:18","005i0000001YLcMAAW","2017-02-09 20:13:18","1","Dan Gilroy;","0","2014"
"a0Ni000002JIHe7EAH","005i0000001YLcMAAW","0","Spotlight","2016-09-07 15:26:37","005i0000001YLcMAAW","2016-12-01 22:26:08","005i0000001YLcMAAW","2016-12-01 22:26:08","1","Tom McCarthy;Josh Singer;","1","2015"
"a0Ni000002JIHe8EAH","005i0000001YLcMAAW","0","Bridge of Spies","2016-09-07 15:26:37","005i0000001YLcMAAW","2017-02-09 20:13:28","005i0000001YLcMAAW","2017-02-09 20:13:28","1","Matt Charman;Joel Coen Ethan Coen;","0","2015"
"a0Ni000002JIHe9EAH","005i0000001YLcMAAW","0","Ex Machina","2016-09-07 15:26:37","005i0000001YLcMAAW","2017-02-09 20:13:28","005i0000001YLcMAAW","2017-02-09 20:13:28","1","Alex Garland;","0","2015"
"a0Ni000002JIHeAEAX","005i0000001YLcMAAW","0","Inside Out","2016-09-07 15:26:37","005i0000001YLcMAAW","2017-08-28 14:41:32","005i0000001YLcMAAW","2017-08-28 14:41:32","1","Josh Cooley;Ronnie del Carmen;Pete Docter;Meg LeFauve;","0","2015"
"a0Ni000002JIHeBEAX","005i0000001YLcMAAW","0","Straight Outta Compton","2016-09-07 15:26:37","005i0000001YLcMAAW","2017-02-09 20:13:28","005i0000001YLcMAAW","2017-02-09 20:13:28","1","Andrea Berloff;Jonathan Herman;S. Leigh Savidge;Alan Wenkus;","0","2015"
