"Id","OwnerId","IsDeleted","Name","CreatedDate","CreatedById","LastModifiedDate","LastModifiedById","SystemModstamp","Working_Title__c","Description__c"
"a0C0H00001WLvDDUA1","005i0000001YLcMAAW","0","201709 - P II - 02","2017-09-29 02:48:41","005i0000001YLcMAAW","2017-09-29 13:10:26","005i0000001YLcMAAW","2017-10-14 10:32:27","American Slave","Frederick Douglass  - Two killing scenes. - Desire to learn how to read and write. - Desire to escape. Fugitive. - Devout religious bastards. - White devils. - Black vs black rivalry for their masters. - Path to freedom. - July 4th celebration"
"a0C0H00001WLx25UAD","005i0000001YLcMAAW","0","2017-10 - P II - 03","2017-10-03 02:01:20","005i0000001YLcMAAW","2017-10-03 02:01:20","005i0000001YLcMAAW","2017-10-03 02:01:20","Size matters",""
"a0C0H00001WLx2AUAT","005i0000001YLcMAAW","0","2017-10 - P II - 04","2017-10-03 02:01:39","005i0000001YLcMAAW","2017-10-03 02:01:39","005i0000001YLcMAAW","2017-10-04 10:32:36","Colonel Fitts and Trump",""
"a0C0H00001WLx2FUAT","005i0000001YLcMAAW","0","2017-10 - P II - 05","2017-10-03 02:02:03","005i0000001YLcMAAW","2017-10-03 02:02:03","005i0000001YLcMAAW","2017-10-04 10:32:36","Berserk",""
