"Id","OwnerId","IsDeleted","Name","CreatedDate","CreatedById","LastModifiedDate","LastModifiedById","SystemModstamp","Address__c","Baths__c","Beds__c","Broker__c","City__c","Description__c","Location__Latitude__s","Location__Longitude__s","Picture__c","Price__c","State__c","Status__c","Thumbnail__c","Title__c","Zip__c"
"a0R0H00000NHAaLUAX","005i0000001YLcMAAW","0","Fountain Place","2017-09-13 18:37:31","005i0000001YLcMAAW","2017-09-13 18:37:31","005i0000001YLcMAAW","2017-09-14 10:32:43","Ross Ave","","","","Dallas","Supposedly, lot of fountains. Gotta go check it out. Sept 13th, 2017. Working at HilltopSecurities in Renaissance Tower on 43rd floor.","","","","","Texas","","","",""
"a0R0H00000NHAaQUAX","005i0000001YLcMAAW","0","Chase Tower","2017-09-13 18:38:36","005i0000001YLcMAAW","2017-09-13 18:42:43","005i0000001YLcMAAW","2017-09-14 10:32:43","Downtown","","","","Dallas","On 40th floor, there's a free viewing area open to public!","","","","10020","Texas","","","",""
"a0Ri000000M8CFlEAN","005i0000001YLcMAAW","0","18 Henry st","2016-09-28 20:42:43","005i0000001YLcMAAW","2016-09-28 20:42:43","005i0000001YLcMAAW","2016-09-28 20:42:43","18 Henry st","3","4","a0Pi000000gG6LwEAK","Cambridge","Lorem ipsum dolor sit amet","42.35663","-71.11095","https://s3-us-west-1.amazonaws.com/sfdc-demo/realty/house01.jpg","975000","MA","Available","https://s3-us-west-1.amazonaws.com/sfdc-demo/realty/house01sq.jpg","Stunning Victorian","01742"
"a0Ri000000M8CFmEAN","005i0000001YLcMAAW","0","121 Harborwalk","2016-09-28 20:42:48","005i0000001YLcMAAW","2016-09-28 20:42:48","005i0000001YLcMAAW","2017-09-14 10:32:43","121 Harborwalk","3","3","a0Pi000000gG6LwEAK","Boston","Lorem ipsum dolor sit amet","42.35695","-71.049327","https://s3-us-west-1.amazonaws.com/sfdc-demo/realty/house09.jpg","450000","MA","Available","https://s3-us-west-1.amazonaws.com/sfdc-demo/realty/house09sq.jpg","Seaport District Retreat","02420"
"a0Ri000000M8CFnEAN","005i0000001YLcMAAW","0","95 Gloucester st","2016-09-28 20:42:49","005i0000001YLcMAAW","2016-09-28 20:42:49","005i0000001YLcMAAW","2016-09-28 20:42:49","95 Gloucester st","3","3","a0Pi000000gG6LwEAK","Boston","Lorem ipsum dolor sit amet","42.349693","-71.084407","https://s3-us-west-1.amazonaws.com/sfdc-demo/realty/house11.jpg","690000","MA","Available","https://s3-us-west-1.amazonaws.com/sfdc-demo/realty/house11sq.jpg","Architectural Details","02420"
"a0Ri000000M8CFoEAN","005i0000001YLcMAAW","0","24 Pearl st","2016-09-28 20:42:49","005i0000001YLcMAAW","2016-09-28 20:42:49","005i0000001YLcMAAW","2016-09-28 20:42:49","24 Pearl st","4","5","a0Pi000000gG6LxEAK","Cambridge","Lorem ipsum dolor sit amet","42.359103","-71.10869","https://s3-us-west-1.amazonaws.com/sfdc-demo/realty/house02.jpg","1200000","MA","Available","https://s3-us-west-1.amazonaws.com/sfdc-demo/realty/house02sq.jpg","Ultimate Sophistication","02420"
"a0Ri000000M8CFpEAN","005i0000001YLcMAAW","0","640 Harrison Ave","2016-09-28 20:42:49","005i0000001YLcMAAW","2016-09-28 20:42:49","005i0000001YLcMAAW","2016-09-28 20:42:49","640 Harrison Ave","2","2","a0Pi000000gG6LxEAK","Boston","Lorem ipsum dolor sit amet","42.339892","-71.068781","https://s3-us-west-1.amazonaws.com/sfdc-demo/realty/house08.jpg","650000","MA","Available","https://s3-us-west-1.amazonaws.com/sfdc-demo/realty/house08sq.jpg","City Living","02420"
"a0Ri000000M8CFqEAN","005i0000001YLcMAAW","0","145 Commonwealth ave","2016-09-28 20:42:50","005i0000001YLcMAAW","2016-09-28 20:42:50","005i0000001YLcMAAW","2016-09-28 20:42:50","145 Commonwealth ave","3","4","a0Pi000000gG6LxEAK","Boston","Lorem ipsum dolor sit amet","42.352466","-71.075311","https://s3-us-west-1.amazonaws.com/sfdc-demo/realty/house12.jpg","845000","MA","Available","https://s3-us-west-1.amazonaws.com/sfdc-demo/realty/house12sq.jpg","Contemporary Luxury","02420"
"a0Ri000000M8CFrEAN","005i0000001YLcMAAW","0","72 Francis st","2016-09-28 20:42:50","005i0000001YLcMAAW","2016-09-28 20:42:50","005i0000001YLcMAAW","2016-09-28 20:42:50","72 Francis st","4","5","a0Pi000000gG6LyEAK","Boston","Lorem ipsum dolor sit amet","42.335435","-71.106827","https://s3-us-west-1.amazonaws.com/sfdc-demo/realty/house03.jpg","825000","MA","Available","https://s3-us-west-1.amazonaws.com/sfdc-demo/realty/house03sq.jpg","Modern City Living","02420"
"a0Ri000000M8CFsEAN","005i0000001YLcMAAW","0","32 Prince st","2016-09-28 20:42:50","005i0000001YLcMAAW","2016-09-28 20:42:50","005i0000001YLcMAAW","2016-09-28 20:42:50","32 Prince st","4","5","a0Pi000000gG6LzEAK","Cambridge","Lorem ipsum dolor sit amet","42.360642","-71.110448","https://s3-us-west-1.amazonaws.com/sfdc-demo/realty/house04.jpg","930000","MA","Available","https://s3-us-west-1.amazonaws.com/sfdc-demo/realty/house04sq.jpg","Stunning Colonial","02420"
"a0Ri000000M8CFtEAN","005i0000001YLcMAAW","0","110 Baxter street","2016-09-28 20:42:51","005i0000001YLcMAAW","2016-09-28 20:42:51","005i0000001YLcMAAW","2016-09-28 20:42:51","110 Baxter street","2","3","a0Pi000000gG6M0EAK","Boston","Lorem ipsum dolor sit amet","42.372486","-71.053943","https://s3-us-west-1.amazonaws.com/sfdc-demo/realty/house05.jpg","850000","MA","Available","https://s3-us-west-1.amazonaws.com/sfdc-demo/realty/house05sq.jpg","Waterfront in the City","02420"
"a0Ri000000M8CFuEAN","005i0000001YLcMAAW","0","448 Hanover st","2016-09-28 20:42:52","005i0000001YLcMAAW","2016-09-28 20:42:52","005i0000001YLcMAAW","2016-09-28 20:42:52","448 Hanover st","2","4","a0Pi000000gG6M1EAK","Boston","Lorem ipsum dolor sit amet","42.366855","-71.052617","https://s3-us-west-1.amazonaws.com/sfdc-demo/realty/house06.jpg","725000","MA","Available","https://s3-us-west-1.amazonaws.com/sfdc-demo/realty/house06sq.jpg","Quiet Retreat","02420"
"a0Ri000000M8CFvEAN","005i0000001YLcMAAW","0","127 Endicott st","2016-09-28 20:42:52","005i0000001YLcMAAW","2016-09-28 20:42:52","005i0000001YLcMAAW","2016-09-28 20:42:52","127 Endicott st","1","3","a0Pi000000gG6M2EAK","Boston","Lorem ipsum dolor sit amet","42.365003","-71.057352","https://s3-us-west-1.amazonaws.com/sfdc-demo/realty/house07.jpg","450000","MA","Available","https://s3-us-west-1.amazonaws.com/sfdc-demo/realty/house07sq.jpg","City Living","02420"
"a0Ri000000M8CFwEAN","005i0000001YLcMAAW","0","48 Brattle st","2016-09-28 20:42:53","005i0000001YLcMAAW","2016-09-28 20:42:53","005i0000001YLcMAAW","2016-09-28 20:42:53","48 Brattle st","4","5","a0Pi000000gG6M3EAK","Cambridge","Lorem ipsum dolor sit amet","42.374117","-71.121653","https://s3-us-west-1.amazonaws.com/sfdc-demo/realty/house10.jpg","450000","MA","Available","https://s3-us-west-1.amazonaws.com/sfdc-demo/realty/house10sq.jpg","Heart of Harvard Square","02420"
