"Id","Name","ModuleNamespace","Description","BusinessProcessId","SobjectType","IsActive","CreatedById","CreatedDate","LastModifiedById","LastModifiedDate","SystemModstamp","IsDeleted"
"0120H000001EXfqQAG","EmailToCase - Minolta - March 2018","","Minolta - March 2018 - Git it, boy!","019i0000000PJV4AAO","Case","1","005i0000001YLcMAAW","2018-03-12 15:38:09","005i0000001YLcMAAW","2018-03-12 15:38:09","2018-03-12 15:38:09","0"
"0120H000001QSBWQA4","Admin","","","","01I0H0000027MHa","1","005i0000001YLcMAAW","2017-06-17 19:45:43","005i0000001YLcMAAW","2017-06-17 19:45:43","2017-06-17 19:45:52","0"
"0120H000001QSBXQA4","User","","","","01I0H0000027MHa","1","005i0000001YLcMAAW","2017-06-17 19:45:43","005i0000001YLcMAAW","2017-06-17 19:45:43","2017-06-17 19:45:52","0"
"0120H000001QSajQAG","Identity Theft RecordType","","","0190H000000XbuvQAC","Case","1","005i0000001YLcMAAW","2017-08-15 20:03:54","005i0000001YLcMAAW","2017-08-15 20:13:42","2017-08-15 20:13:42","0"
"0120H000001QSaoQAG","Create New Account","","","0190H000000Xbv0QAC","Case","1","005i0000001YLcMAAW","2017-08-15 20:15:27","005i0000001YLcMAAW","2017-08-15 20:15:54","2017-08-15 20:15:54","0"
"012i0000000ppZ4AAI","Internal Ideas: Idea Record Type","","Record Type used to associate ideas with a specific community","","Idea","1","005i0000001YLcMAAW","2013-10-30 14:31:12","005i0000001YLcMAAW","2013-10-30 14:31:12","2013-10-30 14:31:12","0"
"012i0000000smhSAAQ","Internal Zone: Question Record Type","","Record type used to associate Question with a specific zone","","Question","1","005i0000001YLcMAAW","2013-10-30 14:31:45","005i0000001YLcMAAW","2013-10-30 14:31:45","2013-10-30 14:31:45","0"
"012i0000000smhTAAQ","Internal Zone: Reply Record Type","","Record type used to associate Reply with a specific zone","","Reply","1","005i0000001YLcMAAW","2013-10-30 14:31:45","005i0000001YLcMAAW","2013-10-30 14:31:45","2013-10-30 14:31:45","0"
"012i0000000tw2jAAA","Inquiry","","Record type for Inquiries","019i0000000PJV4AAO","Case","1","005i0000001YLcMAAW","2016-12-05 20:49:58","005i0000001YLcMAAW","2017-08-15 20:13:49","2017-08-15 20:13:49","0"
"012i00000016C0bAAE","Progress","","Measure achievement based on how much is finished compared to a targeted value. Ideal for tracking hard numbers and percentages. For example: Convert 50 Leads or Achieve 100% Customer Satisfaction.","","Metric","1","005i0000002B8LLAA0","2015-08-20 14:45:26","005i0000002B8LLAA0","2015-08-20 14:45:26","2015-08-20 14:45:26","0"
"012i00000016C0cAAE","Completion","","Measure achievement based on whether or not the metric is finished. Ideal for tracking milestones, or when you don't have metrics based on hard numbers. For example: Become Salesforce Certified.","","Metric","1","005i0000002B8LLAA0","2015-08-20 14:45:27","005i0000002B8LLAA0","2015-08-20 14:45:27","2015-08-20 14:45:27","0"
"012i0000001UNQgAAO","Type of Job(Full or Part)","","Picklist values - select full, part or boss ka sala.","","01Ii0000001X9ol","1","005i0000001YLcMAAW","2016-02-23 17:47:37","005i0000001YLcMAAW","2016-02-23 17:48:15","2016-02-23 17:48:15","0"
