"Id","OwnerId","IsDeleted","Name","CreatedDate","CreatedById","LastModifiedDate","LastModifiedById","SystemModstamp","Description__c","Source__c"
"a0S0H00000K4blOUAR","005i0000001YLcMAAW","0","Character trait","2018-01-27 17:57:52","005i0000001YLcMAAW","2018-01-27 17:59:10","005i0000001YLcMAAW","2018-01-28 11:30:53","Always uses paradoxical statement.  Some more examples of paradoxical statements are:  You can save money by spending it. I know one thing; that I know nothing. This is the beginning of the end. Deep down, you're really shallow. I'm a compulsive liar. ?Men work together whether they work together or apart.? - Robert Frost  Read more at http://examples.yourdictionary.com/examples-of-paradox.html#AhorlrJG9WDeIvgV.99",""
"a0S0H00000K4blYUAR","005i0000001YLcMAAW","0","Character trait 2","2018-01-27 18:53:30","005i0000001YLcMAAW","2018-01-27 18:55:47","005i0000001YLcMAAW","2018-01-28 11:30:53","Says things that don't make sense. ""You need sandals bro. You'll catch gingivitis!"" It's a gum disease, not foot disease.  In prison, an inmate shouts, ""Yo, they're making a movie! They should come suck my dick and make it a love story!""",""
"a0Si000000IiJbwEAF","005i0000001YLcMAAW","0","Compliment is repeated.","2016-10-19 19:51:45","005i0000001YLcMAAW","2016-10-19 19:54:28","005i0000001YLcMAAW","2018-01-28 11:30:53","One character comments on clothes/appearance/behavior of another character when third character is not present.  Few seconds later, third character says exact same thing to the same character. Confirming that it's true and brings comic effect.","The Sting - 'Getting married' compliment by a door man. Lady repeats it after just few seconds.  Training Day - 'Nice suit, Mark'. He says fuck you. Alonzo says 'Nice suit, Mark'. I said the same thing.  Big Bang Theory"
"a0Si000000IiJe7EAF","005i0000001YLcMAAW","0","Rule of Three - 1","2016-10-19 20:05:17","005i0000001YLcMAAW","2016-10-19 20:05:17","005i0000001YLcMAAW","2016-10-21 03:33:42","Undermine the main issue.","Simpsons - Brake my wife.  After losing his license - ""Now I can't go to work, I can't go to the store and forget about the drive-thru""."
