"Id","WhoId","WhatId","Subject","ActivityDate","Status","Priority","OwnerId","Description","Type","IsDeleted","AccountId","IsClosed","CreatedDate","CreatedById","LastModifiedDate","LastModifiedById","SystemModstamp","IsArchived","EmailMessageId","ActivityOriginType","IsVisibleInSelfService","CallDurationInSeconds","CallType","CallDisposition","CallObject","ReminderDateTime","IsReminderSet","RecurrenceActivityId","IsRecurrence","RecurrenceStartDateOnly","RecurrenceEndDateOnly","RecurrenceTimeZoneSidKey","RecurrenceType","RecurrenceInterval","RecurrenceDayOfWeekMask","RecurrenceDayOfMonth","RecurrenceInstance","RecurrenceMonthOfYear","RecurrenceRegeneratedType"
"00T0H00003j4SeHUAU","000000000000000AAA","0060H00000jB3zGQAS","Apple Watch Promo","","Not Started","High","005i0000001YLcMAAW","Send them one NOW Mofo","","0","0010H00002Ee3IgQAJ","0","2017-05-23 17:56:39","005i0000001YLcMAAW","2017-05-23 17:56:39","005i0000001YLcMAAW","2017-05-23 17:56:39","0","","","0","","","","","","0","","0","","","","","","","","","",""
"00T0H00003lrTGiUAM","003i000000PUSBSAA5","5000H00000zdp2rQAA","Email: Response to your Genwatt Case 00001161: John's Case #1","2017-08-24 00:00:00.0","Completed","Normal","005i0000001YLcMAAW","Additional To: bond_john@grandhotels.com CC:  BCC:  Attachment:   Subject: Response to your Genwatt Case 00001161: John's Case #1 Body: Dear John,    Thank you,  John Bond Sanket V.  Your comment:","","0","001i000000SmtjoAAB","1","2017-08-24 21:20:20","005i0000001YLcMAAW","2017-08-24 21:20:20","005i0000001YLcMAAW","2017-08-24 21:20:20","0","02s0H00000SH0JOQA1","2","0","","","","","","0","","0","","","","","","","","","",""
"00T0H00003lrTHCUA2","003i000000PUSBSAA5","5000H00000zdp2wQAA","Email: Response to your Genwatt Case 00001162: John's Case #2","2017-08-24 00:00:00.0","Completed","Normal","005i0000001YLcMAAW","Additional To: bond_john@grandhotels.com CC:  BCC:  Attachment:   Subject: Response to your Genwatt Case 00001162: John's Case #2 Body: Dear John,    Thank you,  John Bond Sanket V.  Your comment:","","0","001i000000SmtjoAAB","1","2017-08-24 21:20:46","005i0000001YLcMAAW","2017-08-24 21:20:46","005i0000001YLcMAAW","2017-08-24 21:20:46","0","02s0H00000SH0JdQAL","2","0","","","","","","0","","0","","","","","","","","","",""
"00T0H00003nxdf1UAA","000000000000000AAA","5000H00000zAZFOQA4","Follow Up on Escalated Case","2017-08-15 00:00:00.0","Not Started","Normal","005i0000008s57yAAA","","","0","","0","2017-08-15 20:22:01","005i0000001YLcMAAW","2017-08-21 17:36:47","005i0000001YLcMAAW","2017-08-21 17:36:47","0","","","0","","","","","2017-08-15 15:00:00","1","","0","","","","","","","","","",""
"00T0H00003pCGX9UAO","000000000000000AAA","5000H00000zAZFOQA4","Follow Up on Escalated Case","2017-08-21 00:00:00.0","Not Started","Normal","005i0000001YLcMAAW","","","0","","0","2017-08-21 17:36:47","005i0000001YLcMAAW","2017-08-21 17:36:47","005i0000001YLcMAAW","2017-09-24 23:48:15","0","","","0","","","","","2017-08-21 15:00:00","0","","0","","","","","","","","","",""
"00T0H00003tItDPUA0","000000000000000AAA","0060H00000kJIsBQAW","Apple Watch Promo","","Not Started","High","005i0000001YLcMAAW","Send them one NOW Mofo","","0","0010H00002MCMVoQAP","0","2017-10-30 20:01:24","005i0000001YLcMAAW","2017-10-30 20:01:24","005i0000001YLcMAAW","2017-10-30 20:01:24","0","","","0","","","","","","0","","0","","","","","","","","","",""
"00T0H000042ud1BUAQ","000000000000000AAA","5000H000014hLNbQAM","Follow Up on Escalated Case","2018-03-12 00:00:00.0","Not Started","Normal","005i0000001YLcMAAW","","","0","","0","2018-03-12 17:06:08","005i0000001YLcMAAW","2018-03-12 17:06:08","005i0000001YLcMAAW","2018-03-12 17:06:22","0","","","0","","","","","2018-03-12 15:00:00","0","","0","","","","","","","","","",""
"00T0H000042ue8QUAQ","000000000000000AAA","5000H000014hLMdQAM","Follow Up on Escalated Case","2018-03-12 00:00:00.0","Not Started","Normal","005i0000001YLcMAAW","","","0","","0","2018-03-12 17:04:18","005i0000001YLcMAAW","2018-03-12 17:04:18","005i0000001YLcMAAW","2018-03-12 17:06:40","0","","","0","","","","","2018-03-12 15:00:00","0","","0","","","","","","","","","",""
"00T0H000042ueKJUAY","000000000000000AAA","5000H000014hLOZQA2","Follow Up on Escalated Case","2018-03-12 00:00:00.0","Not Started","Normal","005i0000001YLcMAAW","","","0","","0","2018-03-12 17:07:55","005i0000001YLcMAAW","2018-03-12 17:07:55","005i0000001YLcMAAW","2018-03-12 17:08:04","0","","","0","","","","","2018-03-12 15:00:00","0","","0","","","","","","","","","",""
"00T0H000042ueKTUAY","000000000000000AAA","5000H000014hLNwQAM","Follow Up on Escalated Case","2018-03-12 00:00:00.0","Not Started","Normal","005i0000001YLcMAAW","","","0","","0","2018-03-12 17:08:01","005i0000001YLcMAAW","2018-03-12 17:08:01","005i0000001YLcMAAW","2018-03-12 18:52:25","0","","","0","","","","","2018-03-12 15:00:00","0","","0","","","","","","","","","",""
"00T0H000042uh4PUAQ","000000000000000AAA","5000H000014hM9pQAE","Follow Up on Escalated Case","2018-03-12 00:00:00.0","Not Started","Normal","005i0000001YLcMAAW","","","0","","0","2018-03-12 18:52:02","005i0000001YLcMAAW","2018-03-12 18:52:02","005i0000001YLcMAAW","2018-03-12 18:52:24","0","","","0","","","","","2018-03-12 15:00:00","0","","0","","","","","","","","","",""
"00Ti0000021DavTEAS","000000000000000AAA","006i000000dFc8EAAS","Follow up Test Task","","Not Started","Normal","005i0000001YLcMAAW","Eat more chalupas..ese","","0","001i000001kiYLGAA2","0","2016-02-03 21:02:08","005i0000001YLcMAAW","2016-02-03 21:02:08","005i0000001YLcMAAW","2016-02-03 21:02:08","0","","","0","","","","","","0","","0","","","","","","","","","",""
"00Ti0000021DazhEAC","000000000000000AAA","006i000000dFcJbAAK","Follow up Test Task","","Not Started","Normal","005i0000001YLcMAAW","Eat more chalupas..ese","","0","001i000001kiYLGAA2","0","2016-02-03 21:02:32","005i0000001YLcMAAW","2016-02-03 21:02:32","005i0000001YLcMAAW","2016-02-03 21:02:32","0","","","0","","","","","","0","","0","","","","","","","","","",""
"00Ti0000021Db1iEAC","000000000000000AAA","006i000000dFbxBAAS","Follow up Test Task","","Not Started","Normal","005i0000001YLcMAAW","Eat more chalupas..ese","","0","001i000001kiYLGAA2","0","2016-02-03 21:02:46","005i0000001YLcMAAW","2016-02-03 21:02:46","005i0000001YLcMAAW","2016-02-03 21:02:46","0","","","0","","","","","","0","","0","","","","","","","","","",""
"00Ti000002SY4tBEAT","000000000000000AAA","a03i000000PetVBAAZ","Send Rejection Letter","2016-01-06 00:00:00.0","Not Started","High","005i0000001YLcMAAW","","","0","","0","2016-01-04 21:22:36","005i0000001YLcMAAW","2016-01-04 21:22:36","005i0000001YLcMAAW","2016-01-12 15:24:31","0","","","0","","","","","2016-01-06 16:00:00","0","","0","","","","","","","","","",""
"00Ti000002WABgOEAX","000000000000000AAA","006i000000DTanCAAT","Task-O-Task","","Not Started","Normal","005i0000001YLcMAAW","","","0","001i000000SmtjmAAB","0","2016-01-27 19:07:53","005i0000001YLcMAAW","2016-01-27 19:07:53","005i0000001YLcMAAW","2016-01-27 19:07:53","0","","","0","","","","","","0","","0","","","","","","","","","",""
"00Ti000002Yn0TQEAZ","000000000000000AAA","006i000000dZhbcAAC","Apple Watch Promo","","Not Started","High","005i0000001YLcMAAW","Send them one NOW Mofo","","0","","0","2016-02-09 20:26:15","005i0000001YLcMAAW","2016-02-09 20:26:15","005i0000001YLcMAAW","2016-02-09 20:26:15","0","","","0","","","","","","0","","0","","","","","","","","","",""
"00Ti000003F1pfKEAR","000000000000000AAA","006i000000h6vfrAAA","Apple Watch Promo","","Not Started","High","005i0000001YLcMAAW","Send them one NOW Mofo","","0","001i000001xogjqAAA","0","2016-09-29 16:25:57","005i0000001YLcMAAW","2016-09-29 16:25:57","005i0000001YLcMAAW","2016-09-29 16:25:57","0","","","0","","","","","","0","","0","","","","","","","","","",""
"00Ti000003OQNZNEA5","000000000000000AAA","500i000000qlb3CAAQ","Email: Response to your Genwatt Case 00001079: WTF","2016-12-05 00:00:00.0","Completed","Normal","005i0000001YLcMAAW","Additional To: sanket.vaidya@tr.com CC:  BCC:  Attachment:   Subject: Response to your Genwatt Case 00001079: WTF Body: Dear ,    Thank you,  Sanket V Sanket V.  Your comment:  Nothing is working. Where is the bag?","","0","","1","2016-12-05 21:39:05","005i0000001YLcMAAW","2016-12-05 21:39:05","005i0000001YLcMAAW","2017-12-10 13:28:23","1","02si000000NlIW1AAN","2","0","","","","","","0","","0","","","","","","","","","",""
"00Ti000003QaqfLEAR","003i000003QNtrPAAT","000000000000000AAA","Send Letter","2016-12-20 00:00:00.0","Completed","Normal","005i0000001YLcMAAW","Just send a damn mail..!!","","0","","1","2016-12-20 20:06:08","005i0000001YLcMAAW","2016-12-20 20:06:08","005i0000001YLcMAAW","2017-12-24 15:33:11","1","","","0","","","","","","0","","0","","","","","","","","","",""
"00Ti000003iJ0YuEAK","000000000000000AAA","001i000000SmtjiAAB","Nayee Opportunity hai yeh","","Not Started","Normal","005i0000007VZkZAAW","","","0","001i000000SmtjiAAB","0","2017-05-14 00:01:15","005i0000001YLcMAAW","2017-05-14 00:04:31","005i0000001YLcMAAW","2017-05-14 00:04:31","0","","","0","","","","","2017-05-13 15:00:00","1","","0","","","","","","","","","",""
"00Ti000003iJ0axEAC","000000000000000AAA","006i000000hlUmfAAE","Apple Watch Promo","","Not Started","High","005i0000007VZkZAAW","Send them one NOW Mofo","","0","001i000000SmtjiAAB","0","2017-05-14 00:03:05","005i0000001YLcMAAW","2017-05-14 00:04:31","005i0000001YLcMAAW","2017-05-14 00:04:31","0","","","0","","","","","","0","","0","","","","","","","","","",""
