"Id","OwnerId","IsDeleted","Name","CreatedDate","CreatedById","LastModifiedDate","LastModifiedById","SystemModstamp","Description__c","URL__c"
"a0Ti000001YFs6ZEAT","005i0000001YLcMAAW","0","Subtext 1","2016-10-23 02:43:27","005i0000001YLcMAAW","2016-10-23 02:44:26","005i0000001YLcMAAW","2016-10-25 07:19:10","Subtext in dialogue is the only truth in a character?s speech. Subtext is the underlying meaning of the character?s ?surface? dialogue, and it can only be achieved when the writer understands the real motivations of their characters.  Without subtext, your characters are dull. You will find, unfortunately, that the audience does not truly understand your characters, which will later force you to add too much exposition dialogue.","http://www.moviemaker.com/archives/moviemaking/screenwriting/subtext-exposition-tips-for-great-dialogue/?inf_contact_key=1c291e7cc90f48eaca207210b22c3501be6280a97952ac31da2c26f4a8401b86"
"a0Ti000001YGBscEAH","005i0000001YLcMAAW","0","Speech pattern / Dialogue","2016-10-28 02:32:07","005i0000001YLcMAAW","2016-11-08 19:10:37","005i0000001YLcMAAW","2016-11-10 01:30:59","1. Character uses a certain word or phrase repeatedly.  2. Character might speak ""directly"" and seem forceful. Coversely, could be shy and timid.",""
"a0Ti000001YGbyvEAD","005i0000001YLcMAAW","0","Andrew Stanton Pixar's advice on breaking story","2016-11-08 19:04:00","005i0000001YLcMAAW","2016-11-08 19:04:00","005i0000001YLcMAAW","2016-11-10 01:30:59","Andrew Stanton of Disney/Pixar (Toy Story, Wall-E, Finding Nemo) explains in his recent TED Talk that months are spent examining a character for a new film, exploring the aspects of character?s goals, obstacles and stakes to make sure they are telling the most powerful and compelling story possible. Anything else can produce a weaken version of the story that falls apart in Act II.  So, ask yourself:  What kind of problems am I going to have based on the choices I?ve made? Does the plot I?ve chosen allow for enough variables to carry both the subplots and the needed character development? Do I have characters that are deep enough and complex enough to allow of authentic responses to any situation I put them in? Do I have a well-fleshed out world, or merely a scenario with limited application?","http://www.moviemaker.com/archives/series/first-draft/first-draft-mistake-spec-scripts/"
"a0Ti000001YGbzZEAT","005i0000001YLcMAAW","0","How to reach Act III / Arc with Humility","2016-11-08 19:16:03","005i0000001YLcMAAW","2016-11-08 19:16:03","005i0000001YLcMAAW","2016-11-10 01:30:59","However, at the story?s beginning, the protagonist only seems to care for serving his or her own interests. Because of this, the protagonist starts out not only incapable of victory, but also unworthy. To change this, plot events must act as a process of purgation. As long as the protagonist is motivated by selfish pride, his or her actions must be punished. Though the protagonist may find some minor successes, the story situation will continually grow worse and more difficult until, like their fairytale counterparts, the burden is too great to bear and the protagonist?s pride is broken. There, wallowing in the depths of misery, the hero experiences a moment of catharsis. The hero finally realizes how little his or her prideful interests matter compared to the higher ideals at play. The penitent hero then surrenders to the ideal and becomes willing to sacrifice for the greater good. Purified by this newfound humility, the hero is reborn as a worthy soul with the strength and spirit necessary to conquer problems by doing what is most right:","http://www.moviemaker.com/archives/series/first-draft/first-draft-humility-arc/2/"
"a0Ti000001YIG3mEAH","005i0000001YLcMAAW","0","Universal character","2016-11-29 02:26:57","005i0000001YLcMAAW","2016-11-29 02:26:57","005i0000001YLcMAAW","2016-11-29 02:26:57","What?s your character?s Ideal? What?s the Spleen? What?s at the heart of the character? What is unique about their look, or how they sound? Who are they when the movie starts? Who are they when it ends? Is there enough of an arc? What prevents them from becoming what they want to be? What do they love? Basic questions you want to consider when you draw up a character.","http://www.scriptmag.com/features/script-gods-must-die-writing-universal-character"
"a0Ti000001YIdYKEA1","005i0000001YLcMAAW","0","Theme - Paddy Chayefsky","2016-12-06 18:46:59","005i0000001YLcMAAW","2016-12-06 18:46:59","005i0000001YLcMAAW","2016-12-08 02:24:36","?As soon as I figure out the theme of my play, I type it out in a single sentence and Scotch-tape it to the front of my typewriter.  After that, nothing goes onto the page that isn?t on-theme.?","http://www.stevenpressfield.com/2010/11/what-to-keep-and-what-to-cut/?inf_contact_key=2ac05adf7e934feca35132d79ac11597ae6768e64cde0b3bf81173041be8f903"
"a0Ti000001eBwFCEA0","005i0000001YLcMAAW","0","Nicholl Reader's comments","2016-12-09 22:54:48","005i0000001YLcMAAW","2016-12-09 22:54:48","005i0000001YLcMAAW","2016-12-10 17:16:00","ACADEMY NICHOLL FELLOWSHIPS IN SCREENWRITING READER COMMENTS The views and opinions expressed in the reader comments are those of the readers and do not reflect any policy or position of the Academy. The Academy makes no representations or warranties of any kind, express or implied, about the accuracy, completeness, correctness, suitability, or validity of any information in these comments and will not be liable for any errors, omissions, or delays in this information or any losses, injuries, or damages arising from or related to its display or use. Each reader comment is the individual reader?s subjective opinion. Writers should make their own screenwriting decisions based upon their own research, findings and common sense. Screenplay Title: United States of Dreams Screenplay #: 2101 Round 1 - Read 1 Comments:  STORY: After reading the first page, I was immediately interested in this story -- it's a world I know nothing about. I found the culture fascinating.  I think there needs to be more work on story structure. It started out being Udit's story, but then later Pavan became the lead character. This was confusing/jarring. It took me a long time to feel like the story had ?settled.?  I feel like there isn't enough driving the story forward. They all want greencards, but there is nothing they can really do to help get them. I would like them to be more active.  There could be more conflict in scenes and the story in general.  VOICE: This has a consistent, strong, unique voice. The world and characters feel fresh - something new.  CHARACTERS: The characters were all distinct and had their own voice. They leaped off the page.  I feel the story would be stronger if more of the characters had specific, tangible, concrete goals that they can work towards. I didn't feel the story really started until Pavan wanted Shriya. Everything before that felt like set up.  CRAFT: I think the script would be tighter if food business, small talk, greetings and introductions were removed. Example:  LATINA Hey, It?s the brainy computer guy. How ya doin? PAVAN Hey, look who?s here, Como estas Christina? CHRISTINA Good. I haven?t seen you in a while. PAVAN Nice to see you too. CHRISTINA How?ve you been? PAVAN Bueno. Excellente.  MEANING AND MAGIC: This has some strong emotional moments that would be enhanced with more focus on a lead character. When the POV changed so often, I found the story to be diluted.        Round 1 - Read 2 Comments:  It's an original story due to the Indians in Texas angle, however most of the conflicts and beats are quite familiar. The two women whom the guys end up with enter the story much too late. The first half consists of work, citizenship and girl chasing... for too long. Would be nice to see the girls enter sooner so their relationships can develop better. The second male lead's girl doesn't even emerge til very late.   The craft is capable but still developing. While there is a fairly clear act 2/3 break, there isn't much of a break from 1-2. A stronger structure with stronger turning points would help immensely.  There is certainly an original voice here. It's clearly a personal experience as much of the immigrant experience feels quite authentic. That said, there are some scenes that do not really further the plot nor flesh out the character... they seem to be there because they may have happened in real life.  The main Indian characters, while engaging, sound very much like standard rom-com guys, but from India. The second lead does have a brief fling with the ""black culture"" in Texas, leading to some humorous moments. This element could be exploited to mine additional humor. The remainder of the supporting players are fairly one dimensional. The main female love interest is the perfect woman; she could use another layer or two. The second female lead comes in so late, we barely see how she is such a good match for her Indian boyfriend. More for her too would help.  There is a freshness to this concept, but too much familiarity in the execution. At 120 pages, it is most certainly too long for the premise. The trims should come in the first half so we can get to the romances sooner. The tone is also an issue. It really feels like a straight drama/comedy (the third male lead dies)... where it really should skew more into comedy. Tons of fish out of water humor just sitting there to be taken advantage of.",""
