"Id","Name","ParentRoleId","RollupDescription","OpportunityAccessForAccountOwner","CaseAccessForAccountOwner","ContactAccessForAccountOwner","ForecastUserId","MayForecastManagerShare","LastModifiedDate","LastModifiedById","SystemModstamp","PortalAccountId","PortalType","PortalRole","PortalAccountOwnerId"
"00E0H000000bR4iUAE","Grand Hotels & Resorts Ltd Customer Executive","00Ei0000000zVnvEAE","Grand Hotels & Resorts Ltd Customer Executive","Edit","Edit","Edit","000000000000000AAA","0","2017-08-24 21:15:53","005i0000001YLcMAAW","2017-08-24 21:15:53","001i000000SmtjoAAB","CustomerPortal","Executive",""
"00E0H000000bR4jUAE","Grand Hotels & Resorts Ltd Customer Manager","00E0H000000bR4iUAE","Grand Hotels & Resorts Ltd Customer Manager","Edit","Edit","Edit","000000000000000AAA","0","2017-08-24 21:15:53","005i0000001YLcMAAW","2017-08-24 21:15:53","001i000000SmtjoAAB","CustomerPortal","Manager",""
"00E0H000000bR4kUAE","Grand Hotels & Resorts Ltd Customer User","00E0H000000bR4jUAE","Grand Hotels & Resorts Ltd Customer User","Edit","Edit","Edit","000000000000000AAA","0","2017-08-24 21:15:53","005i0000001YLcMAAW","2017-08-24 21:15:53","001i000000SmtjoAAB","CustomerPortal","Worker",""
"00E0H000001B1AGUA0","United Oil & Gas Corp. Customer Executive","00Ei0000000zVnvEAE","United Oil & Gas Corp. Customer Executive","Edit","Edit","Edit","000000000000000AAA","0","2017-08-23 13:54:02","005i0000001YLcMAAW","2017-08-23 13:54:02","001i000000SmtjrAAB","CustomerPortal","Executive",""
"00E0H000001B1AHUA0","United Oil & Gas Corp. Customer Manager","00E0H000001B1AGUA0","United Oil & Gas Corp. Customer Manager","Edit","Edit","Edit","000000000000000AAA","0","2017-08-23 13:54:02","005i0000001YLcMAAW","2017-08-23 13:54:02","001i000000SmtjrAAB","CustomerPortal","Manager",""
"00E0H000001B1AIUA0","United Oil & Gas Corp. Customer User","00E0H000001B1AHUA0","United Oil & Gas Corp. Customer User","Edit","Edit","Edit","000000000000000AAA","0","2017-08-23 13:54:02","005i0000001YLcMAAW","2017-08-23 13:54:02","001i000000SmtjrAAB","CustomerPortal","Worker",""
"00E0H000001B1ALUA0","Naya Account for Sfdc to Sfdc Customer Executive","00Ei0000000zVnvEAE","Naya Account for Sfdc to Sfdc Customer Executive","Edit","Edit","Edit","000000000000000AAA","0","2017-08-23 14:16:03","005i0000001YLcMAAW","2017-08-23 14:16:03","0010H00002GTg8IQAT","CustomerPortal","Executive",""
"00E0H000001B1AMUA0","Naya Account for Sfdc to Sfdc Customer Manager","00E0H000001B1ALUA0","Naya Account for Sfdc to Sfdc Customer Manager","Edit","Edit","Edit","000000000000000AAA","0","2017-08-23 14:16:03","005i0000001YLcMAAW","2017-08-23 14:16:03","0010H00002GTg8IQAT","CustomerPortal","Manager",""
"00E0H000001B1ANUA0","Naya Account for Sfdc to Sfdc Customer User","00E0H000001B1AMUA0","Naya Account for Sfdc to Sfdc Customer User","Edit","Edit","Edit","000000000000000AAA","0","2017-08-23 14:16:03","005i0000001YLcMAAW","2017-08-23 14:16:03","0010H00002GTg8IQAT","CustomerPortal","Worker",""
"00Ei0000000KBewEAG","Chief Sales Officer","00Ei0000000zVnvEAE","","Edit","Edit","Edit","000000000000000AAA","0","2016-01-07 21:45:46","005i0000001YLcMAAW","2017-05-13 23:27:05","","None","",""
"00Ei0000000KBf1EAG","Sales Strategy Manager","00Ei0000000KBewEAG","","Edit","Edit","Edit","000000000000000AAA","0","2016-01-07 21:46:26","005i0000001YLcMAAW","2016-01-07 22:35:27","","None","",""
"00Ei0000000KBfaEAG","Training Coordinator","00Ei0000000KBf1EAG","","Edit","Edit","Edit","000000000000000AAA","0","2016-01-07 22:37:36","005i0000001YLcMAAW","2017-05-13 23:27:05","","None","",""
"00Ei0000000zVnvEAE","CEO","000000000000000AAA","CEO","Edit","Edit","Edit","005i0000001YLcMAAW","0","2013-10-30 14:31:12","005i0000001YLcMAAW","2017-05-13 23:27:05","","None","",""
"00Ei0000000zVnwEAE","SVP, Sales & Marketing","00Ei0000000zVnvEAE","SVP, Sales & Marketing","Edit","Edit","Edit","000000000000000AAA","0","2013-10-30 14:31:12","005i0000001YLcMAAW","2017-05-13 23:27:05","","None","",""
"00Ei0000000zVnxEAE","VP, North American Sales","00Ei0000000zVnwEAE","VP, North American Sales","Edit","Edit","Edit","000000000000000AAA","0","2013-10-30 14:31:12","005i0000001YLcMAAW","2017-05-13 23:27:05","","None","",""
"00Ei0000000zVnyEAE","Director, Direct Sales","00Ei0000000zVnxEAE","Director, Direct Sales","Edit","Edit","Edit","000000000000000AAA","0","2013-10-30 14:31:12","005i0000001YLcMAAW","2017-05-13 23:27:05","","None","",""
"00Ei0000000zVnzEAE","VP, Marketing","00Ei0000000zVnwEAE","VP, Marketing","Edit","Edit","Edit","000000000000000AAA","0","2013-10-30 14:31:12","005i0000001YLcMAAW","2017-05-13 23:27:05","","None","",""
"00Ei0000000zVo0EAE","SVP, Customer Service & Support","00Ei0000000zVnvEAE","SVP, Customer Service & Support","Edit","Edit","Edit","000000000000000AAA","0","2013-10-30 14:31:12","005i0000001YLcMAAW","2017-05-13 23:27:05","","None","",""
"00Ei0000000zVo1EAE","Director, Channel Sales","00Ei0000000zVnxEAE","Director, Channel Sales","Edit","Edit","Edit","000000000000000AAA","0","2013-10-30 14:31:12","005i0000001YLcMAAW","2017-05-13 23:27:05","","None","",""
"00Ei0000000zVo2EAE","CFO","00Ei0000000zVnvEAE","CFO","Edit","Edit","Edit","000000000000000AAA","0","2013-10-30 14:31:12","005i0000001YLcMAAW","2017-05-13 23:27:05","","None","",""
"00Ei0000000zVo3EAE","Western Sales Team","00Ei0000000zVnyEAE","Western Sales Team","Edit","Edit","Edit","000000000000000AAA","0","2013-10-30 14:31:12","005i0000001YLcMAAW","2017-05-13 23:27:05","","None","",""
"00Ei0000000zVo4EAE","Customer Support, North America","00Ei0000000zVo0EAE","Customer Support, North America","Edit","Edit","Edit","000000000000000AAA","0","2013-10-30 14:31:12","005i0000001YLcMAAW","2017-05-13 23:27:05","","None","",""
"00Ei0000000zVo5EAE","Channel Sales Team","00Ei0000000zVo1EAE","Channel Sales Team","Edit","Edit","Edit","000000000000000AAA","0","2013-10-30 14:31:12","005i0000001YLcMAAW","2017-05-13 23:27:05","","None","",""
"00Ei0000000zVo6EAE","Marketing Team","00Ei0000000zVnzEAE","Marketing Team","Edit","Edit","Edit","000000000000000AAA","0","2013-10-30 14:31:12","005i0000001YLcMAAW","2017-05-13 23:27:05","","None","",""
"00Ei0000000zVo7EAE","Installation & Repair Services","00Ei0000000zVo0EAE","Installation & Repair Services","Edit","Edit","Edit","000000000000000AAA","0","2013-10-30 14:31:12","005i0000001YLcMAAW","2017-05-13 23:27:05","","None","",""
"00Ei0000000zVo8EAE","Eastern Sales Team","00Ei0000000zVnyEAE","Eastern Sales Team","Edit","Edit","Edit","000000000000000AAA","0","2013-10-30 14:31:12","005i0000001YLcMAAW","2017-05-13 23:27:05","","None","",""
"00Ei0000000zVo9EAE","Customer Support, International","00Ei0000000zVo0EAE","Customer Support, International","Edit","Edit","Edit","000000000000000AAA","0","2013-10-30 14:31:12","005i0000001YLcMAAW","2017-05-13 23:27:05","","None","",""
"00Ei0000000zVoAEAU","VP, International Sales","00Ei0000000zVnwEAE","VP, International Sales","Edit","Edit","Edit","000000000000000AAA","0","2013-10-30 14:31:12","005i0000001YLcMAAW","2017-05-13 23:27:05","","None","",""
"00Ei0000000zVoBEAU","SVP, Human Resources","00Ei0000000zVnvEAE","SVP, Human Resources","Edit","Edit","Edit","000000000000000AAA","0","2013-10-30 14:31:12","005i0000001YLcMAAW","2017-05-13 23:27:05","","None","",""
"00Ei0000000zVoCEAU","COO","00Ei0000000zVnvEAE","COO","Edit","Edit","Edit","000000000000000AAA","0","2013-10-30 14:31:12","005i0000001YLcMAAW","2017-05-13 23:27:05","","None","",""
"00Ei0000001WjnuEAC","GenePoint Customer Executive","00Ei0000000zVnvEAE","GenePoint Customer Executive","Edit","Edit","Edit","000000000000000AAA","0","2017-05-08 17:35:23","005i0000001YLcMAAW","2017-05-13 23:27:05","001i000000SmtjhAAB","CustomerPortal","Executive",""
"00Ei0000001WjnvEAC","GenePoint Customer Manager","00Ei0000001WjnuEAC","GenePoint Customer Manager","Edit","Edit","Edit","000000000000000AAA","0","2017-05-08 17:35:23","005i0000001YLcMAAW","2017-05-13 23:27:05","001i000000SmtjhAAB","CustomerPortal","Manager",""
"00Ei0000001WjnwEAC","GenePoint Customer User","00Ei0000001WjnvEAC","GenePoint Customer User","Edit","Edit","Edit","000000000000000AAA","0","2017-05-08 17:35:24","005i0000001YLcMAAW","2017-05-13 23:27:05","001i000000SmtjhAAB","CustomerPortal","Worker",""
