"Id","Username","FirstName","LastName","CompanyName","Division","Department","Title","Street","City","State","PostalCode","Country","Latitude","Longitude","GeocodeAccuracy","Email","SenderEmail","SenderName","Signature","StayInTouchSubject","StayInTouchSignature","StayInTouchNote","Phone","Fax","MobilePhone","Alias","CommunityNickname","IsActive","IsSystemControlled","TimeZoneSidKey","UserRoleId","LocaleSidKey","ReceivesInfoEmails","ReceivesAdminInfoEmails","EmailEncodingKey","ProfileId","UserType","UserSubtype","StartDay","EndDay","LanguageLocaleKey","EmployeeNumber","DelegatedApproverId","ManagerId","LastLoginDate","LastPasswordChangeDate","CreatedDate","CreatedById","LastModifiedDate","LastModifiedById","SystemModstamp","SuAccessExpirationDate","SuOrgAdminExpirationDate","OfflineTrialExpirationDate","WirelessTrialExpirationDate","OfflinePdaTrialExpirationDate","ForecastEnabled","ContactId","AccountId","CallCenterId","Extension","IsPortalSelfRegistered","FederationIdentifier","AboutMe","LoginLimit","ProfilePhotoId","DigestFrequency","DefaultGroupNotificationFrequency","WorkspaceId","SharingType","ChatterAdoptionStage","ChatterAdoptionStageModifiedDate","BannerPhotoId","IsProfilePhotoActive","My_Manager__c"
"0050H000008z2NNQAY","bond_john@grandhotels.com","John","Bond","","","Facilities","VP, Facilities","2334 N. Michigan Avenue, Suite 1500 Chicago, IL 60601, USA","Buffalo","NY","","","","","","bond_john@grandhotels.com","","","","","","","(312) 596-1000","(312) 596-1500","(312) 596-1563","jbond","bond_john","1","0","America/Chicago","00E0H000000bR4kUAE","en_US","1","1","ISO-8859-1","00ei0000000felVAAQ","PowerCustomerSuccess","","","","en_US","","000000000000000AAA","000000000000000AAA","","2017-08-24 21:15:53","2017-08-24 21:15:53","005i0000001YLcMAAW","2017-08-24 21:15:53","005i0000001YLcMAAW","2017-08-25 10:32:25","","","","","","0","003i000000PUSBSAA5","001i000000SmtjoAAB","","","0","","","","","N","N","000000000000000AAA","PowerCustomerSuccess","","","","0",""
"0050H000008zWeTQAU","033w0000000tsstaa0@00di0000000hpjfeau","","Release Manager","","","","","","","","","","","","","noreply@salesforce.com","","","","","","","","","","APP","033w0000000tsstaa01.5120661358408362E12","1","0","America/Los_Angeles","000000000000000AAA","en_US","0","0","ISO-8859-1","00ei0000001RYDEAA4","LicenseManager","","","","en_US","","000000000000000AAA","000000000000000AAA","","","2017-11-30 18:22:09","005i0000001YLcMAAW","2017-11-30 18:22:09","005i0000001YLcMAAW","2017-11-30 18:22:09","","","","","","0","000000000000000AAA","000000000000000AAA","","","0","","","","","N","N","000000000000000AAA","LicenseManager","","","","0",""
"0050H000009EXNgQAO","033400000004nafaau@00di0000000hpjfeau","","Change Control","","","","","","","","","","","","","noreply@salesforce.com","","","","","","","","","","APP","033400000004nafaau1.4977287571381729E12","1","0","America/Los_Angeles","000000000000000AAA","en_US","0","0","ISO-8859-1","00ei0000001RYDEAA4","LicenseManager","","6","23","en_US","","000000000000000AAA","000000000000000AAA","","","2017-06-17 19:45:52","005i0000001YLcMAAW","2017-11-30 18:06:39","005i0000001YLcMAAW","2017-11-30 18:06:39","","","","","","0","000000000000000AAA","000000000000000AAA","","","0","","","","","N","N","000000000000000AAA","LicenseManager","","","","0",""
"0050H000009Eb3bQAC","033o0000000iaguaa4@00di0000000hpjfeau","","Jitterbit Harmony","","","","","","","","","","","","","noreply@salesforce.com","","","","","","","","","","APP","033o0000000iaguaa41.499748047858268E12","0","0","America/Los_Angeles","000000000000000AAA","en_US","0","0","ISO-8859-1","00ei0000001RYDEAA4","LicenseManager","","6","23","en_US","","000000000000000AAA","000000000000000AAA","","","2017-07-11 04:40:40","005i0000001YLcMAAW","2017-07-26 19:58:49","005i0000001YLcMAAW","2017-07-26 19:58:49","","","","","","0","000000000000000AAA","000000000000000AAA","","","0","","","","","N","N","000000000000000AAA","LicenseManager","","","","0",""
"0050H000009EdgfQAC","partnernetwork@00di0000000hpjfeau.pnet","Connection","User","","","","","","","","","","","","","partnernetwork@00di0000000hpjfeau.pnet","","","","","","","","","","pnet","partnernetwork1.500497045376073E12","1","0","America/Chicago","000000000000000AAA","en_US","1","0","ISO-8859-1","00e0H000001lxh8QAA","PartnerNetwork","Sfdc","","","en_US","","000000000000000AAA","000000000000000AAA","","","2017-07-19 20:43:59","005i0000001YLcMAAW","2017-07-19 20:43:59","005i0000001YLcMAAW","2017-07-19 20:43:59","","","","","","0","000000000000000AAA","000000000000000AAA","","","0","","","","","N","N","000000000000000AAA","PartnerNetwork","","","","0",""
"0050H000009EjjNQAS","lboyle@uog.com","Lauren","Boyle","","","Technology","SVP, Technology","1304 Avenue of the Americas  New York, NY 10019 USA","","","","","","","","sanket_vaidya@hotmail.com","","","","","","","(212) 842-5500","(212) 842-5501","(212) 842-5611","lboyl","lboyle","1","0","America/Chicago","00E0H000001B1AIUA0","en_US","1","1","ISO-8859-1","00ei0000000felVAAQ","PowerCustomerSuccess","","6","23","en_US","","000000000000000AAA","000000000000000AAA","","2017-08-23 13:54:02","2017-08-23 13:54:02","005i0000001YLcMAAW","2017-08-23 13:54:25","005i0000001YLcMAAW","2017-09-11 10:30:56","","","","","","0","003i000000PUSBUAA5","001i000000SmtjrAAB","","","0","","","","","N","N","000000000000000AAA","PowerCustomerSuccess","","","","0",""
"0050H000009EjjSQAS","bwayne@mayhem.com","Bruce","Wayne","","","","","1101 Connect City Dr","Gotham","MD","20142","USA","","","","sanket_vaidya@hotmail.com","","","","","","","","","","bwayn","batter","1","0","America/Chicago","00E0H000001B1ANUA0","en_US","1","1","ISO-8859-1","00ei0000000felVAAQ","PowerCustomerSuccess","","","","en_US","","000000000000000AAA","000000000000000AAA","","2017-08-23 19:43:53","2017-08-23 14:16:03","005i0000001YLcMAAW","2017-08-23 14:16:03","005i0000001YLcMAAW","2017-09-11 10:30:56","","","","","","0","0030H00004lJeRTQA0","0010H00002GTg8IQAT","","","0","","","","","N","N","000000000000000AAA","PowerCustomerSuccess","","","","0",""
"005i0000001YLcMAAW","sanket_vaidya@hotmail.com","Sanket","V","Bank Of America","","","Developer","","Gotham","","75025","US","","","","sanket_vaidya@hotmail.com","","","","","","","","","","SV","sanket_vaidya1.3831434739361257E12","1","0","America/Los_Angeles","00Ei0000000zVnvEAE","en_US","1","1","ISO-8859-1","00ei0000001A0MoAAK","Standard","","6","23","en_US","","000000000000000AAA","000000000000000AAA","2018-05-09 18:01:07","2017-04-18 17:13:25","2013-10-30 14:31:12","005i0000001YLcMAAW","2018-03-15 19:31:31","005i0000001YLcMAAW","2018-04-22 10:30:51","","","","","","1","000000000000000AAA","000000000000000AAA","","","0","","What about us?","","","D","N","1dei0000002coiLAAQ","Standard","IU","2017-09-14 06:00:18","","0",""
"005i0000002B8LKAA0","sfdcadmin@00di0000000hpjfeau","Salesforce","Administrator","Bank Of America","","","","","","","75025","US","","","","sfdcadmin@00di0000000hpjfeau","","","","","","","","","","sfdcadmn","sfdcadmn","1","0","America/Los_Angeles","000000000000000AAA","en_US","1","0","ISO-8859-1","00ei0000001A0MpAAK","SfdcAdmin","","","","en_US","","000000000000000AAA","","","","2013-10-30 14:31:12","005i0000001YLcMAAW","2013-10-30 14:31:12","005i0000001YLcMAAW","2013-10-31 05:01:04","","","","","","0","000000000000000AAA","000000000000000AAA","","","0","","","","","D","N","","SfdcAdmin","NU","2013-10-31 05:01:04","","0",""
"005i0000002B8LLAA0","autoproc@00di0000000hpjfeau","Automated","Process","Bank Of America","","","","","","","75025","US","","","","autoproc@00di0000000hpjfeau","","","","","","","","","","autoproc","automatedprocess","1","0","America/Los_Angeles","000000000000000AAA","en_US","1","0","ISO-8859-1","00ei0000001A0MqAAK","AutomatedProcess","","","","en_US","","000000000000000AAA","","","","2013-10-30 14:31:12","005i0000002B8LKAA0","2013-10-30 14:31:12","005i0000002B8LKAA0","2015-08-22 03:25:52","","","","","","0","000000000000000AAA","000000000000000AAA","","","0","","","","","D","N","","AutomatedProcess","NU","2013-10-31 05:01:04","","0",""
"005i0000006JGumAAG","03330000001ig8maas@00di0000000hpjfeau","","Salesforce and Chatter Apps","","","","","","","","","","","","","noreply@salesforce.com","","","","","","","","","","APP","03330000001ig8maas1.454639286932751E12","1","0","America/Los_Angeles","000000000000000AAA","en_US","1","0","ISO-8859-1","00ei0000001RYDEAA4","LicenseManager","","6","23","en_US","","000000000000000AAA","000000000000000AAA","","","2016-02-05 02:28:01","005i0000002B8LLAA0","2017-12-04 04:36:44","005i0000002B8LLAA0","2017-12-04 04:36:44","","","","","","0","000000000000000AAA","000000000000000AAA","","","0","","","","","N","N","000000000000000AAA","LicenseManager","","","","0",""
"005i0000007MBZqAAO","test@sanketv.com","Pedro","Rodriguez","","","","","","","","75025","United States","","","","sthor@quietman.com","","","","","","","","","","pedro","pedro","0","0","America/Chicago","000000000000000AAA","en_US","1","1","ISO-8859-1","00ei0000001A0MyAAK","Standard","","6","23","en_US","","000000000000000AAA","000000000000000AAA","","2016-01-07 19:50:52","2016-01-07 19:50:50","005i0000001YLcMAAW","2016-08-25 15:25:49","005i0000007VZkZAAW","2016-09-24 11:01:13","","","","","","0","000000000000000AAA","000000000000000AAA","","","0","","","","","D","N","000000000000000AAA","Standard","","","","0",""
"005i0000007MU35AAG","03330000000wdabaam@00di0000000hpjfeau","","Salesforce Connected Apps","","","","","","","","","","","","","noreply@salesforce.com","","","","","","","","","","APP","03330000000wdabaam1.452721816859423E12","1","0","America/Los_Angeles","000000000000000AAA","en_US","1","0","ISO-8859-1","00ei0000001RYDEAA4","LicenseManager","","","","en_US","","000000000000000AAA","000000000000000AAA","","","2016-01-13 21:50:15","005i0000002B8LLAA0","2016-01-13 21:50:15","005i0000002B8LLAA0","2016-01-13 21:50:15","","","","","","0","000000000000000AAA","000000000000000AAA","","","0","","","","","N","N","000000000000000AAA","LicenseManager","","","","0",""
"005i0000007VZkZAAW","test1@sanketv.com","Jose","Hernandez","","","","","","","","","","","","","sanket.vaidya@hilltopsecurities.com","","","","","","","","","","Jose","Jose","1","0","America/Chicago","00Ei0000000zVo2EAE","en_US","1","1","ISO-8859-1","00ei0000001iCBfAAM","Standard","","6","23","en_US","","000000000000000AAA","000000000000000AAA","2017-09-13 18:57:47","2017-09-13 18:57:53","2016-08-19 18:23:42","005i0000001YLcMAAW","2017-09-13 18:56:09","005i0000007VZkZAAW","2017-09-14 10:32:43","","","","","","0","000000000000000AAA","000000000000000AAA","","","0","","","","","D","N","1dei0000002QPhJAAW","Standard","IU","2017-09-14 06:00:18","","0",""
"005i0000008s57yAAA","efrank@genepoint.com","Edna","Frank","","","Technology","VP, Technology","345 Shoreline Park Mountain View, CA 94043 USA","","","","","","","","efrank@genepoint.com","","","","","","","(650) 867-3450","(650) 867-9895","(650) 867-7686","efran","efrank","1","0","America/Chicago","00Ei0000001WjnwEAC","en_US","1","1","ISO-8859-1","00ei0000000felVAAQ","PowerCustomerSuccess","","","","en_US","","000000000000000AAA","000000000000000AAA","","2017-05-08 17:35:25","2017-05-08 17:35:24","005i0000001YLcMAAW","2017-05-08 17:35:24","005i0000001YLcMAAW","2017-08-26 10:32:16","","","","","","0","003i000000PUSBcAAP","001i000000SmtjhAAB","","","0","","","","","N","N","000000000000000AAA","PowerCustomerSuccess","","","","0",""
"005i0000008s58IAAQ","cloud_kicks@plano1-developer-edition.na15.force.com","Cloud Kicks","Site Guest User","","","","","","","","","","","","","sanket_vaidya@hotmail.com","","","","","","","","","","guest","Cloud_Kicks","1","0","GMT","000000000000000AAA","en_US","1","0","ISO-8859-1","00ei0000001iDWzAAM","Guest","","","","en_US","","000000000000000AAA","000000000000000AAA","","","2017-05-08 17:40:53","005i0000001YLcMAAW","2017-05-08 17:40:53","005i0000001YLcMAAW","2017-05-08 17:40:53","2100-12-31 00:00:00","","","","","0","000000000000000AAA","000000000000000AAA","","","0","","","","","N","N","000000000000000AAA","Guest","","","","0",""
