"Id","OwnerId","IsDeleted","Name","CreatedDate","CreatedById","LastModifiedDate","LastModifiedById","SystemModstamp","LastActivityDate"
"a0Di000000caXZvEAM","005i0000001YLcMAAW","0","Heroku Demo","2016-02-04 21:01:29","005i0000001YLcMAAW","2016-02-04 21:01:29","005i0000001YLcMAAW","2016-02-04 21:01:29",""
"a0Di000000caXa0EAE","005i0000001YLcMAAW","0","Mini Hacks","2016-02-04 21:01:38","005i0000001YLcMAAW","2016-02-04 21:01:38","005i0000001YLcMAAW","2016-02-04 21:01:38",""
"a0Di000000caXa5EAE","005i0000001YLcMAAW","0","Quick Starts","2016-02-04 21:01:45","005i0000001YLcMAAW","2016-02-04 21:01:45","005i0000001YLcMAAW","2016-02-04 21:01:45",""
"a0Di000000caXhaEAE","005i0000001YLcMAAW","0","Internet of things","2016-02-04 21:15:54","005i0000001YLcMAAW","2016-02-04 21:15:54","005i0000001YLcMAAW","2016-02-04 21:15:54",""
"a0Di000000rwiSZEAY","005i0000001YLcMAAW","0","What is this?","2016-07-29 22:58:07","005i0000001YLcMAAW","2016-07-29 22:58:07","005i0000001YLcMAAW","2016-08-06 00:55:57",""
